amount,claim_type,days_since_policy_start,has_witnesses,prior_claims_count,description,is_fraud
2452.14,AUTO,784,1,0,Front-end collision when the other driver ran a red light at Oak Ave; police report filed.,0
639.07,HEALTH,337,1,1,"Kitchen fire started from an unattended pan, contained by smoke detector and extinguisher.",0
3829.35,HEALTH,491,1,2,"Pipe burst in basement; water damage to flooring and stored items, plumber invoice attached.",0
4631.17,HEALTH,136,1,3,"Side-swipe accident on highway; dashcam footage available, other driver's insurance contacted.",0
256.97,AUTO,75,1,1,"Deer collision on the highway near exit 28; airbag deployed, vehicle towed.",0
491.68,HEALTH,190,1,2,Lightning strike damaged HVAC unit on April 3; technician assessment attached.,0
2054.61,AUTO,566,0,0,"Side-swipe accident on highway; dashcam footage available, other driver's insurance contacted.",0
1317.85,PROPERTY,246,0,0,"Burglary while on vacation; entry through the back window, electronics and jewellery taken, police report #PR-70913.",0
1777.92,LIFE,347,1,3,Tree branch fell during the storm on June 24 and dented the roof above the garage.,0
770.44,AUTO,453,0,0,"Bicycle accident; broken collarbone, treated at St. Luke's, X-rays and follow-up scheduled.",0
4356.39,AUTO,437,1,1,"Slipped on icy steps at the front entrance; sprained ankle, ER visit at St. Luke's.",0
3935.49,AUTO,17,1,0,"Burglary while on vacation; entry through the back window, electronics and jewellery taken, police report #PR-55656.",0
1931.46,HEALTH,176,1,0,Tree branch fell during the storm on April 3 and dented the roof above the garage.,0
5581.66,PROPERTY,1425,0,0,"Kitchen fire started from an unattended pan, contained by smoke detector and extinguisher.",0
2885.66,HEALTH,1002,1,0,Backyard fence damaged by neighbour's tree falling during high winds on August 11.,0
765.64,AUTO,186,0,1,"Vehicle disappeared from parking lot, no security camera footage.",1
2614.3,AUTO,426,1,1,"Vehicle stolen, no GPS data, no security footage available.",1
693.06,AUTO,575,1,1,Tree branch fell during the storm on May 18 and dented the roof above the garage.,0
4352.26,PROPERTY,1358,1,1,Rear-end collision at the intersection of Elm Blvd and Walnut Rd; minor whiplash and bumper damage.,0
1719.99,HEALTH,1319,1,0,"Side-swipe accident on highway; dashcam footage available, other driver's insurance contacted.",0
1502.88,HEALTH,1155,1,0,"Bicycle accident; broken collarbone, treated at St. Luke's, X-rays and follow-up scheduled.",0
915.13,AUTO,160,0,0,Tree branch fell during the storm on August 11 and dented the roof above the garage.,0
6139.76,PROPERTY,736,0,0,"House contents destroyed, fire of unknown origin, no smoke alarm activated.",0
1549.16,AUTO,725,1,0,Tree branch fell during the storm on August 11 and dented the roof above the garage.,0
1178.12,PROPERTY,956,1,0,Tree branch fell during the storm on March 12 and dented the roof above the garage.,0
1271.39,PROPERTY,1267,0,1,Hailstorm on August 11 caused dents on the hood and cracked the windshield.,0
3078.84,HEALTH,482,0,0,Backyard fence damaged by neighbour's tree falling during high winds on April 3.,0
2605.67,PROPERTY,835,0,0,Water damage in the kitchen ceiling from a burst pipe in the upstairs bathroom on June 24.,0
2731.85,AUTO,396,1,0,"Kitchen fire started from an unattended pan, contained by smoke detector and extinguisher.",0
2781.71,HEALTH,316,0,0,"Lost expensive jewellery, no receipt, not sure when.",1
15392.68,AUTO,470,1,1,"Deer collision on the highway near exit 84; airbag deployed, vehicle towed.",0
1204.22,HEALTH,1103,0,0,Rear-end collision at the intersection of Main St and Walnut Rd; minor whiplash and bumper damage.,0
1083.29,AUTO,657,1,0,"Pipe burst in basement; water damage to flooring and stored items, plumber invoice attached.",0
801.29,AUTO,1022,0,0,"Bicycle accident; broken collarbone, treated at City General, X-rays and follow-up scheduled.",0
3347.53,AUTO,1037,1,1,Front-end collision when the other driver ran a red light at 5th Ave; police report filed.,0
5591.33,AUTO,543,0,1,Hailstorm on May 18 caused dents on the hood and cracked the windshield.,0
1613.32,HEALTH,1432,1,1,"Bicycle accident; broken collarbone, treated at City General, X-rays and follow-up scheduled.",0
780.43,HEALTH,70,1,1,"Pipe burst in basement; water damage to flooring and stored items, plumber invoice attached.",0
792.76,AUTO,1345,0,0,Hailstorm on August 11 caused dents on the hood and cracked the windshield.,0
3465.43,LIFE,12,1,1,Water damage in the kitchen ceiling from a burst pipe in the upstairs bathroom on March 12.,0
3801.89,PROPERTY,574,0,0,Water damage in the kitchen ceiling from a burst pipe in the upstairs bathroom on March 12.,0
3112.42,AUTO,1238,1,0,Lightning strike damaged HVAC unit on April 3; technician assessment attached.,0
929.35,HEALTH,1026,1,0,Rear-end collision at the intersection of Pine Rd and Cedar Lane; minor whiplash and bumper damage.,0
2280.53,HEALTH,483,0,1,"Minor parking lot collision at Home Depot; both drivers exchanged details, insurance info noted.",0
2031.82,PROPERTY,1328,1,0,"Slipped on icy steps at the front entrance; sprained ankle, ER visit at City General.",0
2250.01,AUTO,207,0,0,"Sudden mechanical failure, vehicle written off, no third party.",1
4321.81,PROPERTY,1006,1,1,Lightning strike damaged HVAC unit on May 18; technician assessment attached.,0
2261.07,AUTO,778,1,0,Rear-end collision at the intersection of Main St and Cedar Lane; minor whiplash and bumper damage.,0
3564.98,AUTO,311,1,1,Front-end collision when the other driver ran a red light at Elm Blvd; police report filed.,0
1934.45,PROPERTY,1381,0,1,Rear-end collision at the intersection of Elm Blvd and Cedar Lane; minor whiplash and bumper damage.,0
2414.19,HEALTH,1148,1,0,Hailstorm on June 24 caused dents on the hood and cracked the windshield.,0
3399.18,PROPERTY,13,0,2,"Property damage but no witnesses, claim is for full replacement value.",0
421.09,AUTO,131,1,0,"Burglary while on vacation; entry through the back window, electronics and jewellery taken, police report #PR-61765.",0
1313.34,AUTO,85,0,1,Lightning strike damaged HVAC unit on August 11; technician assessment attached.,0
1129.61,AUTO,623,0,0,Hailstorm on June 24 caused dents on the hood and cracked the windshield.,0
954.44,AUTO,626,0,0,Front-end collision when the other driver ran a red light at 5th Ave; police report filed.,0
1373.14,AUTO,1086,1,2,Front-end collision when the other driver ran a red light at Oak Ave; police report filed.,0
8062.2,HEALTH,1014,0,0,"Kitchen fire started from an unattended pan, contained by smoke detector and extinguisher.",0
760.65,HEALTH,23,1,1,"Total loss, no documentation available.",1
4761.31,HEALTH,714,1,1,"Vehicle disappeared from parking lot, no security camera footage.",1
336.01,AUTO,1177,0,0,Front-end collision when the other driver ran a red light at Elm Blvd; police report filed.,0
1293.51,AUTO,1346,0,0,"Items missing after recent move, exact value uncertain.",0
2127.61,HEALTH,438,0,0,Rear-end collision at the intersection of 5th Ave and Birch St; minor whiplash and bumper damage.,0
3249.39,AUTO,67,0,0,Backyard fence damaged by neighbour's tree falling during high winds on June 24.,0
3682.06,PROPERTY,230,1,1,"Items stolen, no witnesses, cash and electronics gone.",1
3997.19,AUTO,510,1,1,"Pipe burst in basement; water damage to flooring and stored items, plumber invoice attached.",0
1275.73,HEALTH,665,0,0,Backyard fence damaged by neighbour's tree falling during high winds on June 24.,0
1138.71,PROPERTY,527,0,1,"Minor parking lot collision at Home Depot; both drivers exchanged details, insurance info noted.",0
4264.06,HEALTH,136,1,2,"Side-swipe accident on highway; dashcam footage available, other driver's insurance contacted.",0
1493.23,HEALTH,510,0,0,"Pipe burst in basement; water damage to flooring and stored items, plumber invoice attached.",0
504.88,HEALTH,435,1,0,"Pipe burst in basement; water damage to flooring and stored items, plumber invoice attached.",0
582.14,AUTO,732,1,1,Hailstorm on July 5 caused dents on the hood and cracked the windshield.,0
720.93,HEALTH,119,0,2,"Vehicle disappeared from parking lot, no security camera footage.",0
2972.51,PROPERTY,1186,1,1,Lightning strike damaged HVAC unit on March 12; technician assessment attached.,0
2084.79,LIFE,626,1,0,"Pipe burst in basement; water damage to flooring and stored items, plumber invoice attached.",0
3606.47,HEALTH,477,1,0,Backyard fence damaged by neighbour's tree falling during high winds on April 3.,0
1179.38,AUTO,1359,1,1,"Deer collision on the highway near exit 170; airbag deployed, vehicle towed.",0
2118.66,PROPERTY,1116,1,1,"Minor parking lot collision at Target; both drivers exchanged details, insurance info noted.",0
3379.86,HEALTH,206,1,1,Hailstorm on March 12 caused dents on the hood and cracked the windshield.,0
1326.97,AUTO,220,1,1,"Bicycle accident; broken collarbone, treated at City General, X-rays and follow-up scheduled.",0
2854.85,AUTO,4,1,0,"Broken items, unwitnessed accident at home.",1
932.69,AUTO,841,1,0,"Pipe burst in basement; water damage to flooring and stored items, plumber invoice attached.",0
1257.58,HEALTH,532,1,0,Tree branch fell during the storm on March 12 and dented the roof above the garage.,0
1234.3,AUTO,563,0,1,"Pipe burst in basement; water damage to flooring and stored items, plumber invoice attached.",1
546.84,AUTO,764,1,0,Front-end collision when the other driver ran a red light at Pine Rd; police report filed.,0
2942.38,AUTO,809,0,1,Water damage in the kitchen ceiling from a burst pipe in the upstairs bathroom on June 24.,0
1130.71,PROPERTY,2,0,1,"Minor parking lot collision at Home Depot; both drivers exchanged details, insurance info noted.",0
1830.77,AUTO,162,0,0,"Kitchen fire started from an unattended pan, contained by smoke detector and extinguisher.",0
2924.11,AUTO,1183,0,1,Water damage in the kitchen ceiling from a burst pipe in the upstairs bathroom on June 24.,0
2825.76,HEALTH,1430,1,1,"Broken items, unwitnessed accident at home.",1
3517.08,AUTO,1255,0,0,Hailstorm on July 5 caused dents on the hood and cracked the windshield.,0
1638.46,LIFE,1359,1,0,Front-end collision when the other driver ran a red light at Oak Ave; police report filed.,0
1184.06,PROPERTY,695,1,0,"Deer collision on the highway near exit 184; airbag deployed, vehicle towed.",0
1669.5,HEALTH,1239,0,0,Hailstorm on June 24 caused dents on the hood and cracked the windshield.,0
334.51,HEALTH,1323,0,0,"Property damage but no witnesses, claim is for full replacement value.",0
425.34,AUTO,1339,1,0,"Bicycle accident; broken collarbone, treated at St. Luke's, X-rays and follow-up scheduled.",0
481.69,AUTO,224,1,1,Lightning strike damaged HVAC unit on March 12; technician assessment attached.,0
666.98,AUTO,220,0,1,Backyard fence damaged by neighbour's tree falling during high winds on April 3.,1
2696.67,AUTO,604,0,1,"Vehicle stolen, no GPS data, no security footage available.",1
731.08,AUTO,756,0,0,Hailstorm on August 11 caused dents on the hood and cracked the windshield.,0
1238.72,HEALTH,1437,0,0,"Slipped on icy steps at the front entrance; sprained ankle, ER visit at St. Luke's.",0
6629.13,AUTO,477,0,0,Hailstorm on March 12 caused dents on the hood and cracked the windshield.,0
1266.15,AUTO,1247,1,0,"Side-swipe accident on highway; dashcam footage available, other driver's insurance contacted.",0
3780.14,HEALTH,1331,0,0,"Kitchen fire started from an unattended pan, contained by smoke detector and extinguisher.",0
710.79,HEALTH,1447,0,1,Tree branch fell during the storm on July 5 and dented the roof above the garage.,0
1472.27,AUTO,284,1,1,"Burglary while on vacation; entry through the back window, electronics and jewellery taken, police report #PR-86167.",0
699.23,AUTO,363,1,0,Rear-end collision at the intersection of 5th Ave and Maple Ave; minor whiplash and bumper damage.,0
1288.16,AUTO,330,1,0,"Bicycle accident; broken collarbone, treated at St. Luke's, X-rays and follow-up scheduled.",0
4189.38,AUTO,1103,1,0,Hailstorm on March 12 caused dents on the hood and cracked the windshield.,0
321.4,PROPERTY,1030,1,1,"Pipe burst in basement; water damage to flooring and stored items, plumber invoice attached.",0
2791.75,PROPERTY,611,0,1,Backyard fence damaged by neighbour's tree falling during high winds on June 24.,0
2293.27,HEALTH,134,0,0,"Bicycle accident; broken collarbone, treated at City General, X-rays and follow-up scheduled.",0
998.1,HEALTH,781,1,0,Lightning strike damaged HVAC unit on May 18; technician assessment attached.,0
425.79,PROPERTY,1098,1,1,"Deer collision on the highway near exit 96; airbag deployed, vehicle towed.",0
1943.27,HEALTH,712,1,1,Water damage in the kitchen ceiling from a burst pipe in the upstairs bathroom on March 12.,0
1064.76,AUTO,402,0,0,Tree branch fell during the storm on March 12 and dented the roof above the garage.,0
2281.7,AUTO,888,1,1,"Broken items, unwitnessed accident at home.",0
1847.99,HEALTH,991,0,1,"Burglary while on vacation; entry through the back window, electronics and jewellery taken, police report #PR-71376.",0
8971.24,HEALTH,887,1,1,"Pipe burst in basement; water damage to flooring and stored items, plumber invoice attached.",0
1423.17,AUTO,1309,1,1,"Minor parking lot collision at Target; both drivers exchanged details, insurance info noted.",0
649.69,AUTO,471,0,1,Backyard fence damaged by neighbour's tree falling during high winds on May 18.,0
2163.05,AUTO,914,0,2,"Slipped on icy steps at the front entrance; sprained ankle, ER visit at City General.",0
2252.95,AUTO,1282,1,0,"Kitchen fire started from an unattended pan, contained by smoke detector and extinguisher.",0
7038.76,HEALTH,319,1,0,"Deer collision on the highway near exit 79; airbag deployed, vehicle towed.",0
4167.67,HEALTH,423,0,1,Water damage in the kitchen ceiling from a burst pipe in the upstairs bathroom on March 12.,0
2583.42,HEALTH,74,1,1,"Side-swipe accident on highway; dashcam footage available, other driver's insurance contacted.",0
7811.11,AUTO,563,0,0,"Bicycle accident; broken collarbone, treated at Riverside Medical, X-rays and follow-up scheduled.",0
550.73,AUTO,67,1,0,Backyard fence damaged by neighbour's tree falling during high winds on August 11.,0
953.6,PROPERTY,1119,0,1,Tree branch fell during the storm on May 18 and dented the roof above the garage.,0
715.82,HEALTH,134,1,0,"Burglary while on vacation; entry through the back window, electronics and jewellery taken, police report #PR-68000.",0
1224.38,AUTO,1038,0,1,Hailstorm on August 11 caused dents on the hood and cracked the windshield.,0
456.37,AUTO,870,1,1,Water damage in the kitchen ceiling from a burst pipe in the upstairs bathroom on August 11.,0
3412.33,PROPERTY,1481,0,0,"Property damage but no witnesses, claim is for full replacement value.",1
1447.77,PROPERTY,522,1,0,"Minor parking lot collision at Target; both drivers exchanged details, insurance info noted.",0
415.38,PROPERTY,517,1,0,"Side-swipe accident on highway; dashcam footage available, other driver's insurance contacted.",0
654.86,HEALTH,365,0,1,"Deer collision on the highway near exit 183; airbag deployed, vehicle towed.",0
2473.81,HEALTH,806,0,0,"Sudden mechanical failure, vehicle written off, no third party.",1
4180.25,HEALTH,329,0,0,Tree branch fell during the storm on March 12 and dented the roof above the garage.,0
13316.12,AUTO,170,1,1,"Bicycle accident; broken collarbone, treated at City General, X-rays and follow-up scheduled.",0
33318.31,HEALTH,1422,1,0,"Kitchen fire started from an unattended pan, contained by smoke detector and extinguisher.",0
2736.43,HEALTH,1019,1,0,Tree branch fell during the storm on May 18 and dented the roof above the garage.,0
672.14,AUTO,179,1,0,"Slipped on icy steps at the front entrance; sprained ankle, ER visit at City General.",0
214.42,PROPERTY,927,1,1,"Slipped on icy steps at the front entrance; sprained ankle, ER visit at Riverside Medical.",0
2363.06,AUTO,457,1,0,Backyard fence damaged by neighbour's tree falling during high winds on June 24.,0
801.96,AUTO,270,0,1,"Minor parking lot collision at Walmart; both drivers exchanged details, insurance info noted.",0
1193.5,AUTO,707,0,1,Hailstorm on July 5 caused dents on the hood and cracked the windshield.,0
980.34,PROPERTY,1181,0,1,"Items stolen, no witnesses, cash and electronics gone.",0
1570.59,PROPERTY,1,1,0,Tree branch fell during the storm on July 5 and dented the roof above the garage.,0
5249.98,HEALTH,533,0,0,"Pipe burst in basement; water damage to flooring and stored items, plumber invoice attached.",0
2115.5,LIFE,1381,1,0,"Slipped on icy steps at the front entrance; sprained ankle, ER visit at Riverside Medical.",0
1542.82,PROPERTY,592,0,1,"Kitchen fire started from an unattended pan, contained by smoke detector and extinguisher.",0
641.84,PROPERTY,149,1,0,Hailstorm on June 24 caused dents on the hood and cracked the windshield.,0
338.77,PROPERTY,643,0,1,"Minor parking lot collision at Walmart; both drivers exchanged details, insurance info noted.",0
1111.75,AUTO,1024,1,1,"Cash and gold coins stolen from home safe, exact amounts approximate.",1
1713.37,PROPERTY,1494,0,0,"Side-swipe accident on highway; dashcam footage available, other driver's insurance contacted.",0
10592.8,HEALTH,943,0,2,Front-end collision when the other driver ran a red light at Main St; police report filed.,1
2059.62,PROPERTY,76,0,0,"Slipped on icy steps at the front entrance; sprained ankle, ER visit at Riverside Medical.",0
4830.67,AUTO,1213,1,0,Backyard fence damaged by neighbour's tree falling during high winds on May 18.,0
1097.41,PROPERTY,1170,1,1,Rear-end collision at the intersection of Main St and Maple Ave; minor whiplash and bumper damage.,0
552.83,LIFE,977,0,0,Rear-end collision at the intersection of Elm Blvd and Maple Ave; minor whiplash and bumper damage.,0
688.75,AUTO,1344,1,0,"Deer collision on the highway near exit 130; airbag deployed, vehicle towed.",0
875.48,LIFE,1154,1,1,"Pipe burst in basement; water damage to flooring and stored items, plumber invoice attached.",0
15191.17,AUTO,349,1,2,Rear-end collision at the intersection of Main St and Cedar Lane; minor whiplash and bumper damage.,0
795.22,AUTO,632,1,0,"Kitchen fire started from an unattended pan, contained by smoke detector and extinguisher.",0
4181.77,AUTO,761,0,0,"Sudden mechanical failure, vehicle written off, no third party.",0
732.95,PROPERTY,733,1,0,"Slipped on icy steps at the front entrance; sprained ankle, ER visit at St. Luke's.",0
4589.71,HEALTH,958,1,0,Tree branch fell during the storm on June 24 and dented the roof above the garage.,0
2656.99,AUTO,1052,1,1,Backyard fence damaged by neighbour's tree falling during high winds on June 24.,0
1545.9,HEALTH,156,0,0,"Burglary while on vacation; entry through the back window, electronics and jewellery taken, police report #PR-39444.",0
1735.82,AUTO,853,1,0,Backyard fence damaged by neighbour's tree falling during high winds on July 5.,0
939.37,HEALTH,59,0,0,"Items missing after recent move, exact value uncertain.",1
2824.46,PROPERTY,767,1,0,"Minor parking lot collision at Home Depot; both drivers exchanged details, insurance info noted.",0
1147.13,HEALTH,633,0,0,"Sudden mechanical failure, vehicle written off, no third party.",1
530.8,PROPERTY,309,0,0,Rear-end collision at the intersection of Main St and Cedar Lane; minor whiplash and bumper damage.,0
503.74,HEALTH,1486,1,0,Lightning strike damaged HVAC unit on May 18; technician assessment attached.,0
2148.63,LIFE,387,1,1,"Minor parking lot collision at Costco; both drivers exchanged details, insurance info noted.",0
8769.99,AUTO,85,0,1,Backyard fence damaged by neighbour's tree falling during high winds on June 24.,0
2121.74,AUTO,538,1,0,"Pipe burst in basement; water damage to flooring and stored items, plumber invoice attached.",0
1605.77,AUTO,1136,1,0,Tree branch fell during the storm on May 18 and dented the roof above the garage.,0
2406.25,HEALTH,14,1,1,Water damage in the kitchen ceiling from a burst pipe in the upstairs bathroom on April 3.,0
6674.18,HEALTH,739,1,0,Front-end collision when the other driver ran a red light at Main St; police report filed.,0
2251.57,PROPERTY,626,0,2,"Vehicle disappeared from parking lot, no security camera footage.",1
1198.8,AUTO,1298,0,1,Lightning strike damaged HVAC unit on August 11; technician assessment attached.,0
5465.93,AUTO,5,1,0,"Side-swipe accident on highway; dashcam footage available, other driver's insurance contacted.",0
2775.97,HEALTH,26,0,0,"Vehicle disappeared from parking lot, no security camera footage.",1
8398.06,LIFE,847,1,1,Water damage in the kitchen ceiling from a burst pipe in the upstairs bathroom on April 3.,0
2171.63,AUTO,269,1,1,"Burglary while on vacation; entry through the back window, electronics and jewellery taken, police report #PR-32401.",0
531.41,AUTO,1056,1,1,"Burglary while on vacation; entry through the back window, electronics and jewellery taken, police report #PR-96585.",1
460.28,AUTO,417,0,2,"Slipped on icy steps at the front entrance; sprained ankle, ER visit at St. Luke's.",0
9423.18,HEALTH,843,1,1,Rear-end collision at the intersection of Elm Blvd and Walnut Rd; minor whiplash and bumper damage.,0
10134.15,AUTO,57,1,1,Water damage in the kitchen ceiling from a burst pipe in the upstairs bathroom on March 12.,0
1510.93,AUTO,1040,0,0,"Side-swipe accident on highway; dashcam footage available, other driver's insurance contacted.",0
1232.52,HEALTH,777,0,0,Front-end collision when the other driver ran a red light at 5th Ave; police report filed.,0
7796.61,AUTO,1,0,0,"Lost expensive jewellery, no receipt, not sure when.",1
597.62,AUTO,399,0,0,"Slipped on icy steps at the front entrance; sprained ankle, ER visit at City General.",0
738.98,AUTO,90,1,0,"Property damage but no witnesses, claim is for full replacement value.",0
3440.34,PROPERTY,68,1,0,"Pipe burst in basement; water damage to flooring and stored items, plumber invoice attached.",0
1218.52,HEALTH,1047,0,2,Rear-end collision at the intersection of 5th Ave and Walnut Rd; minor whiplash and bumper damage.,0
1798.81,AUTO,642,1,1,Front-end collision when the other driver ran a red light at Elm Blvd; police report filed.,0
1535.42,AUTO,1204,0,0,"Items missing after recent move, exact value uncertain.",1
2534.05,HEALTH,387,0,1,"Slipped on icy steps at the front entrance; sprained ankle, ER visit at City General.",0
7387.04,PROPERTY,1076,0,1,"Bicycle accident; broken collarbone, treated at City General, X-rays and follow-up scheduled.",0
1979.47,AUTO,923,1,0,Rear-end collision at the intersection of Oak Ave and Maple Ave; minor whiplash and bumper damage.,0
3442.45,AUTO,994,1,0,"Side-swipe accident on highway; dashcam footage available, other driver's insurance contacted.",0
232.72,AUTO,1242,1,1,Front-end collision when the other driver ran a red light at 5th Ave; police report filed.,0
1722.07,HEALTH,1061,1,0,"Fire damage, unknown cause, total loss.",0
778.03,PROPERTY,1118,0,0,"Burglary while on vacation; entry through the back window, electronics and jewellery taken, police report #PR-30808.",0
534.42,HEALTH,1109,1,1,Rear-end collision at the intersection of Oak Ave and Maple Ave; minor whiplash and bumper damage.,0
751.33,AUTO,671,0,1,"Burglary while on vacation; entry through the back window, electronics and jewellery taken, police report #PR-99439.",0
1294.5,PROPERTY,1086,0,0,"Deer collision on the highway near exit 70; airbag deployed, vehicle towed.",0
4518.35,PROPERTY,1263,1,0,Tree branch fell during the storm on July 5 and dented the roof above the garage.,0
479.91,AUTO,1107,0,0,Backyard fence damaged by neighbour's tree falling during high winds on March 12.,0
1864.28,AUTO,911,0,1,Backyard fence damaged by neighbour's tree falling during high winds on June 24.,0
1114.13,AUTO,111,0,0,"Kitchen fire started from an unattended pan, contained by smoke detector and extinguisher.",0
1302.87,PROPERTY,655,0,0,"Items missing after recent move, exact value uncertain.",0
4928.34,HEALTH,95,1,0,"Pipe burst in basement; water damage to flooring and stored items, plumber invoice attached.",0
3096.77,HEALTH,156,0,3,Lightning strike damaged HVAC unit on March 12; technician assessment attached.,0
6887.05,PROPERTY,542,1,0,Hailstorm on July 5 caused dents on the hood and cracked the windshield.,0
1549.2,AUTO,696,1,1,Front-end collision when the other driver ran a red light at 5th Ave; police report filed.,0
901.5,AUTO,791,1,2,"Side-swipe accident on highway; dashcam footage available, other driver's insurance contacted.",0
1445.4,AUTO,1350,1,1,"Pipe burst in basement; water damage to flooring and stored items, plumber invoice attached.",0
2304.22,PROPERTY,1144,1,1,Front-end collision when the other driver ran a red light at 5th Ave; police report filed.,0
2157.22,HEALTH,634,0,1,Rear-end collision at the intersection of Main St and Maple Ave; minor whiplash and bumper damage.,0
611.31,AUTO,502,0,2,Front-end collision when the other driver ran a red light at Elm Blvd; police report filed.,0
1979.28,AUTO,1069,1,0,"Kitchen fire started from an unattended pan, contained by smoke detector and extinguisher.",0
2271.57,PROPERTY,413,1,0,"Pipe burst in basement; water damage to flooring and stored items, plumber invoice attached.",0
22414.74,PROPERTY,1325,1,1,Water damage in the kitchen ceiling from a burst pipe in the upstairs bathroom on July 5.,0
11811.69,HEALTH,1172,0,0,Lightning strike damaged HVAC unit on July 5; technician assessment attached.,0
770.28,AUTO,1024,1,3,Lightning strike damaged HVAC unit on August 11; technician assessment attached.,0
1356.44,PROPERTY,374,1,2,"Deer collision on the highway near exit 109; airbag deployed, vehicle towed.",0
418.45,PROPERTY,932,1,1,Rear-end collision at the intersection of Elm Blvd and Maple Ave; minor whiplash and bumper damage.,0
1001.54,HEALTH,1231,0,2,"Burglary while on vacation; entry through the back window, electronics and jewellery taken, police report #PR-84998.",0
2478.99,HEALTH,108,0,0,"Burglary while on vacation; entry through the back window, electronics and jewellery taken, police report #PR-22720.",0
6038.15,PROPERTY,266,1,0,Tree branch fell during the storm on May 18 and dented the roof above the garage.,0
872.11,PROPERTY,773,1,0,"Pipe burst in basement; water damage to flooring and stored items, plumber invoice attached.",0
939.98,HEALTH,539,0,1,"Side-swipe accident on highway; dashcam footage available, other driver's insurance contacted.",0
211.18,HEALTH,1064,0,0,"Side-swipe accident on highway; dashcam footage available, other driver's insurance contacted.",0
1536.61,AUTO,602,1,0,"House contents destroyed, fire of unknown origin, no smoke alarm activated.",1
624.9,PROPERTY,1494,1,1,"Burglary while on vacation; entry through the back window, electronics and jewellery taken, police report #PR-96054.",0
1064.82,HEALTH,449,1,0,Water damage in the kitchen ceiling from a burst pipe in the upstairs bathroom on August 11.,0
752.3,AUTO,540,1,0,"Bicycle accident; broken collarbone, treated at Mercy General, X-rays and follow-up scheduled.",0
1645.4,AUTO,6,0,1,"Bicycle accident; broken collarbone, treated at Riverside Medical, X-rays and follow-up scheduled.",0
311.77,PROPERTY,371,0,1,"Side-swipe accident on highway; dashcam footage available, other driver's insurance contacted.",0
416.95,PROPERTY,354,1,0,Front-end collision when the other driver ran a red light at Oak Ave; police report filed.,0
15202.99,LIFE,1144,1,2,"Property damage but no witnesses, claim is for full replacement value.",1
498.99,HEALTH,507,0,2,Hailstorm on May 18 caused dents on the hood and cracked the windshield.,0
603.78,PROPERTY,305,1,0,"Burglary while on vacation; entry through the back window, electronics and jewellery taken, police report #PR-91047.",0
11349.32,PROPERTY,471,0,0,Hailstorm on June 24 caused dents on the hood and cracked the windshield.,0
33026.55,AUTO,844,0,0,"Fire damage, unknown cause, total loss.",1
560.28,AUTO,1178,1,2,"Bicycle accident; broken collarbone, treated at Mercy General, X-rays and follow-up scheduled.",0
1251.07,LIFE,1468,0,0,Lightning strike damaged HVAC unit on March 12; technician assessment attached.,0
2544.16,AUTO,72,0,0,Water damage in the kitchen ceiling from a burst pipe in the upstairs bathroom on March 12.,0
10185.27,HEALTH,1261,1,0,"Minor parking lot collision at Walmart; both drivers exchanged details, insurance info noted.",1
673.94,HEALTH,584,0,1,"Burglary while on vacation; entry through the back window, electronics and jewellery taken, police report #PR-52523.",0
1414.77,HEALTH,1212,0,1,"Burglary while on vacation; entry through the back window, electronics and jewellery taken, police report #PR-57111.",0
3933.71,AUTO,57,1,2,"Bicycle accident; broken collarbone, treated at Mercy General, X-rays and follow-up scheduled.",0
2792.71,PROPERTY,939,0,1,"Vehicle disappeared from parking lot, no security camera footage.",0
1241.21,AUTO,1396,1,1,Backyard fence damaged by neighbour's tree falling during high winds on April 3.,0
1581.58,PROPERTY,59,0,0,"Slipped on icy steps at the front entrance; sprained ankle, ER visit at Riverside Medical.",0
457.19,AUTO,1185,0,0,"Fire damage, unknown cause, total loss.",0
1424.86,HEALTH,172,1,1,"Kitchen fire started from an unattended pan, contained by smoke detector and extinguisher.",0
1385.22,PROPERTY,1473,0,1,"Pipe burst in basement; water damage to flooring and stored items, plumber invoice attached.",0
2280.55,AUTO,1116,1,1,Rear-end collision at the intersection of Elm Blvd and Maple Ave; minor whiplash and bumper damage.,0
1037.61,AUTO,1365,1,0,Water damage in the kitchen ceiling from a burst pipe in the upstairs bathroom on June 24.,0
2897.31,PROPERTY,1346,1,0,Rear-end collision at the intersection of Elm Blvd and Walnut Rd; minor whiplash and bumper damage.,0
4977.66,AUTO,474,0,1,"Bicycle accident; broken collarbone, treated at Mercy General, X-rays and follow-up scheduled.",0
2112.08,AUTO,624,0,0,"Slipped on icy steps at the front entrance; sprained ankle, ER visit at Riverside Medical.",0
2570.24,HEALTH,1037,1,0,"Minor parking lot collision at Costco; both drivers exchanged details, insurance info noted.",0
1906.75,PROPERTY,263,1,1,Front-end collision when the other driver ran a red light at Pine Rd; police report filed.,0
1808.2,HEALTH,460,1,0,Backyard fence damaged by neighbour's tree falling during high winds on March 12.,0
878.7,AUTO,149,1,1,"Pipe burst in basement; water damage to flooring and stored items, plumber invoice attached.",0
2481.19,LIFE,1332,0,0,"Minor parking lot collision at Walmart; both drivers exchanged details, insurance info noted.",0
1640.43,HEALTH,372,0,0,"Minor parking lot collision at Walmart; both drivers exchanged details, insurance info noted.",0
14664.26,HEALTH,616,1,1,"Burglary while on vacation; entry through the back window, electronics and jewellery taken, police report #PR-86365.",0
8719.83,HEALTH,679,1,1,"Bicycle accident; broken collarbone, treated at City General, X-rays and follow-up scheduled.",0
2659.38,AUTO,564,0,1,"Slipped on icy steps at the front entrance; sprained ankle, ER visit at Riverside Medical.",0
842.98,AUTO,1167,1,0,Lightning strike damaged HVAC unit on August 11; technician assessment attached.,0
594.42,HEALTH,1371,1,0,"Burglary while on vacation; entry through the back window, electronics and jewellery taken, police report #PR-98596.",0
5949.98,AUTO,859,0,0,"Kitchen fire started from an unattended pan, contained by smoke detector and extinguisher.",0
2351.36,HEALTH,1255,0,0,"Total loss, no documentation available.",0
2922.35,AUTO,167,1,2,"Damage occurred while alone, nobody saw, no police report.",1
315.9,AUTO,1449,1,0,Front-end collision when the other driver ran a red light at Pine Rd; police report filed.,0
4570.78,AUTO,174,1,1,"Pipe burst in basement; water damage to flooring and stored items, plumber invoice attached.",0
2848.14,HEALTH,100,0,1,Hailstorm on July 5 caused dents on the hood and cracked the windshield.,0
595.6,PROPERTY,34,1,0,Backyard fence damaged by neighbour's tree falling during high winds on August 11.,0
1128.31,AUTO,365,1,0,Hailstorm on April 3 caused dents on the hood and cracked the windshield.,0
2353.64,AUTO,1255,1,1,"Side-swipe accident on highway; dashcam footage available, other driver's insurance contacted.",0
1905.44,AUTO,451,0,2,"Pipe burst in basement; water damage to flooring and stored items, plumber invoice attached.",0
1349.96,PROPERTY,1186,0,0,"Pipe burst in basement; water damage to flooring and stored items, plumber invoice attached.",0
1630.29,AUTO,637,1,0,"Minor parking lot collision at Home Depot; both drivers exchanged details, insurance info noted.",0
1405.32,PROPERTY,156,0,1,Lightning strike damaged HVAC unit on July 5; technician assessment attached.,0
2106.04,AUTO,710,0,0,Water damage in the kitchen ceiling from a burst pipe in the upstairs bathroom on May 18.,0
7875.34,AUTO,349,1,0,"Bicycle accident; broken collarbone, treated at Riverside Medical, X-rays and follow-up scheduled.",0
138.84,PROPERTY,437,0,2,"Bicycle accident; broken collarbone, treated at St. Luke's, X-rays and follow-up scheduled.",0
1426.74,HEALTH,776,1,3,"Minor parking lot collision at Costco; both drivers exchanged details, insurance info noted.",0
2157.08,AUTO,1185,1,0,Front-end collision when the other driver ran a red light at Oak Ave; police report filed.,0
2430.84,LIFE,880,1,1,"Bicycle accident; broken collarbone, treated at Mercy General, X-rays and follow-up scheduled.",0
1246.49,AUTO,335,0,0,"Bicycle accident; broken collarbone, treated at St. Luke's, X-rays and follow-up scheduled.",0
312.09,AUTO,1076,1,1,"Pipe burst in basement; water damage to flooring and stored items, plumber invoice attached.",0
2509.89,AUTO,1045,1,0,Hailstorm on August 11 caused dents on the hood and cracked the windshield.,0
10171.55,HEALTH,356,1,0,"Kitchen fire started from an unattended pan, contained by smoke detector and extinguisher.",0
390.0,PROPERTY,1277,0,0,"Deer collision on the highway near exit 132; airbag deployed, vehicle towed.",0
4289.08,AUTO,1264,0,0,Lightning strike damaged HVAC unit on August 11; technician assessment attached.,0
1301.76,PROPERTY,905,1,0,"Deer collision on the highway near exit 97; airbag deployed, vehicle towed.",0
1700.5,HEALTH,444,0,0,Front-end collision when the other driver ran a red light at Main St; police report filed.,0
630.87,LIFE,531,1,1,Water damage in the kitchen ceiling from a burst pipe in the upstairs bathroom on June 24.,0
1294.07,PROPERTY,659,0,0,"Side-swipe accident on highway; dashcam footage available, other driver's insurance contacted.",0
6634.54,PROPERTY,282,0,1,Tree branch fell during the storm on June 24 and dented the roof above the garage.,0
3237.82,HEALTH,459,1,0,Backyard fence damaged by neighbour's tree falling during high winds on May 18.,0
10222.14,AUTO,202,1,0,"Kitchen fire started from an unattended pan, contained by smoke detector and extinguisher.",0
5868.84,HEALTH,232,1,1,"Damage occurred while alone, nobody saw, no police report.",1
2804.8,HEALTH,1116,1,0,Backyard fence damaged by neighbour's tree falling during high winds on April 3.,0
10341.65,HEALTH,193,1,0,Front-end collision when the other driver ran a red light at 5th Ave; police report filed.,0
2804.54,PROPERTY,704,1,1,"Pipe burst in basement; water damage to flooring and stored items, plumber invoice attached.",0
4138.08,AUTO,644,0,2,"Property damage but no witnesses, claim is for full replacement value.",0
1344.03,PROPERTY,70,0,0,"Side-swipe accident on highway; dashcam footage available, other driver's insurance contacted.",0
1932.45,AUTO,1247,0,0,Hailstorm on May 18 caused dents on the hood and cracked the windshield.,0
900.16,PROPERTY,1475,1,0,"Side-swipe accident on highway; dashcam footage available, other driver's insurance contacted.",0
4863.84,AUTO,957,0,0,Backyard fence damaged by neighbour's tree falling during high winds on June 24.,0
556.52,AUTO,1007,1,0,"Minor parking lot collision at Walmart; both drivers exchanged details, insurance info noted.",0
3953.48,PROPERTY,349,1,1,"Burglary while on vacation; entry through the back window, electronics and jewellery taken, police report #PR-47014.",0
1494.2,PROPERTY,1266,1,0,Rear-end collision at the intersection of Main St and Maple Ave; minor whiplash and bumper damage.,0
5832.77,PROPERTY,1176,1,0,"Bicycle accident; broken collarbone, treated at Mercy General, X-rays and follow-up scheduled.",0
3830.95,LIFE,657,1,0,"Deer collision on the highway near exit 14; airbag deployed, vehicle towed.",0
11166.19,AUTO,1059,1,0,"Pipe burst in basement; water damage to flooring and stored items, plumber invoice attached.",0
3754.74,PROPERTY,1433,0,0,"Pipe burst in basement; water damage to flooring and stored items, plumber invoice attached.",0
375.39,AUTO,904,1,0,"Pipe burst in basement; water damage to flooring and stored items, plumber invoice attached.",0
1690.95,HEALTH,300,0,0,"Minor parking lot collision at Target; both drivers exchanged details, insurance info noted.",0
560.03,HEALTH,496,1,1,Tree branch fell during the storm on July 5 and dented the roof above the garage.,0
1076.77,AUTO,278,0,0,"Burglary while on vacation; entry through the back window, electronics and jewellery taken, police report #PR-40825.",0
8194.58,HEALTH,497,0,0,Tree branch fell during the storm on May 18 and dented the roof above the garage.,0
3420.47,PROPERTY,1335,0,0,"House contents destroyed, fire of unknown origin, no smoke alarm activated.",1
898.81,AUTO,285,1,0,"Property damage but no witnesses, claim is for full replacement value.",0
656.08,PROPERTY,1337,1,1,Backyard fence damaged by neighbour's tree falling during high winds on April 3.,0
1868.3,HEALTH,428,0,0,"Burglary while on vacation; entry through the back window, electronics and jewellery taken, police report #PR-92881.",0
535.63,AUTO,749,0,1,Rear-end collision at the intersection of Main St and Walnut Rd; minor whiplash and bumper damage.,0
924.14,HEALTH,793,1,0,"Pipe burst in basement; water damage to flooring and stored items, plumber invoice attached.",0
2470.09,AUTO,189,1,1,Backyard fence damaged by neighbour's tree falling during high winds on May 18.,0
5740.56,AUTO,276,1,1,Lightning strike damaged HVAC unit on July 5; technician assessment attached.,0
3323.46,HEALTH,458,0,1,Rear-end collision at the intersection of 5th Ave and Cedar Lane; minor whiplash and bumper damage.,0
182.86,AUTO,90,1,2,Backyard fence damaged by neighbour's tree falling during high winds on May 18.,0
2451.28,AUTO,1131,1,2,"Bicycle accident; broken collarbone, treated at City General, X-rays and follow-up scheduled.",0
1943.09,PROPERTY,819,1,0,Lightning strike damaged HVAC unit on June 24; technician assessment attached.,0
2735.01,AUTO,1269,1,0,"Deer collision on the highway near exit 136; airbag deployed, vehicle towed.",0
9101.64,PROPERTY,1294,1,0,Water damage in the kitchen ceiling from a burst pipe in the upstairs bathroom on March 12.,0
229.7,PROPERTY,522,1,0,"Deer collision on the highway near exit 194; airbag deployed, vehicle towed.",0
1001.14,AUTO,1225,0,1,"Slipped on icy steps at the front entrance; sprained ankle, ER visit at Riverside Medical.",0
3264.65,HEALTH,92,0,1,Hailstorm on July 5 caused dents on the hood and cracked the windshield.,0
371.82,AUTO,645,0,1,"Bicycle accident; broken collarbone, treated at St. Luke's, X-rays and follow-up scheduled.",0
7910.52,HEALTH,998,0,2,"Slipped on icy steps at the front entrance; sprained ankle, ER visit at Riverside Medical.",0
2613.27,AUTO,699,0,0,Backyard fence damaged by neighbour's tree falling during high winds on April 3.,0
4215.76,PROPERTY,1109,1,2,"Minor parking lot collision at Costco; both drivers exchanged details, insurance info noted.",0
1021.53,AUTO,1288,1,1,"Deer collision on the highway near exit 94; airbag deployed, vehicle towed.",0
4079.64,HEALTH,636,0,3,"Burglary while on vacation; entry through the back window, electronics and jewellery taken, police report #PR-30150.",0
5263.08,AUTO,412,0,0,Tree branch fell during the storm on March 12 and dented the roof above the garage.,0
2282.16,AUTO,875,1,0,"Side-swipe accident on highway; dashcam footage available, other driver's insurance contacted.",0
2285.64,HEALTH,1302,1,0,"Minor parking lot collision at Costco; both drivers exchanged details, insurance info noted.",0
2369.28,HEALTH,1481,0,2,"Burglary while on vacation; entry through the back window, electronics and jewellery taken, police report #PR-63716.",0
762.54,LIFE,1223,1,0,"Deer collision on the highway near exit 76; airbag deployed, vehicle towed.",0
1560.05,AUTO,368,0,0,Tree branch fell during the storm on April 3 and dented the roof above the garage.,0
1552.28,AUTO,308,0,1,Rear-end collision at the intersection of Elm Blvd and Cedar Lane; minor whiplash and bumper damage.,0
2652.86,AUTO,859,1,0,Tree branch fell during the storm on May 18 and dented the roof above the garage.,0
4913.91,AUTO,603,1,0,"Side-swipe accident on highway; dashcam footage available, other driver's insurance contacted.",0
627.32,PROPERTY,916,0,0,"Pipe burst in basement; water damage to flooring and stored items, plumber invoice attached.",0
1595.58,PROPERTY,1385,1,0,"Deer collision on the highway near exit 95; airbag deployed, vehicle towed.",0
7954.2,PROPERTY,824,1,2,Front-end collision when the other driver ran a red light at Oak Ave; police report filed.,0
859.55,AUTO,533,0,0,"Burglary while on vacation; entry through the back window, electronics and jewellery taken, police report #PR-82187.",0
794.53,HEALTH,1303,1,0,"Pipe burst in basement; water damage to flooring and stored items, plumber invoice attached.",0
2213.45,PROPERTY,659,0,0,"Bicycle accident; broken collarbone, treated at City General, X-rays and follow-up scheduled.",1
4206.5,AUTO,907,1,0,"Slipped on icy steps at the front entrance; sprained ankle, ER visit at St. Luke's.",0
1828.82,HEALTH,203,1,0,Rear-end collision at the intersection of 5th Ave and Walnut Rd; minor whiplash and bumper damage.,1
6829.18,AUTO,762,0,0,"Minor parking lot collision at Home Depot; both drivers exchanged details, insurance info noted.",0
4259.02,AUTO,640,0,1,Water damage in the kitchen ceiling from a burst pipe in the upstairs bathroom on March 12.,0
4195.72,PROPERTY,185,1,1,"Slipped on icy steps at the front entrance; sprained ankle, ER visit at St. Luke's.",0
3146.72,AUTO,318,0,0,"Side-swipe accident on highway; dashcam footage available, other driver's insurance contacted.",0
18539.39,LIFE,1055,1,0,"Kitchen fire started from an unattended pan, contained by smoke detector and extinguisher.",0
1472.68,AUTO,271,0,0,Lightning strike damaged HVAC unit on July 5; technician assessment attached.,0
243.83,AUTO,199,1,0,"Cash and gold coins stolen from home safe, exact amounts approximate.",0
8993.47,AUTO,87,1,2,Rear-end collision at the intersection of Elm Blvd and Birch St; minor whiplash and bumper damage.,0
1144.02,AUTO,40,0,0,Lightning strike damaged HVAC unit on July 5; technician assessment attached.,0
2014.0,HEALTH,652,1,0,"Burglary while on vacation; entry through the back window, electronics and jewellery taken, police report #PR-36777.",0
6697.91,AUTO,733,1,1,Water damage in the kitchen ceiling from a burst pipe in the upstairs bathroom on June 24.,0
364.21,HEALTH,936,1,0,Hailstorm on March 12 caused dents on the hood and cracked the windshield.,0
517.16,PROPERTY,859,1,2,"Pipe burst in basement; water damage to flooring and stored items, plumber invoice attached.",0
364.57,AUTO,805,1,0,"Items missing after recent move, exact value uncertain.",1
817.18,AUTO,1498,1,0,Water damage in the kitchen ceiling from a burst pipe in the upstairs bathroom on May 18.,0
2806.34,HEALTH,375,1,0,Water damage in the kitchen ceiling from a burst pipe in the upstairs bathroom on April 3.,0
3053.94,PROPERTY,1068,1,1,Water damage in the kitchen ceiling from a burst pipe in the upstairs bathroom on July 5.,0
2383.38,HEALTH,120,0,0,"Deer collision on the highway near exit 132; airbag deployed, vehicle towed.",0
440.2,AUTO,1273,1,1,Water damage in the kitchen ceiling from a burst pipe in the upstairs bathroom on July 5.,0
179.45,HEALTH,544,1,1,"Kitchen fire started from an unattended pan, contained by smoke detector and extinguisher.",0
1909.04,HEALTH,520,1,0,"Side-swipe accident on highway; dashcam footage available, other driver's insurance contacted.",0
1128.03,AUTO,203,0,0,"Slipped on icy steps at the front entrance; sprained ankle, ER visit at Riverside Medical.",0
2862.31,AUTO,763,0,1,Backyard fence damaged by neighbour's tree falling during high winds on April 3.,0
3648.07,LIFE,599,0,0,Front-end collision when the other driver ran a red light at Main St; police report filed.,0
2076.09,AUTO,1461,1,1,"Cash and gold coins stolen from home safe, exact amounts approximate.",1
3866.61,AUTO,267,1,1,Lightning strike damaged HVAC unit on June 24; technician assessment attached.,0
2273.81,AUTO,626,0,1,Lightning strike damaged HVAC unit on April 3; technician assessment attached.,0
3071.94,HEALTH,1350,0,0,Lightning strike damaged HVAC unit on March 12; technician assessment attached.,0
893.66,HEALTH,1211,1,0,Lightning strike damaged HVAC unit on June 24; technician assessment attached.,0
1510.79,AUTO,1146,1,0,Front-end collision when the other driver ran a red light at Oak Ave; police report filed.,0
2201.24,HEALTH,789,1,0,Rear-end collision at the intersection of Pine Rd and Birch St; minor whiplash and bumper damage.,0
4107.33,HEALTH,1309,0,0,Tree branch fell during the storm on June 24 and dented the roof above the garage.,0
1219.58,AUTO,336,0,0,"Side-swipe accident on highway; dashcam footage available, other driver's insurance contacted.",0
3044.73,PROPERTY,1214,0,0,Water damage in the kitchen ceiling from a burst pipe in the upstairs bathroom on April 3.,0
1385.98,AUTO,871,0,1,"Pipe burst in basement; water damage to flooring and stored items, plumber invoice attached.",0
1607.54,AUTO,525,1,0,"Burglary while on vacation; entry through the back window, electronics and jewellery taken, police report #PR-34203.",0
4144.42,LIFE,327,0,1,"Minor parking lot collision at Target; both drivers exchanged details, insurance info noted.",0
246.4,PROPERTY,782,0,0,"Burglary while on vacation; entry through the back window, electronics and jewellery taken, police report #PR-34638.",0
494.49,AUTO,5,0,0,Tree branch fell during the storm on July 5 and dented the roof above the garage.,0
410.68,PROPERTY,1072,0,0,"Kitchen fire started from an unattended pan, contained by smoke detector and extinguisher.",0
175.28,HEALTH,354,0,0,"Pipe burst in basement; water damage to flooring and stored items, plumber invoice attached.",0
917.58,AUTO,584,0,1,Lightning strike damaged HVAC unit on August 11; technician assessment attached.,1
3825.46,PROPERTY,290,0,0,Tree branch fell during the storm on June 24 and dented the roof above the garage.,0
1359.83,PROPERTY,698,1,0,Backyard fence damaged by neighbour's tree falling during high winds on August 11.,0
2203.47,AUTO,557,1,0,"Bicycle accident; broken collarbone, treated at City General, X-rays and follow-up scheduled.",0
5373.41,HEALTH,282,1,1,"Items stolen, no witnesses, cash and electronics gone.",1
6820.49,AUTO,1333,0,1,Lightning strike damaged HVAC unit on July 5; technician assessment attached.,0
1687.26,AUTO,1139,1,0,"Burglary while on vacation; entry through the back window, electronics and jewellery taken, police report #PR-92041.",0
6999.44,LIFE,582,1,0,Tree branch fell during the storm on June 24 and dented the roof above the garage.,1
1982.53,HEALTH,87,1,1,"Deer collision on the highway near exit 29; airbag deployed, vehicle towed.",0
782.58,HEALTH,1267,0,0,"Bicycle accident; broken collarbone, treated at Mercy General, X-rays and follow-up scheduled.",0
997.85,HEALTH,1045,1,0,Rear-end collision at the intersection of Oak Ave and Maple Ave; minor whiplash and bumper damage.,0
411.36,HEALTH,833,1,1,Rear-end collision at the intersection of 5th Ave and Maple Ave; minor whiplash and bumper damage.,0
743.87,AUTO,907,1,1,Backyard fence damaged by neighbour's tree falling during high winds on June 24.,0
1263.93,LIFE,12,1,0,Water damage in the kitchen ceiling from a burst pipe in the upstairs bathroom on July 5.,0
4038.32,HEALTH,711,1,0,"Deer collision on the highway near exit 120; airbag deployed, vehicle towed.",0
10104.84,HEALTH,283,1,0,"Kitchen fire started from an unattended pan, contained by smoke detector and extinguisher.",0
453.87,HEALTH,977,0,0,"Slipped on icy steps at the front entrance; sprained ankle, ER visit at St. Luke's.",0
2678.01,AUTO,1396,0,1,Water damage in the kitchen ceiling from a burst pipe in the upstairs bathroom on August 11.,0
638.71,AUTO,796,1,0,"Burglary while on vacation; entry through the back window, electronics and jewellery taken, police report #PR-24702.",0
2906.48,AUTO,906,0,0,Front-end collision when the other driver ran a red light at 5th Ave; police report filed.,0
1585.91,AUTO,1001,0,0,"Slipped on icy steps at the front entrance; sprained ankle, ER visit at St. Luke's.",0
289.77,HEALTH,1394,0,1,"Deer collision on the highway near exit 27; airbag deployed, vehicle towed.",0
4574.7,PROPERTY,58,0,1,"Items stolen, no witnesses, cash and electronics gone.",1
987.33,AUTO,465,0,0,Tree branch fell during the storm on April 3 and dented the roof above the garage.,0
1060.08,AUTO,403,1,1,Front-end collision when the other driver ran a red light at Main St; police report filed.,0
620.33,HEALTH,1075,1,1,Rear-end collision at the intersection of Main St and Cedar Lane; minor whiplash and bumper damage.,0
939.85,AUTO,672,1,0,Backyard fence damaged by neighbour's tree falling during high winds on June 24.,0
2773.57,PROPERTY,1158,0,1,Backyard fence damaged by neighbour's tree falling during high winds on August 11.,0
1496.31,AUTO,709,1,2,"Burglary while on vacation; entry through the back window, electronics and jewellery taken, police report #PR-49542.",0
2511.57,AUTO,1463,1,0,"Deer collision on the highway near exit 198; airbag deployed, vehicle towed.",0
2596.51,AUTO,1150,1,1,Front-end collision when the other driver ran a red light at Main St; police report filed.,0
6772.74,PROPERTY,28,0,1,"Stolen valuables, all cash, no inventory list.",1
1283.33,AUTO,1482,0,0,Rear-end collision at the intersection of Pine Rd and Walnut Rd; minor whiplash and bumper damage.,0
412.87,HEALTH,1428,1,0,"Side-swipe accident on highway; dashcam footage available, other driver's insurance contacted.",0
5256.51,AUTO,66,1,1,Water damage in the kitchen ceiling from a burst pipe in the upstairs bathroom on May 18.,0
1297.91,AUTO,587,0,1,"Bicycle accident; broken collarbone, treated at St. Luke's, X-rays and follow-up scheduled.",0
5511.5,PROPERTY,1455,1,0,"Items missing after recent move, exact value uncertain.",1
2652.82,AUTO,1257,1,0,Hailstorm on April 3 caused dents on the hood and cracked the windshield.,0
1585.83,AUTO,702,0,0,"Bicycle accident; broken collarbone, treated at City General, X-rays and follow-up scheduled.",0
2562.6,HEALTH,817,1,0,"Burglary while on vacation; entry through the back window, electronics and jewellery taken, police report #PR-41441.",0
12721.04,PROPERTY,45,0,0,"Burglary while on vacation; entry through the back window, electronics and jewellery taken, police report #PR-61811.",0
14428.79,AUTO,847,0,0,Backyard fence damaged by neighbour's tree falling during high winds on July 5.,0
1937.94,AUTO,999,1,0,Water damage in the kitchen ceiling from a burst pipe in the upstairs bathroom on April 3.,0
2122.16,LIFE,539,1,1,"Vehicle stolen, no GPS data, no security footage available.",1
5304.13,HEALTH,460,1,1,"Cash and gold coins stolen from home safe, exact amounts approximate.",0
776.14,PROPERTY,1242,1,0,"Bicycle accident; broken collarbone, treated at City General, X-rays and follow-up scheduled.",0
2522.66,PROPERTY,673,1,1,"Kitchen fire started from an unattended pan, contained by smoke detector and extinguisher.",0
1761.88,HEALTH,396,1,1,Tree branch fell during the storm on July 5 and dented the roof above the garage.,0
2474.78,AUTO,562,1,0,Water damage in the kitchen ceiling from a burst pipe in the upstairs bathroom on June 24.,0
785.74,AUTO,738,0,1,Hailstorm on June 24 caused dents on the hood and cracked the windshield.,0
368.87,PROPERTY,389,1,0,"Kitchen fire started from an unattended pan, contained by smoke detector and extinguisher.",0
227.47,PROPERTY,840,1,0,Backyard fence damaged by neighbour's tree falling during high winds on July 5.,0
591.47,LIFE,1291,1,0,Water damage in the kitchen ceiling from a burst pipe in the upstairs bathroom on May 18.,0
1142.9,HEALTH,1114,0,0,"Burglary while on vacation; entry through the back window, electronics and jewellery taken, police report #PR-64535.",0
1348.58,AUTO,347,0,1,Rear-end collision at the intersection of Oak Ave and Cedar Lane; minor whiplash and bumper damage.,0
12546.93,HEALTH,707,1,1,"Slipped on icy steps at the front entrance; sprained ankle, ER visit at St. Luke's.",0
5464.31,HEALTH,816,1,0,"Pipe burst in basement; water damage to flooring and stored items, plumber invoice attached.",0
690.84,HEALTH,1020,0,0,Rear-end collision at the intersection of Pine Rd and Birch St; minor whiplash and bumper damage.,0
2559.86,PROPERTY,1134,1,1,"Fire damage, unknown cause, total loss.",0
1203.42,HEALTH,728,1,0,Lightning strike damaged HVAC unit on March 12; technician assessment attached.,0
1360.54,AUTO,473,1,0,"Deer collision on the highway near exit 121; airbag deployed, vehicle towed.",0
2176.18,HEALTH,989,0,1,Tree branch fell during the storm on August 11 and dented the roof above the garage.,0
3358.24,HEALTH,189,1,0,Backyard fence damaged by neighbour's tree falling during high winds on May 18.,0
1287.87,PROPERTY,1011,0,1,"Slipped on icy steps at the front entrance; sprained ankle, ER visit at Mercy General.",0
5238.82,HEALTH,1344,0,1,"Burglary while on vacation; entry through the back window, electronics and jewellery taken, police report #PR-39904.",0
577.13,HEALTH,1064,1,0,"Deer collision on the highway near exit 101; airbag deployed, vehicle towed.",0
1819.54,HEALTH,651,0,0,"Side-swipe accident on highway; dashcam footage available, other driver's insurance contacted.",0
24286.45,HEALTH,1235,0,0,"Bicycle accident; broken collarbone, treated at Riverside Medical, X-rays and follow-up scheduled.",1
2259.91,AUTO,798,0,1,Front-end collision when the other driver ran a red light at Pine Rd; police report filed.,0
7579.59,PROPERTY,811,1,0,"Vehicle disappeared from parking lot, no security camera footage.",0
1981.32,PROPERTY,1278,1,0,Hailstorm on July 5 caused dents on the hood and cracked the windshield.,0
3231.74,HEALTH,290,0,0,Lightning strike damaged HVAC unit on March 12; technician assessment attached.,0
1708.24,HEALTH,1169,1,0,"Slipped on icy steps at the front entrance; sprained ankle, ER visit at City General.",0
1524.76,AUTO,1019,1,0,Lightning strike damaged HVAC unit on July 5; technician assessment attached.,0
829.25,HEALTH,794,0,0,Lightning strike damaged HVAC unit on July 5; technician assessment attached.,0
2780.26,HEALTH,116,1,0,Lightning strike damaged HVAC unit on July 5; technician assessment attached.,0
771.6,PROPERTY,1148,0,0,Backyard fence damaged by neighbour's tree falling during high winds on July 5.,0
3517.78,AUTO,329,1,0,"Minor parking lot collision at Costco; both drivers exchanged details, insurance info noted.",0
5352.33,PROPERTY,1343,0,0,"Minor parking lot collision at Target; both drivers exchanged details, insurance info noted.",0
2608.5,AUTO,1188,0,0,Lightning strike damaged HVAC unit on June 24; technician assessment attached.,0
1357.98,HEALTH,546,0,0,"Side-swipe accident on highway; dashcam footage available, other driver's insurance contacted.",0
2846.84,HEALTH,653,0,0,"Minor parking lot collision at Home Depot; both drivers exchanged details, insurance info noted.",0
1327.86,AUTO,39,1,1,Hailstorm on June 24 caused dents on the hood and cracked the windshield.,0
4607.99,HEALTH,747,1,0,Hailstorm on July 5 caused dents on the hood and cracked the windshield.,0
289.63,PROPERTY,87,1,0,"Fire damage, unknown cause, total loss.",1
1292.58,HEALTH,1481,1,1,"Burglary while on vacation; entry through the back window, electronics and jewellery taken, police report #PR-25020.",0
246.95,AUTO,960,1,1,Hailstorm on July 5 caused dents on the hood and cracked the windshield.,0
405.43,HEALTH,353,0,0,"Side-swipe accident on highway; dashcam footage available, other driver's insurance contacted.",0
7071.74,AUTO,1205,1,0,Tree branch fell during the storm on June 24 and dented the roof above the garage.,0
4425.71,HEALTH,30,0,1,"Side-swipe accident on highway; dashcam footage available, other driver's insurance contacted.",0
880.53,HEALTH,824,1,2,"Burglary while on vacation; entry through the back window, electronics and jewellery taken, police report #PR-72946.",0
402.42,AUTO,167,1,0,"Slipped on icy steps at the front entrance; sprained ankle, ER visit at St. Luke's.",0
93.27,HEALTH,82,0,0,Tree branch fell during the storm on July 5 and dented the roof above the garage.,0
1049.96,PROPERTY,367,1,1,Backyard fence damaged by neighbour's tree falling during high winds on August 11.,0
20341.43,PROPERTY,442,1,0,Tree branch fell during the storm on April 3 and dented the roof above the garage.,0
2793.04,AUTO,1089,1,1,Backyard fence damaged by neighbour's tree falling during high winds on August 11.,0
1033.21,AUTO,1336,0,2,"Pipe burst in basement; water damage to flooring and stored items, plumber invoice attached.",0
2878.66,HEALTH,1163,1,0,"Sudden mechanical failure, vehicle written off, no third party.",0
379.57,AUTO,1110,1,0,Hailstorm on August 11 caused dents on the hood and cracked the windshield.,0
1343.02,HEALTH,848,0,1,"Bicycle accident; broken collarbone, treated at City General, X-rays and follow-up scheduled.",0
1997.15,AUTO,557,1,1,"Deer collision on the highway near exit 115; airbag deployed, vehicle towed.",0
1658.88,AUTO,383,0,0,Backyard fence damaged by neighbour's tree falling during high winds on June 24.,0
3987.05,HEALTH,1418,1,1,"Slipped on icy steps at the front entrance; sprained ankle, ER visit at St. Luke's.",0
2552.03,AUTO,783,0,1,"Sudden mechanical failure, vehicle written off, no third party.",0
3527.43,PROPERTY,846,0,0,"Stolen valuables, all cash, no inventory list.",1
908.35,AUTO,23,0,0,"Burglary while on vacation; entry through the back window, electronics and jewellery taken, police report #PR-99504.",0
4437.36,HEALTH,687,1,0,"Deer collision on the highway near exit 100; airbag deployed, vehicle towed.",0
9218.22,AUTO,1023,1,1,Lightning strike damaged HVAC unit on August 11; technician assessment attached.,0
685.3,PROPERTY,743,0,0,Hailstorm on June 24 caused dents on the hood and cracked the windshield.,0
744.2,PROPERTY,921,0,0,Front-end collision when the other driver ran a red light at 5th Ave; police report filed.,0
6875.94,AUTO,1214,1,1,"Pipe burst in basement; water damage to flooring and stored items, plumber invoice attached.",0
1493.17,HEALTH,33,1,2,Lightning strike damaged HVAC unit on March 12; technician assessment attached.,0
7360.05,AUTO,1356,0,0,Tree branch fell during the storm on August 11 and dented the roof above the garage.,0
1161.5,HEALTH,1225,1,0,"Burglary while on vacation; entry through the back window, electronics and jewellery taken, police report #PR-35780.",0
7746.88,AUTO,630,0,0,"Kitchen fire started from an unattended pan, contained by smoke detector and extinguisher.",0
2062.11,HEALTH,1145,1,1,"Kitchen fire started from an unattended pan, contained by smoke detector and extinguisher.",0
2340.76,AUTO,100,0,0,Tree branch fell during the storm on April 3 and dented the roof above the garage.,0
8644.84,PROPERTY,463,1,1,Hailstorm on April 3 caused dents on the hood and cracked the windshield.,1
1259.2,HEALTH,162,1,1,Rear-end collision at the intersection of Main St and Maple Ave; minor whiplash and bumper damage.,0
705.48,HEALTH,953,0,1,"Sudden mechanical failure, vehicle written off, no third party.",1
1154.52,AUTO,1284,1,2,Rear-end collision at the intersection of Oak Ave and Walnut Rd; minor whiplash and bumper damage.,0
2842.2,AUTO,902,1,0,Lightning strike damaged HVAC unit on June 24; technician assessment attached.,0
377.75,AUTO,1067,1,1,"Side-swipe accident on highway; dashcam footage available, other driver's insurance contacted.",0
3420.26,PROPERTY,215,1,0,"Pipe burst in basement; water damage to flooring and stored items, plumber invoice attached.",0
1054.93,PROPERTY,1401,1,0,"Burglary while on vacation; entry through the back window, electronics and jewellery taken, police report #PR-14050.",0
5697.67,AUTO,290,1,1,"Total loss, no documentation available.",0
164.97,PROPERTY,789,0,0,"Fire damage, unknown cause, total loss.",1
823.39,HEALTH,1025,0,1,"Bicycle accident; broken collarbone, treated at Riverside Medical, X-rays and follow-up scheduled.",0
334.8,AUTO,1285,0,0,"Burglary while on vacation; entry through the back window, electronics and jewellery taken, police report #PR-97371.",0
791.37,HEALTH,1400,1,1,"Deer collision on the highway near exit 52; airbag deployed, vehicle towed.",0
2316.16,AUTO,898,0,0,Hailstorm on August 11 caused dents on the hood and cracked the windshield.,0
1511.37,AUTO,864,0,0,"Side-swipe accident on highway; dashcam footage available, other driver's insurance contacted.",0
1403.36,HEALTH,626,1,1,Front-end collision when the other driver ran a red light at Main St; police report filed.,0
1541.97,AUTO,852,0,0,"Kitchen fire started from an unattended pan, contained by smoke detector and extinguisher.",0
2215.84,PROPERTY,1012,0,0,"Pipe burst in basement; water damage to flooring and stored items, plumber invoice attached.",0
659.49,HEALTH,970,1,0,Water damage in the kitchen ceiling from a burst pipe in the upstairs bathroom on May 18.,0
3665.98,PROPERTY,888,0,0,"Slipped on icy steps at the front entrance; sprained ankle, ER visit at Mercy General.",0
3507.53,HEALTH,661,1,0,"Items stolen, no witnesses, cash and electronics gone.",0
2657.23,PROPERTY,294,0,1,"Broken items, unwitnessed accident at home.",0
3154.34,AUTO,82,1,3,"Deer collision on the highway near exit 138; airbag deployed, vehicle towed.",0
2431.88,HEALTH,631,1,0,"Bicycle accident; broken collarbone, treated at St. Luke's, X-rays and follow-up scheduled.",0
13836.61,HEALTH,595,0,1,Lightning strike damaged HVAC unit on July 5; technician assessment attached.,0
1657.23,PROPERTY,912,0,0,"Broken items, unwitnessed accident at home.",1
1329.98,AUTO,1350,1,0,Tree branch fell during the storm on August 11 and dented the roof above the garage.,0
851.05,HEALTH,1052,0,0,"Kitchen fire started from an unattended pan, contained by smoke detector and extinguisher.",0
644.02,PROPERTY,1207,0,0,"Slipped on icy steps at the front entrance; sprained ankle, ER visit at Riverside Medical.",0
520.88,AUTO,867,1,1,Front-end collision when the other driver ran a red light at Oak Ave; police report filed.,0
743.38,PROPERTY,1391,1,0,Water damage in the kitchen ceiling from a burst pipe in the upstairs bathroom on March 12.,0
1684.66,AUTO,1409,1,0,Tree branch fell during the storm on June 24 and dented the roof above the garage.,0
2525.75,AUTO,230,0,1,"Items stolen, no witnesses, cash and electronics gone.",0
1902.91,HEALTH,959,0,0,"Kitchen fire started from an unattended pan, contained by smoke detector and extinguisher.",0
840.89,HEALTH,759,1,2,"Slipped on icy steps at the front entrance; sprained ankle, ER visit at Mercy General.",0
4447.89,AUTO,1458,0,1,Lightning strike damaged HVAC unit on March 12; technician assessment attached.,0
3787.32,AUTO,877,0,1,"Deer collision on the highway near exit 34; airbag deployed, vehicle towed.",0
1541.25,AUTO,24,0,1,"Total loss, no documentation available.",1
941.13,PROPERTY,315,0,1,Water damage in the kitchen ceiling from a burst pipe in the upstairs bathroom on May 18.,0
3128.87,PROPERTY,195,1,0,Tree branch fell during the storm on April 3 and dented the roof above the garage.,1
2181.95,HEALTH,302,0,1,"Side-swipe accident on highway; dashcam footage available, other driver's insurance contacted.",0
424.91,AUTO,144,1,0,"Kitchen fire started from an unattended pan, contained by smoke detector and extinguisher.",0
1689.22,HEALTH,1173,0,1,Lightning strike damaged HVAC unit on August 11; technician assessment attached.,0
2349.68,PROPERTY,741,0,0,"Slipped on icy steps at the front entrance; sprained ankle, ER visit at St. Luke's.",0
735.32,PROPERTY,1008,0,0,"Bicycle accident; broken collarbone, treated at St. Luke's, X-rays and follow-up scheduled.",0
2186.03,AUTO,1499,1,0,"Minor parking lot collision at Walmart; both drivers exchanged details, insurance info noted.",0
422.07,AUTO,971,1,1,"Pipe burst in basement; water damage to flooring and stored items, plumber invoice attached.",0
6878.71,PROPERTY,719,1,1,Tree branch fell during the storm on June 24 and dented the roof above the garage.,0
6297.76,PROPERTY,401,0,1,Hailstorm on August 11 caused dents on the hood and cracked the windshield.,0
1404.56,AUTO,1131,1,1,Hailstorm on May 18 caused dents on the hood and cracked the windshield.,0
2600.49,PROPERTY,760,1,0,Water damage in the kitchen ceiling from a burst pipe in the upstairs bathroom on July 5.,0
162.4,AUTO,1135,0,0,Lightning strike damaged HVAC unit on March 12; technician assessment attached.,0
568.87,AUTO,35,1,1,"Deer collision on the highway near exit 67; airbag deployed, vehicle towed.",0
1347.79,PROPERTY,245,0,0,"Kitchen fire started from an unattended pan, contained by smoke detector and extinguisher.",0
618.85,HEALTH,195,1,1,"Deer collision on the highway near exit 144; airbag deployed, vehicle towed.",0
3693.75,HEALTH,1022,1,1,Hailstorm on April 3 caused dents on the hood and cracked the windshield.,0
13323.66,PROPERTY,777,0,0,Backyard fence damaged by neighbour's tree falling during high winds on August 11.,0
557.46,PROPERTY,476,1,1,"Minor parking lot collision at Target; both drivers exchanged details, insurance info noted.",0
782.53,AUTO,465,1,0,Hailstorm on August 11 caused dents on the hood and cracked the windshield.,0
2288.03,HEALTH,910,1,1,Hailstorm on April 3 caused dents on the hood and cracked the windshield.,0
9055.4,PROPERTY,1448,1,0,Water damage in the kitchen ceiling from a burst pipe in the upstairs bathroom on August 11.,0
532.52,HEALTH,1493,0,1,Hailstorm on July 5 caused dents on the hood and cracked the windshield.,0
2319.34,LIFE,707,1,2,"Bicycle accident; broken collarbone, treated at St. Luke's, X-rays and follow-up scheduled.",0
11173.49,HEALTH,1006,0,0,Lightning strike damaged HVAC unit on March 12; technician assessment attached.,0
346.62,AUTO,126,1,0,"Minor parking lot collision at Costco; both drivers exchanged details, insurance info noted.",0
502.17,AUTO,1418,0,1,"Slipped on icy steps at the front entrance; sprained ankle, ER visit at Riverside Medical.",0
1183.69,PROPERTY,27,1,0,Backyard fence damaged by neighbour's tree falling during high winds on May 18.,0
1074.29,LIFE,514,1,0,"Side-swipe accident on highway; dashcam footage available, other driver's insurance contacted.",0
4074.9,AUTO,1088,1,0,Hailstorm on June 24 caused dents on the hood and cracked the windshield.,0
2302.29,AUTO,1454,1,0,"Kitchen fire started from an unattended pan, contained by smoke detector and extinguisher.",0
306.44,PROPERTY,258,1,1,"Kitchen fire started from an unattended pan, contained by smoke detector and extinguisher.",0
3027.25,AUTO,991,1,2,"Side-swipe accident on highway; dashcam footage available, other driver's insurance contacted.",0
1014.81,AUTO,282,1,1,Rear-end collision at the intersection of Elm Blvd and Cedar Lane; minor whiplash and bumper damage.,0
6466.87,PROPERTY,76,0,0,"Burglary while on vacation; entry through the back window, electronics and jewellery taken, police report #PR-37484.",0
965.27,PROPERTY,636,1,0,"Fire damage, unknown cause, total loss.",1
956.6,PROPERTY,865,0,1,"Slipped on icy steps at the front entrance; sprained ankle, ER visit at City General.",0
3106.13,HEALTH,396,1,0,"Kitchen fire started from an unattended pan, contained by smoke detector and extinguisher.",0
3877.42,AUTO,1459,1,1,"Kitchen fire started from an unattended pan, contained by smoke detector and extinguisher.",0
2830.19,PROPERTY,925,0,1,"Pipe burst in basement; water damage to flooring and stored items, plumber invoice attached.",0
335.09,AUTO,658,1,1,Rear-end collision at the intersection of Elm Blvd and Cedar Lane; minor whiplash and bumper damage.,0
3096.52,AUTO,729,1,0,Rear-end collision at the intersection of Elm Blvd and Cedar Lane; minor whiplash and bumper damage.,0
642.71,PROPERTY,696,1,1,"Vehicle disappeared from parking lot, no security camera footage.",0
2287.64,HEALTH,168,1,1,"Deer collision on the highway near exit 129; airbag deployed, vehicle towed.",0
435.4,PROPERTY,909,1,0,"Pipe burst in basement; water damage to flooring and stored items, plumber invoice attached.",0
2825.17,AUTO,1177,1,0,"Bicycle accident; broken collarbone, treated at St. Luke's, X-rays and follow-up scheduled.",0
807.06,LIFE,632,0,1,"Stolen valuables, all cash, no inventory list.",0
501.38,HEALTH,639,0,1,"Minor parking lot collision at Costco; both drivers exchanged details, insurance info noted.",0
3691.62,HEALTH,1365,1,0,"Kitchen fire started from an unattended pan, contained by smoke detector and extinguisher.",0
2302.26,PROPERTY,916,0,0,"Side-swipe accident on highway; dashcam footage available, other driver's insurance contacted.",0
978.5,AUTO,447,0,1,Lightning strike damaged HVAC unit on March 12; technician assessment attached.,0
7716.98,PROPERTY,6,0,1,Backyard fence damaged by neighbour's tree falling during high winds on April 3.,0
1163.69,HEALTH,1235,0,0,"Broken items, unwitnessed accident at home.",1
1867.04,PROPERTY,939,1,0,Backyard fence damaged by neighbour's tree falling during high winds on June 24.,0
2365.9,PROPERTY,939,0,0,Tree branch fell during the storm on July 5 and dented the roof above the garage.,0
972.95,HEALTH,424,0,1,"Kitchen fire started from an unattended pan, contained by smoke detector and extinguisher.",0
2896.15,AUTO,280,1,1,"Slipped on icy steps at the front entrance; sprained ankle, ER visit at Riverside Medical.",0
1060.56,AUTO,742,1,1,"Kitchen fire started from an unattended pan, contained by smoke detector and extinguisher.",0
1197.94,LIFE,1136,0,0,"Deer collision on the highway near exit 103; airbag deployed, vehicle towed.",0
7063.12,LIFE,447,1,1,Water damage in the kitchen ceiling from a burst pipe in the upstairs bathroom on June 24.,0
638.69,LIFE,791,0,0,"Minor parking lot collision at Costco; both drivers exchanged details, insurance info noted.",0
161.94,AUTO,1494,1,1,Rear-end collision at the intersection of Elm Blvd and Maple Ave; minor whiplash and bumper damage.,0
9053.77,AUTO,329,0,1,"Deer collision on the highway near exit 117; airbag deployed, vehicle towed.",0
23140.23,PROPERTY,347,1,0,"Pipe burst in basement; water damage to flooring and stored items, plumber invoice attached.",0
1205.6,PROPERTY,354,0,1,Lightning strike damaged HVAC unit on June 24; technician assessment attached.,0
260.65,AUTO,1369,1,1,Rear-end collision at the intersection of Oak Ave and Cedar Lane; minor whiplash and bumper damage.,0
1325.46,HEALTH,793,0,0,Rear-end collision at the intersection of Elm Blvd and Cedar Lane; minor whiplash and bumper damage.,0
1358.01,AUTO,1377,1,0,"Broken items, unwitnessed accident at home.",1
1495.29,HEALTH,1421,1,0,"Deer collision on the highway near exit 57; airbag deployed, vehicle towed.",0
593.84,AUTO,632,0,0,Lightning strike damaged HVAC unit on July 5; technician assessment attached.,0
3227.82,AUTO,83,1,0,"Deer collision on the highway near exit 77; airbag deployed, vehicle towed.",0
3054.92,AUTO,456,0,0,"Side-swipe accident on highway; dashcam footage available, other driver's insurance contacted.",0
405.69,PROPERTY,816,0,0,"Kitchen fire started from an unattended pan, contained by smoke detector and extinguisher.",0
3638.03,PROPERTY,572,0,0,"Bicycle accident; broken collarbone, treated at St. Luke's, X-rays and follow-up scheduled.",0
14082.46,PROPERTY,4,0,0,Car was damaged.,1
2147.29,HEALTH,1484,0,0,"Bicycle accident; broken collarbone, treated at Riverside Medical, X-rays and follow-up scheduled.",0
1290.36,HEALTH,455,1,0,Backyard fence damaged by neighbour's tree falling during high winds on April 3.,0
1568.69,AUTO,928,1,0,"Pipe burst in basement; water damage to flooring and stored items, plumber invoice attached.",0
3345.12,HEALTH,1420,1,0,"Side-swipe accident on highway; dashcam footage available, other driver's insurance contacted.",0
320.32,AUTO,817,1,0,"Bicycle accident; broken collarbone, treated at City General, X-rays and follow-up scheduled.",0
2131.09,PROPERTY,1041,1,0,Water damage in the kitchen ceiling from a burst pipe in the upstairs bathroom on July 5.,0
1223.58,PROPERTY,54,0,1,"Pipe burst in basement; water damage to flooring and stored items, plumber invoice attached.",0
11473.84,PROPERTY,1045,1,0,"Slipped on icy steps at the front entrance; sprained ankle, ER visit at Mercy General.",0
1519.03,AUTO,1271,1,1,Hailstorm on March 12 caused dents on the hood and cracked the windshield.,0
9584.36,HEALTH,1377,0,0,Hailstorm on August 11 caused dents on the hood and cracked the windshield.,0
599.6,AUTO,126,1,1,Water damage in the kitchen ceiling from a burst pipe in the upstairs bathroom on June 24.,0
3252.76,AUTO,343,1,2,"Slipped on icy steps at the front entrance; sprained ankle, ER visit at Riverside Medical.",0
2488.41,PROPERTY,71,1,1,Lightning strike damaged HVAC unit on July 5; technician assessment attached.,0
758.2,HEALTH,1376,1,1,Lightning strike damaged HVAC unit on March 12; technician assessment attached.,0
2158.99,PROPERTY,413,0,0,"Lost expensive jewellery, no receipt, not sure when.",0
6078.53,AUTO,797,1,0,"Slipped on icy steps at the front entrance; sprained ankle, ER visit at Mercy General.",0
1307.94,LIFE,714,0,0,Front-end collision when the other driver ran a red light at 5th Ave; police report filed.,0
332.96,LIFE,1033,0,0,"Vehicle disappeared from parking lot, no security camera footage.",0
1776.57,HEALTH,1343,1,1,"Slipped on icy steps at the front entrance; sprained ankle, ER visit at Riverside Medical.",0
733.32,PROPERTY,486,0,1,"Vehicle disappeared from parking lot, no security camera footage.",1
1283.9,AUTO,1185,1,0,Water damage in the kitchen ceiling from a burst pipe in the upstairs bathroom on July 5.,0
1666.39,PROPERTY,437,1,0,Front-end collision when the other driver ran a red light at Pine Rd; police report filed.,0
328.44,PROPERTY,297,1,0,"Kitchen fire started from an unattended pan, contained by smoke detector and extinguisher.",0
359.37,PROPERTY,160,1,0,"Burglary while on vacation; entry through the back window, electronics and jewellery taken, police report #PR-35239.",0
2927.98,PROPERTY,558,1,0,Hailstorm on June 24 caused dents on the hood and cracked the windshield.,0
1072.0,HEALTH,841,1,0,"Vehicle disappeared from parking lot, no security camera footage.",1
139.11,PROPERTY,1170,1,1,"Deer collision on the highway near exit 51; airbag deployed, vehicle towed.",0
3963.35,HEALTH,1272,1,1,"Minor parking lot collision at Costco; both drivers exchanged details, insurance info noted.",0
2374.09,AUTO,791,1,0,Car was damaged.,0
885.48,AUTO,614,0,2,"Pipe burst in basement; water damage to flooring and stored items, plumber invoice attached.",0
484.53,PROPERTY,262,0,1,"Minor parking lot collision at Walmart; both drivers exchanged details, insurance info noted.",0
4170.57,HEALTH,1371,0,1,"Minor parking lot collision at Target; both drivers exchanged details, insurance info noted.",0
2564.07,HEALTH,594,1,0,Hailstorm on June 24 caused dents on the hood and cracked the windshield.,0
19586.63,PROPERTY,1147,0,1,Rear-end collision at the intersection of 5th Ave and Maple Ave; minor whiplash and bumper damage.,0
2752.29,HEALTH,939,1,1,"Bicycle accident; broken collarbone, treated at City General, X-rays and follow-up scheduled.",0
2664.32,AUTO,1397,1,0,"Pipe burst in basement; water damage to flooring and stored items, plumber invoice attached.",0
1530.08,HEALTH,1459,1,1,"Burglary while on vacation; entry through the back window, electronics and jewellery taken, police report #PR-27900.",0
4091.95,HEALTH,1060,1,0,"Damage occurred while alone, nobody saw, no police report.",1
3378.16,PROPERTY,993,1,1,Front-end collision when the other driver ran a red light at Main St; police report filed.,0
6321.58,HEALTH,206,1,1,Front-end collision when the other driver ran a red light at Elm Blvd; police report filed.,0
1073.5,HEALTH,25,1,1,"Slipped on icy steps at the front entrance; sprained ankle, ER visit at St. Luke's.",0
1169.81,PROPERTY,819,0,1,Backyard fence damaged by neighbour's tree falling during high winds on April 3.,0
1119.79,PROPERTY,1057,1,0,Hailstorm on August 11 caused dents on the hood and cracked the windshield.,0
3987.03,PROPERTY,1119,0,0,"Slipped on icy steps at the front entrance; sprained ankle, ER visit at Mercy General.",0
8089.92,AUTO,377,0,0,Water damage in the kitchen ceiling from a burst pipe in the upstairs bathroom on June 24.,0
1142.71,PROPERTY,755,0,0,"Vehicle stolen, no GPS data, no security footage available.",1
1182.31,HEALTH,1293,1,0,"Pipe burst in basement; water damage to flooring and stored items, plumber invoice attached.",0
2475.2,AUTO,144,1,1,"Bicycle accident; broken collarbone, treated at Riverside Medical, X-rays and follow-up scheduled.",0
1414.09,HEALTH,576,0,0,Lightning strike damaged HVAC unit on April 3; technician assessment attached.,0
4684.68,PROPERTY,1416,1,0,"Pipe burst in basement; water damage to flooring and stored items, plumber invoice attached.",0
190.23,HEALTH,300,0,1,Tree branch fell during the storm on May 18 and dented the roof above the garage.,0
791.0,PROPERTY,475,0,0,Rear-end collision at the intersection of Oak Ave and Maple Ave; minor whiplash and bumper damage.,0
826.82,AUTO,702,0,2,"Pipe burst in basement; water damage to flooring and stored items, plumber invoice attached.",0
177.62,AUTO,1032,0,2,"Broken items, unwitnessed accident at home.",1
689.77,AUTO,383,1,1,Backyard fence damaged by neighbour's tree falling during high winds on August 11.,0
724.04,HEALTH,1188,0,1,Rear-end collision at the intersection of Main St and Walnut Rd; minor whiplash and bumper damage.,0
1478.67,HEALTH,354,0,2,"Damage occurred while alone, nobody saw, no police report.",0
5502.54,PROPERTY,552,0,0,"Bicycle accident; broken collarbone, treated at Mercy General, X-rays and follow-up scheduled.",0
1415.08,PROPERTY,860,1,1,"Pipe burst in basement; water damage to flooring and stored items, plumber invoice attached.",0
644.96,AUTO,19,1,0,"Minor parking lot collision at Walmart; both drivers exchanged details, insurance info noted.",0
1707.94,AUTO,1151,1,1,"Side-swipe accident on highway; dashcam footage available, other driver's insurance contacted.",0
5162.49,AUTO,1003,1,0,Hailstorm on July 5 caused dents on the hood and cracked the windshield.,0
681.33,HEALTH,1252,1,0,"Slipped on icy steps at the front entrance; sprained ankle, ER visit at City General.",0
727.36,AUTO,413,0,0,Front-end collision when the other driver ran a red light at Pine Rd; police report filed.,0
3160.7,HEALTH,597,0,1,"Slipped on icy steps at the front entrance; sprained ankle, ER visit at Mercy General.",0
1448.76,PROPERTY,1347,1,0,"Burglary while on vacation; entry through the back window, electronics and jewellery taken, police report #PR-53882.",0
3454.68,HEALTH,101,0,1,Water damage in the kitchen ceiling from a burst pipe in the upstairs bathroom on June 24.,0
1783.54,AUTO,737,1,1,Lightning strike damaged HVAC unit on August 11; technician assessment attached.,0
3647.01,AUTO,726,1,0,Water damage in the kitchen ceiling from a burst pipe in the upstairs bathroom on April 3.,0
642.21,HEALTH,671,0,0,Rear-end collision at the intersection of Oak Ave and Maple Ave; minor whiplash and bumper damage.,0
1786.32,HEALTH,651,1,2,"Slipped on icy steps at the front entrance; sprained ankle, ER visit at Riverside Medical.",0
1464.56,AUTO,1121,0,0,"Deer collision on the highway near exit 65; airbag deployed, vehicle towed.",0
535.99,PROPERTY,296,0,0,"Side-swipe accident on highway; dashcam footage available, other driver's insurance contacted.",0
378.62,HEALTH,1336,1,0,Front-end collision when the other driver ran a red light at Oak Ave; police report filed.,0
3589.43,HEALTH,1344,1,0,Lightning strike damaged HVAC unit on July 5; technician assessment attached.,0
1272.89,AUTO,269,0,2,"Bicycle accident; broken collarbone, treated at Mercy General, X-rays and follow-up scheduled.",0
650.49,AUTO,1461,0,0,Hailstorm on May 18 caused dents on the hood and cracked the windshield.,0
1642.25,AUTO,393,0,0,"Items missing after recent move, exact value uncertain.",1
5586.0,AUTO,78,0,0,"House contents destroyed, fire of unknown origin, no smoke alarm activated.",0
184.8,HEALTH,597,0,0,"Kitchen fire started from an unattended pan, contained by smoke detector and extinguisher.",0
404.79,HEALTH,1193,0,1,Tree branch fell during the storm on March 12 and dented the roof above the garage.,0
718.46,PROPERTY,1267,1,0,"Slipped on icy steps at the front entrance; sprained ankle, ER visit at St. Luke's.",0
7794.54,PROPERTY,968,1,0,Tree branch fell during the storm on April 3 and dented the roof above the garage.,0
2398.47,AUTO,1216,1,0,"Bicycle accident; broken collarbone, treated at Mercy General, X-rays and follow-up scheduled.",0
3894.49,AUTO,392,1,3,"Slipped on icy steps at the front entrance; sprained ankle, ER visit at Riverside Medical.",0
578.15,PROPERTY,1318,1,0,"Kitchen fire started from an unattended pan, contained by smoke detector and extinguisher.",0
590.2,LIFE,953,1,1,Tree branch fell during the storm on June 24 and dented the roof above the garage.,0
2829.38,PROPERTY,201,1,0,"Minor parking lot collision at Walmart; both drivers exchanged details, insurance info noted.",0
1916.54,AUTO,193,1,0,Rear-end collision at the intersection of 5th Ave and Cedar Lane; minor whiplash and bumper damage.,0
3129.85,AUTO,401,1,1,Hailstorm on June 24 caused dents on the hood and cracked the windshield.,0
1498.66,AUTO,105,1,0,"Slipped on icy steps at the front entrance; sprained ankle, ER visit at City General.",0
2387.84,PROPERTY,424,1,3,"Deer collision on the highway near exit 31; airbag deployed, vehicle towed.",0
2117.77,HEALTH,1490,0,0,"Kitchen fire started from an unattended pan, contained by smoke detector and extinguisher.",0
3935.4,HEALTH,360,0,1,Lightning strike damaged HVAC unit on June 24; technician assessment attached.,0
4052.17,HEALTH,954,1,0,Front-end collision when the other driver ran a red light at Main St; police report filed.,0
357.86,AUTO,1466,0,1,"Bicycle accident; broken collarbone, treated at St. Luke's, X-rays and follow-up scheduled.",0
191.09,HEALTH,380,0,0,"Minor parking lot collision at Walmart; both drivers exchanged details, insurance info noted.",0
4923.35,AUTO,1044,0,1,Water damage in the kitchen ceiling from a burst pipe in the upstairs bathroom on March 12.,0
5929.68,HEALTH,675,0,1,"Bicycle accident; broken collarbone, treated at Riverside Medical, X-rays and follow-up scheduled.",0
651.56,PROPERTY,428,1,0,"Pipe burst in basement; water damage to flooring and stored items, plumber invoice attached.",1
281.51,HEALTH,1425,0,0,"Deer collision on the highway near exit 162; airbag deployed, vehicle towed.",0
1996.27,AUTO,985,0,0,"Slipped on icy steps at the front entrance; sprained ankle, ER visit at Mercy General.",0
4586.34,PROPERTY,658,1,0,Front-end collision when the other driver ran a red light at Oak Ave; police report filed.,0
10911.74,PROPERTY,1218,0,2,Rear-end collision at the intersection of Pine Rd and Birch St; minor whiplash and bumper damage.,0
3029.94,AUTO,1350,1,0,Water damage in the kitchen ceiling from a burst pipe in the upstairs bathroom on March 12.,0
1246.73,AUTO,1172,1,1,"Burglary while on vacation; entry through the back window, electronics and jewellery taken, police report #PR-66071.",0
740.16,HEALTH,1303,0,0,Front-end collision when the other driver ran a red light at 5th Ave; police report filed.,0
1828.87,AUTO,483,1,0,Water damage in the kitchen ceiling from a burst pipe in the upstairs bathroom on March 12.,0
1340.42,AUTO,516,0,0,"Deer collision on the highway near exit 62; airbag deployed, vehicle towed.",0
655.19,AUTO,349,1,0,Water damage in the kitchen ceiling from a burst pipe in the upstairs bathroom on May 18.,0
14027.23,AUTO,1044,1,0,"Bicycle accident; broken collarbone, treated at St. Luke's, X-rays and follow-up scheduled.",0
10776.99,HEALTH,1204,1,1,Water damage in the kitchen ceiling from a burst pipe in the upstairs bathroom on June 24.,0
5631.04,HEALTH,991,0,0,Lightning strike damaged HVAC unit on April 3; technician assessment attached.,1
719.93,AUTO,899,1,0,Rear-end collision at the intersection of Elm Blvd and Cedar Lane; minor whiplash and bumper damage.,0
4251.47,PROPERTY,1157,1,0,"Pipe burst in basement; water damage to flooring and stored items, plumber invoice attached.",0
3427.64,AUTO,273,1,1,"Pipe burst in basement; water damage to flooring and stored items, plumber invoice attached.",0
2814.52,AUTO,549,0,1,"Minor parking lot collision at Home Depot; both drivers exchanged details, insurance info noted.",0
6308.58,AUTO,1060,1,0,Lightning strike damaged HVAC unit on August 11; technician assessment attached.,0
3413.08,PROPERTY,79,0,0,Tree branch fell during the storm on May 18 and dented the roof above the garage.,0
3789.59,LIFE,1366,0,0,"Slipped on icy steps at the front entrance; sprained ankle, ER visit at City General.",0
3418.33,HEALTH,257,1,0,Water damage in the kitchen ceiling from a burst pipe in the upstairs bathroom on March 12.,0
2542.22,AUTO,1180,1,0,Rear-end collision at the intersection of 5th Ave and Birch St; minor whiplash and bumper damage.,0
303.81,AUTO,925,0,0,Backyard fence damaged by neighbour's tree falling during high winds on July 5.,0
1965.73,AUTO,1271,1,0,Hailstorm on March 12 caused dents on the hood and cracked the windshield.,0
1036.71,PROPERTY,1162,1,0,"Burglary while on vacation; entry through the back window, electronics and jewellery taken, police report #PR-79715.",0
502.78,AUTO,774,1,0,Front-end collision when the other driver ran a red light at Oak Ave; police report filed.,0
9718.79,LIFE,1134,1,0,Front-end collision when the other driver ran a red light at Pine Rd; police report filed.,0
10188.3,HEALTH,520,1,1,"Minor parking lot collision at Target; both drivers exchanged details, insurance info noted.",0
7038.99,HEALTH,875,1,0,Front-end collision when the other driver ran a red light at Main St; police report filed.,0
2333.71,PROPERTY,1372,0,0,Front-end collision when the other driver ran a red light at 5th Ave; police report filed.,0
6978.75,AUTO,128,0,0,"Slipped on icy steps at the front entrance; sprained ankle, ER visit at Mercy General.",0
1829.97,PROPERTY,534,1,1,"Burglary while on vacation; entry through the back window, electronics and jewellery taken, police report #PR-68158.",0
2214.53,AUTO,26,0,2,Rear-end collision at the intersection of 5th Ave and Cedar Lane; minor whiplash and bumper damage.,0
605.79,PROPERTY,801,0,1,Front-end collision when the other driver ran a red light at Oak Ave; police report filed.,0
2689.18,HEALTH,1173,1,1,Water damage in the kitchen ceiling from a burst pipe in the upstairs bathroom on May 18.,0
1920.59,AUTO,58,0,1,"Kitchen fire started from an unattended pan, contained by smoke detector and extinguisher.",0
491.44,PROPERTY,824,0,0,Rear-end collision at the intersection of 5th Ave and Maple Ave; minor whiplash and bumper damage.,0
1717.81,AUTO,623,1,1,Hailstorm on April 3 caused dents on the hood and cracked the windshield.,0
1669.48,AUTO,1174,0,0,Front-end collision when the other driver ran a red light at Main St; police report filed.,0
10911.38,PROPERTY,330,1,0,"Deer collision on the highway near exit 105; airbag deployed, vehicle towed.",0
4421.41,HEALTH,245,0,0,"Bicycle accident; broken collarbone, treated at City General, X-rays and follow-up scheduled.",0
1828.86,PROPERTY,142,1,0,Lightning strike damaged HVAC unit on April 3; technician assessment attached.,0
2318.76,HEALTH,611,0,0,"Burglary while on vacation; entry through the back window, electronics and jewellery taken, police report #PR-24553.",0
1889.77,HEALTH,731,1,0,"Slipped on icy steps at the front entrance; sprained ankle, ER visit at Riverside Medical.",0
1475.99,AUTO,1378,0,1,"Broken items, unwitnessed accident at home.",1
612.51,AUTO,699,0,1,Front-end collision when the other driver ran a red light at Pine Rd; police report filed.,0
1554.56,LIFE,258,1,1,"Side-swipe accident on highway; dashcam footage available, other driver's insurance contacted.",0
857.4,AUTO,1048,0,1,"Kitchen fire started from an unattended pan, contained by smoke detector and extinguisher.",1
517.85,HEALTH,93,1,0,Hailstorm on May 18 caused dents on the hood and cracked the windshield.,0
3014.6,AUTO,518,0,2,"Side-swipe accident on highway; dashcam footage available, other driver's insurance contacted.",0
2673.82,AUTO,980,0,1,"Burglary while on vacation; entry through the back window, electronics and jewellery taken, police report #PR-40400.",0
302.87,HEALTH,381,0,0,Water damage in the kitchen ceiling from a burst pipe in the upstairs bathroom on August 11.,0
1599.29,PROPERTY,892,1,1,"Bicycle accident; broken collarbone, treated at St. Luke's, X-rays and follow-up scheduled.",0
4893.69,PROPERTY,680,0,0,"Burglary while on vacation; entry through the back window, electronics and jewellery taken, police report #PR-89708.",0
5214.63,PROPERTY,1428,0,0,Backyard fence damaged by neighbour's tree falling during high winds on August 11.,0
5043.41,AUTO,431,1,0,Lightning strike damaged HVAC unit on March 12; technician assessment attached.,0
1879.79,HEALTH,1359,0,0,"Slipped on icy steps at the front entrance; sprained ankle, ER visit at St. Luke's.",0
776.62,AUTO,939,1,0,"Burglary while on vacation; entry through the back window, electronics and jewellery taken, police report #PR-50999.",0
611.74,PROPERTY,1124,1,1,Hailstorm on April 3 caused dents on the hood and cracked the windshield.,0
2551.93,AUTO,254,1,2,Hailstorm on March 12 caused dents on the hood and cracked the windshield.,0
2641.97,HEALTH,29,1,0,"Fire damage, unknown cause, total loss.",1
6550.73,AUTO,1096,0,0,"Slipped on icy steps at the front entrance; sprained ankle, ER visit at St. Luke's.",0
5431.55,PROPERTY,721,1,1,"Burglary while on vacation; entry through the back window, electronics and jewellery taken, police report #PR-19797.",0
1584.1,PROPERTY,463,1,0,Front-end collision when the other driver ran a red light at Elm Blvd; police report filed.,0
521.02,PROPERTY,1344,0,0,Water damage in the kitchen ceiling from a burst pipe in the upstairs bathroom on August 11.,0
1314.08,AUTO,490,1,0,"Bicycle accident; broken collarbone, treated at Riverside Medical, X-rays and follow-up scheduled.",0
2246.73,LIFE,651,1,1,"Kitchen fire started from an unattended pan, contained by smoke detector and extinguisher.",0
1477.22,AUTO,1086,1,0,"Slipped on icy steps at the front entrance; sprained ankle, ER visit at Riverside Medical.",0
1014.45,AUTO,1443,0,0,"Lost expensive jewellery, no receipt, not sure when.",1
2328.28,AUTO,1348,1,0,"Pipe burst in basement; water damage to flooring and stored items, plumber invoice attached.",0
1092.3,AUTO,979,1,0,Lightning strike damaged HVAC unit on April 3; technician assessment attached.,0
964.81,HEALTH,166,1,3,"Sudden mechanical failure, vehicle written off, no third party.",1
2468.71,AUTO,165,0,0,"Slipped on icy steps at the front entrance; sprained ankle, ER visit at Riverside Medical.",0
1209.55,AUTO,1039,0,0,"Side-swipe accident on highway; dashcam footage available, other driver's insurance contacted.",0
2307.93,HEALTH,764,0,1,"Property damage but no witnesses, claim is for full replacement value.",1
2376.07,PROPERTY,200,0,1,Front-end collision when the other driver ran a red light at Pine Rd; police report filed.,0
578.58,HEALTH,1043,1,0,"Kitchen fire started from an unattended pan, contained by smoke detector and extinguisher.",0
1117.4,HEALTH,1413,0,1,Front-end collision when the other driver ran a red light at Elm Blvd; police report filed.,0
7614.25,AUTO,98,0,1,"Damage occurred while alone, nobody saw, no police report.",1
565.62,PROPERTY,1238,1,0,Water damage in the kitchen ceiling from a burst pipe in the upstairs bathroom on April 3.,0
217.75,AUTO,517,1,3,Water damage in the kitchen ceiling from a burst pipe in the upstairs bathroom on April 3.,0
280.94,AUTO,597,0,0,Lightning strike damaged HVAC unit on July 5; technician assessment attached.,0
1861.45,AUTO,1075,1,1,"Property damage but no witnesses, claim is for full replacement value.",1
1864.82,HEALTH,371,0,0,Front-end collision when the other driver ran a red light at Oak Ave; police report filed.,0
1607.43,AUTO,236,1,0,"Deer collision on the highway near exit 180; airbag deployed, vehicle towed.",0
6088.7,HEALTH,1445,0,0,Rear-end collision at the intersection of Main St and Birch St; minor whiplash and bumper damage.,0
124.86,AUTO,523,1,1,"Slipped on icy steps at the front entrance; sprained ankle, ER visit at Mercy General.",0
2686.34,HEALTH,255,1,0,"Pipe burst in basement; water damage to flooring and stored items, plumber invoice attached.",0
8616.53,HEALTH,1035,0,0,"Pipe burst in basement; water damage to flooring and stored items, plumber invoice attached.",0
585.36,AUTO,325,1,0,Water damage in the kitchen ceiling from a burst pipe in the upstairs bathroom on April 3.,0
1236.69,HEALTH,1163,0,0,"Side-swipe accident on highway; dashcam footage available, other driver's insurance contacted.",0
851.59,HEALTH,106,1,0,Rear-end collision at the intersection of Elm Blvd and Walnut Rd; minor whiplash and bumper damage.,0
739.26,HEALTH,778,0,0,Tree branch fell during the storm on June 24 and dented the roof above the garage.,0
1304.71,AUTO,605,1,0,Lightning strike damaged HVAC unit on May 18; technician assessment attached.,0
7536.29,HEALTH,1435,1,1,Rear-end collision at the intersection of Oak Ave and Cedar Lane; minor whiplash and bumper damage.,0
11354.7,AUTO,782,1,0,"Cash and gold coins stolen from home safe, exact amounts approximate.",1
1292.15,AUTO,1388,0,0,"Minor parking lot collision at Target; both drivers exchanged details, insurance info noted.",0
12149.71,AUTO,373,1,1,Rear-end collision at the intersection of Pine Rd and Maple Ave; minor whiplash and bumper damage.,0
1873.52,HEALTH,710,1,0,"Pipe burst in basement; water damage to flooring and stored items, plumber invoice attached.",0
10443.04,AUTO,1220,0,1,Backyard fence damaged by neighbour's tree falling during high winds on April 3.,0
1646.98,HEALTH,241,1,0,"Pipe burst in basement; water damage to flooring and stored items, plumber invoice attached.",0
2061.23,AUTO,1391,0,1,"Slipped on icy steps at the front entrance; sprained ankle, ER visit at City General.",0
2605.75,PROPERTY,1159,0,0,Lightning strike damaged HVAC unit on June 24; technician assessment attached.,0
43427.74,AUTO,1015,1,1,Hailstorm on March 12 caused dents on the hood and cracked the windshield.,0
4235.62,HEALTH,365,0,3,"Vehicle disappeared from parking lot, no security camera footage.",1
891.35,PROPERTY,1227,0,1,"Items missing after recent move, exact value uncertain.",0
4764.74,AUTO,1264,1,0,"Bicycle accident; broken collarbone, treated at City General, X-rays and follow-up scheduled.",0
1259.12,AUTO,439,1,1,Hailstorm on May 18 caused dents on the hood and cracked the windshield.,0
1107.93,HEALTH,881,0,1,"Total loss, no documentation available.",0
4485.48,LIFE,91,0,0,Backyard fence damaged by neighbour's tree falling during high winds on July 5.,0
1865.13,LIFE,591,1,0,"Pipe burst in basement; water damage to flooring and stored items, plumber invoice attached.",0
2388.87,AUTO,226,1,0,"Burglary while on vacation; entry through the back window, electronics and jewellery taken, police report #PR-52985.",0
1833.51,PROPERTY,835,1,0,Lightning strike damaged HVAC unit on April 3; technician assessment attached.,0
2531.54,AUTO,823,1,0,"Kitchen fire started from an unattended pan, contained by smoke detector and extinguisher.",0
2765.47,AUTO,799,1,2,"Cash and gold coins stolen from home safe, exact amounts approximate.",0
260.61,HEALTH,1016,1,0,Hailstorm on May 18 caused dents on the hood and cracked the windshield.,0
3521.25,HEALTH,1387,0,0,"Slipped on icy steps at the front entrance; sprained ankle, ER visit at Riverside Medical.",0
677.21,HEALTH,295,0,1,"Deer collision on the highway near exit 57; airbag deployed, vehicle towed.",0
427.39,PROPERTY,322,0,0,"Slipped on icy steps at the front entrance; sprained ankle, ER visit at City General.",0
1705.46,AUTO,323,0,1,"Slipped on icy steps at the front entrance; sprained ankle, ER visit at St. Luke's.",0
1966.44,HEALTH,1392,0,1,"Deer collision on the highway near exit 11; airbag deployed, vehicle towed.",0
903.7,AUTO,139,1,0,"Kitchen fire started from an unattended pan, contained by smoke detector and extinguisher.",0
4150.7,AUTO,47,0,0,Water damage in the kitchen ceiling from a burst pipe in the upstairs bathroom on July 5.,0
472.4,AUTO,241,0,1,"Kitchen fire started from an unattended pan, contained by smoke detector and extinguisher.",0
1203.58,LIFE,1154,1,1,Hailstorm on June 24 caused dents on the hood and cracked the windshield.,0
1007.4,HEALTH,869,1,1,"Side-swipe accident on highway; dashcam footage available, other driver's insurance contacted.",0
1725.74,AUTO,1379,0,0,"Bicycle accident; broken collarbone, treated at Mercy General, X-rays and follow-up scheduled.",0
2389.56,HEALTH,307,1,1,"Minor parking lot collision at Costco; both drivers exchanged details, insurance info noted.",0
659.91,LIFE,591,1,1,"Burglary while on vacation; entry through the back window, electronics and jewellery taken, police report #PR-41662.",0
3730.44,PROPERTY,833,1,1,Lightning strike damaged HVAC unit on June 24; technician assessment attached.,0
1925.62,HEALTH,110,1,1,"Deer collision on the highway near exit 139; airbag deployed, vehicle towed.",0
272.61,AUTO,1377,1,0,Lightning strike damaged HVAC unit on June 24; technician assessment attached.,0
255.04,HEALTH,1207,0,0,"Kitchen fire started from an unattended pan, contained by smoke detector and extinguisher.",0
1785.91,PROPERTY,216,1,0,"Deer collision on the highway near exit 142; airbag deployed, vehicle towed.",0
1449.59,PROPERTY,1264,0,0,Car was damaged.,0
1630.4,PROPERTY,673,1,1,"Bicycle accident; broken collarbone, treated at City General, X-rays and follow-up scheduled.",0
1758.15,HEALTH,505,1,0,"Kitchen fire started from an unattended pan, contained by smoke detector and extinguisher.",0
2265.52,AUTO,1419,0,0,"Side-swipe accident on highway; dashcam footage available, other driver's insurance contacted.",0
4664.1,HEALTH,778,1,2,Backyard fence damaged by neighbour's tree falling during high winds on May 18.,0
595.2,AUTO,341,0,1,"House contents destroyed, fire of unknown origin, no smoke alarm activated.",1
560.05,AUTO,1214,0,1,"Bicycle accident; broken collarbone, treated at St. Luke's, X-rays and follow-up scheduled.",0
605.88,HEALTH,1073,1,0,"House contents destroyed, fire of unknown origin, no smoke alarm activated.",0
2413.7,HEALTH,288,0,0,Front-end collision when the other driver ran a red light at Oak Ave; police report filed.,0
6278.88,PROPERTY,1016,1,1,"Deer collision on the highway near exit 32; airbag deployed, vehicle towed.",0
1174.57,PROPERTY,943,0,0,"Broken items, unwitnessed accident at home.",0
148.16,PROPERTY,413,1,0,"Minor parking lot collision at Costco; both drivers exchanged details, insurance info noted.",0
328.98,PROPERTY,646,0,1,"Kitchen fire started from an unattended pan, contained by smoke detector and extinguisher.",0
786.01,PROPERTY,1259,0,0,"Burglary while on vacation; entry through the back window, electronics and jewellery taken, police report #PR-87780.",0
1035.12,AUTO,262,1,2,"Deer collision on the highway near exit 94; airbag deployed, vehicle towed.",0
1201.84,HEALTH,1083,1,0,"Broken items, unwitnessed accident at home.",1
1879.16,AUTO,1247,0,0,"Stolen valuables, all cash, no inventory list.",0
1323.79,AUTO,1405,1,0,"Deer collision on the highway near exit 60; airbag deployed, vehicle towed.",0
5163.34,AUTO,487,0,0,"Slipped on icy steps at the front entrance; sprained ankle, ER visit at St. Luke's.",0
919.64,PROPERTY,400,0,0,"Minor parking lot collision at Target; both drivers exchanged details, insurance info noted.",0
763.32,PROPERTY,1401,1,0,Car was damaged.,1
2918.65,PROPERTY,694,1,1,"Vehicle disappeared from parking lot, no security camera footage.",0
389.3,LIFE,853,1,0,Front-end collision when the other driver ran a red light at 5th Ave; police report filed.,0
2669.62,PROPERTY,770,1,1,Backyard fence damaged by neighbour's tree falling during high winds on August 11.,0
2003.3,AUTO,772,1,1,"Side-swipe accident on highway; dashcam footage available, other driver's insurance contacted.",0
1560.18,PROPERTY,937,0,0,"Deer collision on the highway near exit 60; airbag deployed, vehicle towed.",0
8850.91,PROPERTY,635,0,0,Front-end collision when the other driver ran a red light at Main St; police report filed.,0
970.48,PROPERTY,588,0,0,"Bicycle accident; broken collarbone, treated at City General, X-rays and follow-up scheduled.",0
14190.08,AUTO,601,1,1,"Items missing after recent move, exact value uncertain.",0
1443.13,AUTO,984,0,0,Hailstorm on June 24 caused dents on the hood and cracked the windshield.,1
504.21,PROPERTY,1227,1,0,Water damage in the kitchen ceiling from a burst pipe in the upstairs bathroom on August 11.,0
1938.98,AUTO,833,1,0,"Kitchen fire started from an unattended pan, contained by smoke detector and extinguisher.",0
616.31,AUTO,1016,1,0,"Kitchen fire started from an unattended pan, contained by smoke detector and extinguisher.",0
852.56,HEALTH,620,0,0,"Bicycle accident; broken collarbone, treated at City General, X-rays and follow-up scheduled.",0
2689.29,AUTO,1160,0,0,"Property damage but no witnesses, claim is for full replacement value.",1
3151.34,AUTO,591,1,0,"Deer collision on the highway near exit 38; airbag deployed, vehicle towed.",0
970.52,LIFE,632,1,1,Backyard fence damaged by neighbour's tree falling during high winds on May 18.,0
4853.26,PROPERTY,83,1,1,"Kitchen fire started from an unattended pan, contained by smoke detector and extinguisher.",0
5753.18,PROPERTY,392,1,0,"House contents destroyed, fire of unknown origin, no smoke alarm activated.",1
7603.03,AUTO,1107,1,1,"Side-swipe accident on highway; dashcam footage available, other driver's insurance contacted.",0
3069.94,AUTO,131,0,0,Water damage in the kitchen ceiling from a burst pipe in the upstairs bathroom on April 3.,0
7068.68,HEALTH,336,1,2,Rear-end collision at the intersection of Main St and Walnut Rd; minor whiplash and bumper damage.,0
275.67,HEALTH,1165,0,0,Rear-end collision at the intersection of Pine Rd and Cedar Lane; minor whiplash and bumper damage.,0
1315.66,AUTO,1309,1,2,"Slipped on icy steps at the front entrance; sprained ankle, ER visit at St. Luke's.",0
759.75,PROPERTY,623,0,0,"Slipped on icy steps at the front entrance; sprained ankle, ER visit at Riverside Medical.",0
2036.98,LIFE,610,0,1,"Burglary while on vacation; entry through the back window, electronics and jewellery taken, police report #PR-23205.",1
1021.01,HEALTH,764,0,1,"Burglary while on vacation; entry through the back window, electronics and jewellery taken, police report #PR-33294.",0
1531.25,AUTO,1155,1,1,"Bicycle accident; broken collarbone, treated at Mercy General, X-rays and follow-up scheduled.",0
11874.81,AUTO,704,1,0,Hailstorm on March 12 caused dents on the hood and cracked the windshield.,0
1525.81,AUTO,260,0,1,"Sudden mechanical failure, vehicle written off, no third party.",1
2734.74,AUTO,647,0,0,"Items missing after recent move, exact value uncertain.",1
1433.29,HEALTH,382,0,0,"Burglary while on vacation; entry through the back window, electronics and jewellery taken, police report #PR-61009.",1
1950.25,HEALTH,1026,0,1,"Side-swipe accident on highway; dashcam footage available, other driver's insurance contacted.",0
1818.95,HEALTH,214,1,1,"Vehicle stolen, no GPS data, no security footage available.",1
2830.83,PROPERTY,913,0,1,"Bicycle accident; broken collarbone, treated at Riverside Medical, X-rays and follow-up scheduled.",0
5798.23,AUTO,195,1,0,Hailstorm on August 11 caused dents on the hood and cracked the windshield.,0
9389.94,AUTO,1458,1,0,Lightning strike damaged HVAC unit on August 11; technician assessment attached.,0
2464.19,AUTO,960,0,0,"Kitchen fire started from an unattended pan, contained by smoke detector and extinguisher.",0
3260.21,AUTO,209,1,1,"Deer collision on the highway near exit 38; airbag deployed, vehicle towed.",0
572.0,HEALTH,1438,1,1,Lightning strike damaged HVAC unit on June 24; technician assessment attached.,0
1655.94,PROPERTY,860,1,2,Tree branch fell during the storm on August 11 and dented the roof above the garage.,0
4629.89,PROPERTY,910,1,0,"Bicycle accident; broken collarbone, treated at City General, X-rays and follow-up scheduled.",0
4298.27,HEALTH,95,0,0,"Pipe burst in basement; water damage to flooring and stored items, plumber invoice attached.",1
2234.14,HEALTH,282,0,0,"Slipped on icy steps at the front entrance; sprained ankle, ER visit at Riverside Medical.",0
4386.97,AUTO,1212,1,1,"Pipe burst in basement; water damage to flooring and stored items, plumber invoice attached.",0
2953.56,HEALTH,701,0,0,"Minor parking lot collision at Costco; both drivers exchanged details, insurance info noted.",0
6004.75,AUTO,924,1,1,"Pipe burst in basement; water damage to flooring and stored items, plumber invoice attached.",0
2414.77,PROPERTY,1480,1,0,"Slipped on icy steps at the front entrance; sprained ankle, ER visit at Riverside Medical.",0
1266.87,HEALTH,643,1,1,"Kitchen fire started from an unattended pan, contained by smoke detector and extinguisher.",0
2529.66,AUTO,571,0,0,"Vehicle stolen, no GPS data, no security footage available.",1
96.49,AUTO,1203,0,0,"Minor parking lot collision at Costco; both drivers exchanged details, insurance info noted.",0
2651.51,AUTO,99,1,0,"Side-swipe accident on highway; dashcam footage available, other driver's insurance contacted.",0
47.07,PROPERTY,683,0,0,Backyard fence damaged by neighbour's tree falling during high winds on May 18.,0
322.64,AUTO,1282,0,0,"Kitchen fire started from an unattended pan, contained by smoke detector and extinguisher.",0
2840.59,AUTO,342,1,1,"Kitchen fire started from an unattended pan, contained by smoke detector and extinguisher.",0
2914.72,AUTO,456,1,0,Front-end collision when the other driver ran a red light at Oak Ave; police report filed.,0
565.42,PROPERTY,709,1,0,"Minor parking lot collision at Home Depot; both drivers exchanged details, insurance info noted.",0
887.05,HEALTH,112,1,0,"Side-swipe accident on highway; dashcam footage available, other driver's insurance contacted.",0
7119.13,HEALTH,107,1,0,Rear-end collision at the intersection of Main St and Maple Ave; minor whiplash and bumper damage.,0
1114.29,AUTO,377,1,0,Front-end collision when the other driver ran a red light at Oak Ave; police report filed.,0
17033.21,AUTO,1346,1,0,Rear-end collision at the intersection of Pine Rd and Cedar Lane; minor whiplash and bumper damage.,0
1804.57,PROPERTY,333,0,0,"Kitchen fire started from an unattended pan, contained by smoke detector and extinguisher.",0
2719.05,AUTO,1096,0,1,Front-end collision when the other driver ran a red light at 5th Ave; police report filed.,0
9107.69,AUTO,639,0,1,"Pipe burst in basement; water damage to flooring and stored items, plumber invoice attached.",0
2061.17,HEALTH,1140,1,1,"Damage occurred while alone, nobody saw, no police report.",1
663.58,AUTO,495,1,2,"Burglary while on vacation; entry through the back window, electronics and jewellery taken, police report #PR-94744.",0
1620.15,AUTO,1311,1,0,"Deer collision on the highway near exit 145; airbag deployed, vehicle towed.",0
1744.79,PROPERTY,556,1,3,"Slipped on icy steps at the front entrance; sprained ankle, ER visit at St. Luke's.",0
461.86,HEALTH,1187,1,0,Tree branch fell during the storm on July 5 and dented the roof above the garage.,0
1399.92,AUTO,1247,1,0,Tree branch fell during the storm on July 5 and dented the roof above the garage.,0
860.75,AUTO,648,1,1,Water damage in the kitchen ceiling from a burst pipe in the upstairs bathroom on May 18.,0
4556.72,PROPERTY,1000,1,0,"Kitchen fire started from an unattended pan, contained by smoke detector and extinguisher.",0
1871.72,AUTO,178,0,0,"Burglary while on vacation; entry through the back window, electronics and jewellery taken, police report #PR-31958.",0
1362.67,AUTO,745,1,0,Front-end collision when the other driver ran a red light at Main St; police report filed.,0
1625.9,HEALTH,560,1,1,Water damage in the kitchen ceiling from a burst pipe in the upstairs bathroom on April 3.,0
2260.0,HEALTH,1431,0,1,Tree branch fell during the storm on March 12 and dented the roof above the garage.,0
3350.33,LIFE,1401,1,0,Front-end collision when the other driver ran a red light at Oak Ave; police report filed.,0
665.33,AUTO,1175,1,0,Rear-end collision at the intersection of Elm Blvd and Walnut Rd; minor whiplash and bumper damage.,0
638.05,AUTO,1423,0,0,Water damage in the kitchen ceiling from a burst pipe in the upstairs bathroom on April 3.,0
5457.14,HEALTH,1463,1,0,"Deer collision on the highway near exit 42; airbag deployed, vehicle towed.",0
1197.11,HEALTH,1152,0,1,"Bicycle accident; broken collarbone, treated at St. Luke's, X-rays and follow-up scheduled.",0
438.41,AUTO,891,1,0,Rear-end collision at the intersection of Main St and Maple Ave; minor whiplash and bumper damage.,0
2818.08,HEALTH,307,1,1,Hailstorm on May 18 caused dents on the hood and cracked the windshield.,0
2873.74,AUTO,1223,0,0,Hailstorm on March 12 caused dents on the hood and cracked the windshield.,1
391.23,PROPERTY,292,1,0,Rear-end collision at the intersection of 5th Ave and Maple Ave; minor whiplash and bumper damage.,0
2274.42,PROPERTY,278,0,0,"Kitchen fire started from an unattended pan, contained by smoke detector and extinguisher.",0
3772.84,HEALTH,1319,0,0,Water damage in the kitchen ceiling from a burst pipe in the upstairs bathroom on May 18.,1
2629.07,LIFE,172,1,0,Rear-end collision at the intersection of Pine Rd and Maple Ave; minor whiplash and bumper damage.,0
3401.53,LIFE,213,0,0,Backyard fence damaged by neighbour's tree falling during high winds on June 24.,0
443.96,AUTO,766,1,0,Lightning strike damaged HVAC unit on June 24; technician assessment attached.,0
2517.55,AUTO,876,0,1,Tree branch fell during the storm on June 24 and dented the roof above the garage.,0
1335.93,HEALTH,69,0,0,Lightning strike damaged HVAC unit on August 11; technician assessment attached.,0
1115.67,AUTO,567,1,0,"Deer collision on the highway near exit 190; airbag deployed, vehicle towed.",0
4318.03,AUTO,338,1,1,Rear-end collision at the intersection of 5th Ave and Walnut Rd; minor whiplash and bumper damage.,0
7936.87,AUTO,453,1,1,"Slipped on icy steps at the front entrance; sprained ankle, ER visit at City General.",0
10876.61,LIFE,272,1,0,"Burglary while on vacation; entry through the back window, electronics and jewellery taken, police report #PR-72276.",0
6733.21,HEALTH,1016,1,0,"Bicycle accident; broken collarbone, treated at St. Luke's, X-rays and follow-up scheduled.",0
1620.14,PROPERTY,710,0,1,Backyard fence damaged by neighbour's tree falling during high winds on March 12.,0
2572.72,AUTO,1439,0,0,"Bicycle accident; broken collarbone, treated at Mercy General, X-rays and follow-up scheduled.",0
3892.56,AUTO,13,1,0,Rear-end collision at the intersection of Elm Blvd and Maple Ave; minor whiplash and bumper damage.,0
2040.96,PROPERTY,1166,0,1,Tree branch fell during the storm on August 11 and dented the roof above the garage.,0
2060.62,AUTO,1364,1,1,Hailstorm on July 5 caused dents on the hood and cracked the windshield.,0
4120.6,AUTO,729,1,0,Front-end collision when the other driver ran a red light at Main St; police report filed.,0
1703.97,AUTO,1049,1,0,Hailstorm on June 24 caused dents on the hood and cracked the windshield.,0
871.93,HEALTH,661,1,1,Backyard fence damaged by neighbour's tree falling during high winds on May 18.,0
1194.55,AUTO,892,1,0,"Kitchen fire started from an unattended pan, contained by smoke detector and extinguisher.",1
3408.1,AUTO,1361,0,1,"Kitchen fire started from an unattended pan, contained by smoke detector and extinguisher.",0
1813.46,AUTO,795,1,0,Front-end collision when the other driver ran a red light at Elm Blvd; police report filed.,0
2540.74,AUTO,867,1,0,Rear-end collision at the intersection of Elm Blvd and Walnut Rd; minor whiplash and bumper damage.,0
3533.62,AUTO,1480,0,1,Front-end collision when the other driver ran a red light at Elm Blvd; police report filed.,0
1242.85,HEALTH,745,1,2,"Pipe burst in basement; water damage to flooring and stored items, plumber invoice attached.",0
3851.62,AUTO,260,1,0,"Deer collision on the highway near exit 187; airbag deployed, vehicle towed.",0
2640.81,AUTO,1024,0,2,Water damage in the kitchen ceiling from a burst pipe in the upstairs bathroom on July 5.,0
525.94,HEALTH,1039,1,0,"Bicycle accident; broken collarbone, treated at Riverside Medical, X-rays and follow-up scheduled.",0
7648.81,PROPERTY,356,1,1,"Burglary while on vacation; entry through the back window, electronics and jewellery taken, police report #PR-22545.",0
1095.82,AUTO,1093,0,1,"Side-swipe accident on highway; dashcam footage available, other driver's insurance contacted.",0
345.47,AUTO,96,1,1,Hailstorm on June 24 caused dents on the hood and cracked the windshield.,0
635.85,AUTO,480,0,2,Rear-end collision at the intersection of Pine Rd and Birch St; minor whiplash and bumper damage.,0
651.29,LIFE,1282,0,0,"Burglary while on vacation; entry through the back window, electronics and jewellery taken, police report #PR-86628.",0
1904.88,AUTO,926,0,0,Backyard fence damaged by neighbour's tree falling during high winds on May 18.,0
1374.92,AUTO,911,1,0,"Burglary while on vacation; entry through the back window, electronics and jewellery taken, police report #PR-90213.",0
1290.99,HEALTH,931,0,1,"Burglary while on vacation; entry through the back window, electronics and jewellery taken, police report #PR-17530.",0
3360.02,AUTO,248,0,2,"Bicycle accident; broken collarbone, treated at City General, X-rays and follow-up scheduled.",0
2539.89,AUTO,1442,1,1,Front-end collision when the other driver ran a red light at Pine Rd; police report filed.,0
2480.08,AUTO,447,1,0,Tree branch fell during the storm on August 11 and dented the roof above the garage.,0
2723.92,HEALTH,1179,0,0,"Burglary while on vacation; entry through the back window, electronics and jewellery taken, police report #PR-17219.",0
3348.05,HEALTH,1484,0,0,Lightning strike damaged HVAC unit on June 24; technician assessment attached.,0
219.65,HEALTH,362,1,1,Rear-end collision at the intersection of Elm Blvd and Cedar Lane; minor whiplash and bumper damage.,0
1255.84,PROPERTY,952,1,0,"Pipe burst in basement; water damage to flooring and stored items, plumber invoice attached.",0
204.34,AUTO,64,1,1,Backyard fence damaged by neighbour's tree falling during high winds on August 11.,0
1874.43,PROPERTY,954,0,1,Front-end collision when the other driver ran a red light at Oak Ave; police report filed.,0
1799.69,PROPERTY,662,1,1,"Deer collision on the highway near exit 112; airbag deployed, vehicle towed.",0
5143.72,PROPERTY,109,1,1,"Minor parking lot collision at Walmart; both drivers exchanged details, insurance info noted.",0
5929.14,PROPERTY,1008,0,0,Lightning strike damaged HVAC unit on May 18; technician assessment attached.,0
2214.48,AUTO,1453,0,0,"Burglary while on vacation; entry through the back window, electronics and jewellery taken, police report #PR-24334.",0
1096.24,AUTO,125,0,1,"Burglary while on vacation; entry through the back window, electronics and jewellery taken, police report #PR-73212.",0
2937.05,HEALTH,1339,0,1,Front-end collision when the other driver ran a red light at Main St; police report filed.,0
1066.44,AUTO,1265,0,1,Lightning strike damaged HVAC unit on August 11; technician assessment attached.,0
1805.53,HEALTH,822,1,0,"Bicycle accident; broken collarbone, treated at Mercy General, X-rays and follow-up scheduled.",0
4847.1,AUTO,1352,1,0,"Pipe burst in basement; water damage to flooring and stored items, plumber invoice attached.",0
1035.07,AUTO,464,1,0,Hailstorm on August 11 caused dents on the hood and cracked the windshield.,0
4046.79,PROPERTY,1080,0,0,"Kitchen fire started from an unattended pan, contained by smoke detector and extinguisher.",0
3559.59,HEALTH,1047,1,1,Lightning strike damaged HVAC unit on March 12; technician assessment attached.,0
695.9,HEALTH,871,1,2,Front-end collision when the other driver ran a red light at 5th Ave; police report filed.,0
4788.12,AUTO,1250,1,0,"Side-swipe accident on highway; dashcam footage available, other driver's insurance contacted.",0
3635.73,HEALTH,1314,1,1,"Lost expensive jewellery, no receipt, not sure when.",0
2002.05,PROPERTY,1179,1,0,Car was damaged.,0
843.6,HEALTH,882,0,2,Water damage in the kitchen ceiling from a burst pipe in the upstairs bathroom on April 3.,0
765.7,HEALTH,1465,1,0,"Burglary while on vacation; entry through the back window, electronics and jewellery taken, police report #PR-35788.",0
1056.1,HEALTH,833,1,1,Front-end collision when the other driver ran a red light at Pine Rd; police report filed.,0
3110.67,AUTO,955,1,0,Rear-end collision at the intersection of Pine Rd and Birch St; minor whiplash and bumper damage.,0
695.32,HEALTH,284,1,1,Hailstorm on March 12 caused dents on the hood and cracked the windshield.,0
2800.39,LIFE,482,1,0,Hailstorm on March 12 caused dents on the hood and cracked the windshield.,0
522.3,HEALTH,1357,1,1,Lightning strike damaged HVAC unit on April 3; technician assessment attached.,0
1474.29,AUTO,747,0,1,"Burglary while on vacation; entry through the back window, electronics and jewellery taken, police report #PR-52517.",0
2017.57,HEALTH,767,0,1,Lightning strike damaged HVAC unit on May 18; technician assessment attached.,0
20850.44,HEALTH,1224,1,2,Rear-end collision at the intersection of Oak Ave and Birch St; minor whiplash and bumper damage.,0
456.09,LIFE,489,1,1,"Fire damage, unknown cause, total loss.",1
7879.46,PROPERTY,398,1,0,"Bicycle accident; broken collarbone, treated at St. Luke's, X-rays and follow-up scheduled.",0
2100.31,AUTO,14,0,2,Backyard fence damaged by neighbour's tree falling during high winds on April 3.,0
2727.59,AUTO,347,1,1,"Side-swipe accident on highway; dashcam footage available, other driver's insurance contacted.",0
2035.2,HEALTH,768,0,0,Front-end collision when the other driver ran a red light at Elm Blvd; police report filed.,0
2820.66,AUTO,1087,0,0,Water damage in the kitchen ceiling from a burst pipe in the upstairs bathroom on June 24.,0
1550.47,HEALTH,494,0,0,"Slipped on icy steps at the front entrance; sprained ankle, ER visit at Riverside Medical.",0
7739.17,PROPERTY,667,0,0,Lightning strike damaged HVAC unit on July 5; technician assessment attached.,0
1145.42,HEALTH,333,1,0,"Burglary while on vacation; entry through the back window, electronics and jewellery taken, police report #PR-83747.",0
5609.6,AUTO,1225,0,0,"Bicycle accident; broken collarbone, treated at Riverside Medical, X-rays and follow-up scheduled.",0
949.21,PROPERTY,787,0,0,Water damage in the kitchen ceiling from a burst pipe in the upstairs bathroom on July 5.,0
1702.32,PROPERTY,216,1,0,Backyard fence damaged by neighbour's tree falling during high winds on June 24.,0
618.96,AUTO,914,0,1,"Bicycle accident; broken collarbone, treated at City General, X-rays and follow-up scheduled.",0
2849.86,HEALTH,504,0,1,"Slipped on icy steps at the front entrance; sprained ankle, ER visit at Mercy General.",0
7670.41,HEALTH,1297,0,0,"Pipe burst in basement; water damage to flooring and stored items, plumber invoice attached.",0
1673.45,PROPERTY,402,0,2,"Minor parking lot collision at Costco; both drivers exchanged details, insurance info noted.",0
1484.92,AUTO,1297,1,1,Lightning strike damaged HVAC unit on July 5; technician assessment attached.,1
593.11,AUTO,1047,0,0,Water damage in the kitchen ceiling from a burst pipe in the upstairs bathroom on May 18.,0
1437.57,HEALTH,203,0,1,"Pipe burst in basement; water damage to flooring and stored items, plumber invoice attached.",0
367.68,AUTO,1139,0,1,"Kitchen fire started from an unattended pan, contained by smoke detector and extinguisher.",0
725.69,HEALTH,1081,0,1,"Bicycle accident; broken collarbone, treated at City General, X-rays and follow-up scheduled.",0
2268.3,PROPERTY,684,0,0,Car was damaged.,1
6761.59,AUTO,241,0,0,"Deer collision on the highway near exit 78; airbag deployed, vehicle towed.",0
30007.75,HEALTH,717,0,0,"Minor parking lot collision at Costco; both drivers exchanged details, insurance info noted.",1
1005.68,LIFE,913,0,1,"Slipped on icy steps at the front entrance; sprained ankle, ER visit at Mercy General.",0
7595.42,HEALTH,198,1,0,Rear-end collision at the intersection of Elm Blvd and Maple Ave; minor whiplash and bumper damage.,0
2307.11,HEALTH,512,0,0,Rear-end collision at the intersection of Elm Blvd and Maple Ave; minor whiplash and bumper damage.,0
1554.26,HEALTH,1053,0,0,"Items stolen, no witnesses, cash and electronics gone.",0
2786.65,AUTO,829,1,0,"Pipe burst in basement; water damage to flooring and stored items, plumber invoice attached.",0
1923.53,AUTO,1488,0,0,"Damage occurred while alone, nobody saw, no police report.",0
2019.08,HEALTH,325,1,0,Tree branch fell during the storm on May 18 and dented the roof above the garage.,0
1201.91,AUTO,1167,0,0,Hailstorm on March 12 caused dents on the hood and cracked the windshield.,0
446.7,AUTO,638,1,0,Water damage in the kitchen ceiling from a burst pipe in the upstairs bathroom on July 5.,0
386.21,AUTO,335,1,1,"Pipe burst in basement; water damage to flooring and stored items, plumber invoice attached.",0
3474.64,PROPERTY,1426,0,0,Hailstorm on May 18 caused dents on the hood and cracked the windshield.,0
1371.01,AUTO,935,0,0,Lightning strike damaged HVAC unit on April 3; technician assessment attached.,0
996.16,PROPERTY,803,1,1,"Burglary while on vacation; entry through the back window, electronics and jewellery taken, police report #PR-47340.",0
1823.49,AUTO,443,1,0,Rear-end collision at the intersection of Pine Rd and Maple Ave; minor whiplash and bumper damage.,0
4003.53,HEALTH,1322,0,2,"Burglary while on vacation; entry through the back window, electronics and jewellery taken, police report #PR-64628.",0
2165.41,AUTO,46,1,0,"Burglary while on vacation; entry through the back window, electronics and jewellery taken, police report #PR-13153.",0
938.18,AUTO,173,0,0,Front-end collision when the other driver ran a red light at Oak Ave; police report filed.,0
6162.84,HEALTH,270,1,0,Water damage in the kitchen ceiling from a burst pipe in the upstairs bathroom on March 12.,0
8770.82,HEALTH,979,0,0,"Deer collision on the highway near exit 150; airbag deployed, vehicle towed.",0
2964.78,AUTO,154,1,1,"Side-swipe accident on highway; dashcam footage available, other driver's insurance contacted.",0
4787.02,HEALTH,1195,0,0,Front-end collision when the other driver ran a red light at Pine Rd; police report filed.,0
6260.15,HEALTH,294,1,0,Lightning strike damaged HVAC unit on May 18; technician assessment attached.,0
5597.63,AUTO,1015,0,0,Tree branch fell during the storm on April 3 and dented the roof above the garage.,0
3341.25,HEALTH,1193,1,0,Tree branch fell during the storm on July 5 and dented the roof above the garage.,0
3289.03,AUTO,1318,1,0,"Burglary while on vacation; entry through the back window, electronics and jewellery taken, police report #PR-68125.",0
3040.15,HEALTH,439,1,0,"Slipped on icy steps at the front entrance; sprained ankle, ER visit at Riverside Medical.",0
603.45,AUTO,112,1,0,"Pipe burst in basement; water damage to flooring and stored items, plumber invoice attached.",0
3643.58,HEALTH,1135,1,0,"Minor parking lot collision at Target; both drivers exchanged details, insurance info noted.",0
466.0,AUTO,673,1,1,"Deer collision on the highway near exit 15; airbag deployed, vehicle towed.",0
816.81,HEALTH,1423,0,0,Rear-end collision at the intersection of Elm Blvd and Cedar Lane; minor whiplash and bumper damage.,0
6657.94,HEALTH,283,1,1,Front-end collision when the other driver ran a red light at Elm Blvd; police report filed.,0
4189.01,PROPERTY,861,1,0,"Deer collision on the highway near exit 29; airbag deployed, vehicle towed.",0
8001.61,HEALTH,179,1,0,Water damage in the kitchen ceiling from a burst pipe in the upstairs bathroom on July 5.,0
1377.91,PROPERTY,728,1,0,"Pipe burst in basement; water damage to flooring and stored items, plumber invoice attached.",0
571.21,AUTO,2,1,0,"Broken items, unwitnessed accident at home.",1
1421.63,AUTO,1125,1,1,"Burglary while on vacation; entry through the back window, electronics and jewellery taken, police report #PR-89864.",0
2002.26,AUTO,907,1,0,Lightning strike damaged HVAC unit on July 5; technician assessment attached.,0
1956.65,HEALTH,146,1,0,"Minor parking lot collision at Home Depot; both drivers exchanged details, insurance info noted.",0
5617.72,HEALTH,749,0,0,"Bicycle accident; broken collarbone, treated at Riverside Medical, X-rays and follow-up scheduled.",0
1259.83,PROPERTY,642,1,0,Hailstorm on June 24 caused dents on the hood and cracked the windshield.,0
2570.96,HEALTH,1010,1,0,Hailstorm on June 24 caused dents on the hood and cracked the windshield.,0
672.75,HEALTH,748,1,0,"Slipped on icy steps at the front entrance; sprained ankle, ER visit at Mercy General.",0
2836.47,AUTO,689,1,2,Tree branch fell during the storm on June 24 and dented the roof above the garage.,0
1813.67,AUTO,1246,1,3,"Lost expensive jewellery, no receipt, not sure when.",0
854.22,PROPERTY,779,1,0,Backyard fence damaged by neighbour's tree falling during high winds on July 5.,0
1428.2,AUTO,1221,1,0,Backyard fence damaged by neighbour's tree falling during high winds on July 5.,0
1503.91,AUTO,1328,1,1,"Sudden mechanical failure, vehicle written off, no third party.",1
1380.01,PROPERTY,1272,1,0,Backyard fence damaged by neighbour's tree falling during high winds on July 5.,0
10629.0,LIFE,1433,1,2,Hailstorm on May 18 caused dents on the hood and cracked the windshield.,0
1638.53,HEALTH,1047,0,0,"Slipped on icy steps at the front entrance; sprained ankle, ER visit at City General.",0
1416.73,AUTO,843,1,0,"Side-swipe accident on highway; dashcam footage available, other driver's insurance contacted.",0
221.97,PROPERTY,796,1,0,"Burglary while on vacation; entry through the back window, electronics and jewellery taken, police report #PR-58283.",0
739.37,AUTO,307,1,0,Lightning strike damaged HVAC unit on July 5; technician assessment attached.,0
1389.82,HEALTH,1241,1,0,Lightning strike damaged HVAC unit on June 24; technician assessment attached.,0
910.64,AUTO,1040,0,0,"Slipped on icy steps at the front entrance; sprained ankle, ER visit at St. Luke's.",0
7199.07,PROPERTY,1310,0,0,"Side-swipe accident on highway; dashcam footage available, other driver's insurance contacted.",0
1533.12,PROPERTY,1052,1,0,Front-end collision when the other driver ran a red light at Elm Blvd; police report filed.,0
6558.02,HEALTH,721,1,0,Backyard fence damaged by neighbour's tree falling during high winds on May 18.,1
1923.12,AUTO,443,1,0,Backyard fence damaged by neighbour's tree falling during high winds on May 18.,0
1876.62,HEALTH,1478,0,1,"Fire damage, unknown cause, total loss.",1
1654.42,AUTO,1100,1,1,"Burglary while on vacation; entry through the back window, electronics and jewellery taken, police report #PR-48877.",0
1814.92,PROPERTY,1312,1,0,"Pipe burst in basement; water damage to flooring and stored items, plumber invoice attached.",0
10084.9,AUTO,877,1,2,Hailstorm on August 11 caused dents on the hood and cracked the windshield.,0
177.75,AUTO,766,0,1,Lightning strike damaged HVAC unit on July 5; technician assessment attached.,0
244.31,PROPERTY,52,0,1,"Side-swipe accident on highway; dashcam footage available, other driver's insurance contacted.",1
1050.3,HEALTH,104,1,3,Front-end collision when the other driver ran a red light at Oak Ave; police report filed.,0
1834.5,PROPERTY,1060,1,1,"Kitchen fire started from an unattended pan, contained by smoke detector and extinguisher.",0
3605.1,AUTO,337,1,0,"Slipped on icy steps at the front entrance; sprained ankle, ER visit at St. Luke's.",0
2901.8,PROPERTY,123,0,1,Water damage in the kitchen ceiling from a burst pipe in the upstairs bathroom on July 5.,0
1231.21,AUTO,1164,0,0,Water damage in the kitchen ceiling from a burst pipe in the upstairs bathroom on July 5.,0
5009.26,AUTO,931,0,1,Lightning strike damaged HVAC unit on August 11; technician assessment attached.,0
5065.44,HEALTH,167,1,2,"Side-swipe accident on highway; dashcam footage available, other driver's insurance contacted.",0
2173.42,AUTO,750,0,0,Backyard fence damaged by neighbour's tree falling during high winds on August 11.,0
4734.62,HEALTH,705,1,1,Tree branch fell during the storm on July 5 and dented the roof above the garage.,0
2374.74,AUTO,6,1,1,"Side-swipe accident on highway; dashcam footage available, other driver's insurance contacted.",0
1031.24,AUTO,907,1,0,Rear-end collision at the intersection of Oak Ave and Walnut Rd; minor whiplash and bumper damage.,0
3633.01,PROPERTY,595,0,0,"Burglary while on vacation; entry through the back window, electronics and jewellery taken, police report #PR-81910.",0
2019.52,AUTO,1317,1,1,Water damage in the kitchen ceiling from a burst pipe in the upstairs bathroom on March 12.,0
1810.47,HEALTH,174,1,2,Lightning strike damaged HVAC unit on March 12; technician assessment attached.,0
7886.86,PROPERTY,1270,0,0,"Property damage but no witnesses, claim is for full replacement value.",0
155.89,AUTO,10,1,0,"Burglary while on vacation; entry through the back window, electronics and jewellery taken, police report #PR-33521.",0
438.04,PROPERTY,1146,0,1,Hailstorm on July 5 caused dents on the hood and cracked the windshield.,0
551.66,AUTO,1174,1,2,"Side-swipe accident on highway; dashcam footage available, other driver's insurance contacted.",0
1257.32,AUTO,612,1,0,Water damage in the kitchen ceiling from a burst pipe in the upstairs bathroom on May 18.,0
1401.63,AUTO,421,0,2,Lightning strike damaged HVAC unit on March 12; technician assessment attached.,0
400.48,PROPERTY,214,1,0,"Pipe burst in basement; water damage to flooring and stored items, plumber invoice attached.",0
675.09,HEALTH,510,1,0,"Pipe burst in basement; water damage to flooring and stored items, plumber invoice attached.",0
764.45,HEALTH,1004,1,0,"Burglary while on vacation; entry through the back window, electronics and jewellery taken, police report #PR-39458.",0
21108.35,LIFE,1087,0,1,"Burglary while on vacation; entry through the back window, electronics and jewellery taken, police report #PR-57765.",0
10957.09,AUTO,272,0,1,"Pipe burst in basement; water damage to flooring and stored items, plumber invoice attached.",0
1197.81,PROPERTY,17,1,1,"Burglary while on vacation; entry through the back window, electronics and jewellery taken, police report #PR-38074.",0
1256.92,PROPERTY,842,1,1,Lightning strike damaged HVAC unit on July 5; technician assessment attached.,0
572.95,PROPERTY,871,1,1,"Burglary while on vacation; entry through the back window, electronics and jewellery taken, police report #PR-65989.",0
268.24,PROPERTY,1471,0,0,Front-end collision when the other driver ran a red light at 5th Ave; police report filed.,0
1608.6,LIFE,1142,1,0,Front-end collision when the other driver ran a red light at Main St; police report filed.,0
666.57,AUTO,825,0,0,Backyard fence damaged by neighbour's tree falling during high winds on April 3.,0
1660.96,PROPERTY,888,1,0,"Bicycle accident; broken collarbone, treated at St. Luke's, X-rays and follow-up scheduled.",0
364.96,PROPERTY,968,0,0,Lightning strike damaged HVAC unit on June 24; technician assessment attached.,0
843.89,HEALTH,678,0,0,"Property damage but no witnesses, claim is for full replacement value.",1
2097.76,AUTO,1016,0,0,"Burglary while on vacation; entry through the back window, electronics and jewellery taken, police report #PR-73877.",0
2607.66,LIFE,293,1,0,"Slipped on icy steps at the front entrance; sprained ankle, ER visit at City General.",0
2744.82,AUTO,1245,0,1,"Deer collision on the highway near exit 176; airbag deployed, vehicle towed.",0
482.76,HEALTH,1292,1,0,Lightning strike damaged HVAC unit on May 18; technician assessment attached.,0
4250.05,HEALTH,653,0,1,"Pipe burst in basement; water damage to flooring and stored items, plumber invoice attached.",0
812.23,AUTO,685,1,2,"Side-swipe accident on highway; dashcam footage available, other driver's insurance contacted.",0
3404.52,PROPERTY,746,1,0,"Kitchen fire started from an unattended pan, contained by smoke detector and extinguisher.",0
1788.91,AUTO,1226,0,0,"Pipe burst in basement; water damage to flooring and stored items, plumber invoice attached.",0
456.51,HEALTH,264,0,2,"Burglary while on vacation; entry through the back window, electronics and jewellery taken, police report #PR-27342.",0
1317.91,PROPERTY,512,0,1,Hailstorm on June 24 caused dents on the hood and cracked the windshield.,0
2605.46,AUTO,922,1,1,Tree branch fell during the storm on August 11 and dented the roof above the garage.,0
3337.46,PROPERTY,1040,1,0,"Deer collision on the highway near exit 50; airbag deployed, vehicle towed.",0
1570.28,AUTO,444,0,0,"Minor parking lot collision at Walmart; both drivers exchanged details, insurance info noted.",0
8364.73,PROPERTY,176,1,0,"House contents destroyed, fire of unknown origin, no smoke alarm activated.",1
4951.82,LIFE,761,1,1,Tree branch fell during the storm on August 11 and dented the roof above the garage.,0
1398.77,AUTO,958,1,0,Water damage in the kitchen ceiling from a burst pipe in the upstairs bathroom on August 11.,0
3828.09,HEALTH,1150,1,0,"Minor parking lot collision at Walmart; both drivers exchanged details, insurance info noted.",0
12503.87,HEALTH,5,1,2,"Total loss, no documentation available.",1
12842.11,HEALTH,27,1,2,"Total loss, no documentation available.",1
529.54,PROPERTY,580,1,0,"Slipped on icy steps at the front entrance; sprained ankle, ER visit at City General.",0
715.85,HEALTH,846,0,1,Rear-end collision at the intersection of Oak Ave and Cedar Lane; minor whiplash and bumper damage.,0
7981.8,HEALTH,6,1,0,Lightning strike damaged HVAC unit on March 12; technician assessment attached.,0
627.48,AUTO,260,1,1,"Bicycle accident; broken collarbone, treated at Riverside Medical, X-rays and follow-up scheduled.",0
481.77,AUTO,628,1,1,"Burglary while on vacation; entry through the back window, electronics and jewellery taken, police report #PR-26195.",0
1111.88,PROPERTY,419,0,0,Backyard fence damaged by neighbour's tree falling during high winds on June 24.,0
2752.39,AUTO,1066,1,2,Hailstorm on April 3 caused dents on the hood and cracked the windshield.,0
1632.07,HEALTH,53,0,1,Backyard fence damaged by neighbour's tree falling during high winds on August 11.,0
943.35,AUTO,1332,1,0,"Side-swipe accident on highway; dashcam footage available, other driver's insurance contacted.",0
921.3,PROPERTY,255,0,0,"Deer collision on the highway near exit 180; airbag deployed, vehicle towed.",0
886.84,HEALTH,661,1,0,"Bicycle accident; broken collarbone, treated at City General, X-rays and follow-up scheduled.",0
750.31,HEALTH,1479,1,0,Front-end collision when the other driver ran a red light at Pine Rd; police report filed.,0
17705.54,AUTO,994,0,0,"Items missing after recent move, exact value uncertain.",1
2434.54,HEALTH,1497,0,0,"Side-swipe accident on highway; dashcam footage available, other driver's insurance contacted.",0
4388.57,LIFE,30,0,0,Rear-end collision at the intersection of Pine Rd and Maple Ave; minor whiplash and bumper damage.,0
1108.68,HEALTH,1080,1,0,Car was damaged.,0
1501.23,HEALTH,114,1,0,"Pipe burst in basement; water damage to flooring and stored items, plumber invoice attached.",0
885.76,PROPERTY,918,1,3,"Slipped on icy steps at the front entrance; sprained ankle, ER visit at Mercy General.",0
127.52,AUTO,489,1,1,Tree branch fell during the storm on July 5 and dented the roof above the garage.,0
455.77,HEALTH,1165,1,0,Hailstorm on August 11 caused dents on the hood and cracked the windshield.,0
295.71,AUTO,187,0,1,"Minor parking lot collision at Home Depot; both drivers exchanged details, insurance info noted.",0
190.61,AUTO,1344,1,2,"Broken items, unwitnessed accident at home.",1
547.11,PROPERTY,721,1,0,"Stolen valuables, all cash, no inventory list.",0
6801.89,PROPERTY,779,0,1,"House contents destroyed, fire of unknown origin, no smoke alarm activated.",1
1729.46,PROPERTY,857,1,0,Backyard fence damaged by neighbour's tree falling during high winds on July 5.,0
6571.94,PROPERTY,53,1,0,"Pipe burst in basement; water damage to flooring and stored items, plumber invoice attached.",0
2727.07,HEALTH,466,1,1,"Minor parking lot collision at Walmart; both drivers exchanged details, insurance info noted.",0
3954.3,AUTO,1064,1,2,Lightning strike damaged HVAC unit on August 11; technician assessment attached.,0
734.44,HEALTH,1441,0,0,Hailstorm on March 12 caused dents on the hood and cracked the windshield.,0
3053.22,LIFE,1476,1,1,"Pipe burst in basement; water damage to flooring and stored items, plumber invoice attached.",0
3747.01,PROPERTY,804,0,0,"Side-swipe accident on highway; dashcam footage available, other driver's insurance contacted.",0
1015.72,HEALTH,387,1,0,"Kitchen fire started from an unattended pan, contained by smoke detector and extinguisher.",0
3163.84,HEALTH,716,0,1,"Slipped on icy steps at the front entrance; sprained ankle, ER visit at Mercy General.",0
3184.94,PROPERTY,695,1,0,Backyard fence damaged by neighbour's tree falling during high winds on August 11.,0
1043.62,PROPERTY,596,1,0,"Minor parking lot collision at Walmart; both drivers exchanged details, insurance info noted.",0
588.3,PROPERTY,542,0,0,"Total loss, no documentation available.",0
553.28,HEALTH,1302,0,1,"Pipe burst in basement; water damage to flooring and stored items, plumber invoice attached.",0
1971.41,AUTO,586,0,2,"Stolen valuables, all cash, no inventory list.",1
2507.42,HEALTH,44,1,1,Lightning strike damaged HVAC unit on April 3; technician assessment attached.,0
818.5,AUTO,1082,1,1,Lightning strike damaged HVAC unit on April 3; technician assessment attached.,0
1856.75,PROPERTY,997,0,1,"Burglary while on vacation; entry through the back window, electronics and jewellery taken, police report #PR-81814.",0
3198.82,HEALTH,568,1,1,"Pipe burst in basement; water damage to flooring and stored items, plumber invoice attached.",0
3354.95,HEALTH,945,1,0,"Kitchen fire started from an unattended pan, contained by smoke detector and extinguisher.",0
8534.57,AUTO,1411,1,1,Tree branch fell during the storm on July 5 and dented the roof above the garage.,0
6483.27,HEALTH,1386,1,0,"Fire damage, unknown cause, total loss.",0
664.28,HEALTH,1184,1,1,"Bicycle accident; broken collarbone, treated at Riverside Medical, X-rays and follow-up scheduled.",0
9736.01,AUTO,875,1,2,Water damage in the kitchen ceiling from a burst pipe in the upstairs bathroom on March 12.,0
1063.18,PROPERTY,42,0,0,"Deer collision on the highway near exit 146; airbag deployed, vehicle towed.",0
5140.33,AUTO,768,0,2,"Kitchen fire started from an unattended pan, contained by smoke detector and extinguisher.",0
1935.24,HEALTH,1228,1,1,"Slipped on icy steps at the front entrance; sprained ankle, ER visit at City General.",0
1197.33,AUTO,1267,1,0,Hailstorm on May 18 caused dents on the hood and cracked the windshield.,0
296.58,HEALTH,1159,0,1,Water damage in the kitchen ceiling from a burst pipe in the upstairs bathroom on August 11.,1
1523.0,PROPERTY,1479,1,0,"Bicycle accident; broken collarbone, treated at City General, X-rays and follow-up scheduled.",0
380.17,PROPERTY,775,0,0,"House contents destroyed, fire of unknown origin, no smoke alarm activated.",1
4756.65,AUTO,165,1,1,"Side-swipe accident on highway; dashcam footage available, other driver's insurance contacted.",0
8240.31,LIFE,745,1,0,Rear-end collision at the intersection of Main St and Cedar Lane; minor whiplash and bumper damage.,0
814.92,PROPERTY,478,1,0,Lightning strike damaged HVAC unit on May 18; technician assessment attached.,0
2445.42,AUTO,1253,1,0,Front-end collision when the other driver ran a red light at Elm Blvd; police report filed.,0
875.34,AUTO,1165,0,1,Rear-end collision at the intersection of 5th Ave and Walnut Rd; minor whiplash and bumper damage.,0
964.41,AUTO,637,0,0,"Side-swipe accident on highway; dashcam footage available, other driver's insurance contacted.",0
3922.54,PROPERTY,582,0,1,"Minor parking lot collision at Home Depot; both drivers exchanged details, insurance info noted.",0
1739.69,AUTO,240,1,0,"Slipped on icy steps at the front entrance; sprained ankle, ER visit at City General.",0
10297.41,HEALTH,65,0,2,Rear-end collision at the intersection of Oak Ave and Cedar Lane; minor whiplash and bumper damage.,0
1116.29,PROPERTY,470,1,1,Lightning strike damaged HVAC unit on March 12; technician assessment attached.,0
4911.51,PROPERTY,362,0,1,Front-end collision when the other driver ran a red light at 5th Ave; police report filed.,0
1993.03,HEALTH,398,1,1,"Slipped on icy steps at the front entrance; sprained ankle, ER visit at Mercy General.",0
4006.92,PROPERTY,1497,0,2,Water damage in the kitchen ceiling from a burst pipe in the upstairs bathroom on August 11.,0
1156.14,AUTO,1021,1,1,"Deer collision on the highway near exit 155; airbag deployed, vehicle towed.",0
1720.62,PROPERTY,827,1,0,"Sudden mechanical failure, vehicle written off, no third party.",0
1610.82,AUTO,269,1,0,Hailstorm on August 11 caused dents on the hood and cracked the windshield.,0
783.63,AUTO,1261,1,0,Backyard fence damaged by neighbour's tree falling during high winds on April 3.,0
3505.48,LIFE,967,1,1,"Bicycle accident; broken collarbone, treated at City General, X-rays and follow-up scheduled.",0
3464.24,AUTO,772,0,0,Hailstorm on June 24 caused dents on the hood and cracked the windshield.,0
3273.3,AUTO,699,1,0,"Pipe burst in basement; water damage to flooring and stored items, plumber invoice attached.",0
8408.22,HEALTH,829,1,1,"Minor parking lot collision at Costco; both drivers exchanged details, insurance info noted.",0
7702.84,AUTO,1259,1,0,Water damage in the kitchen ceiling from a burst pipe in the upstairs bathroom on August 11.,0
1242.72,AUTO,1080,1,0,"Burglary while on vacation; entry through the back window, electronics and jewellery taken, police report #PR-37767.",0
2625.57,HEALTH,728,0,0,"Side-swipe accident on highway; dashcam footage available, other driver's insurance contacted.",0
969.13,PROPERTY,1001,1,1,"Burglary while on vacation; entry through the back window, electronics and jewellery taken, police report #PR-10847.",0
1850.77,PROPERTY,1394,0,0,"Burglary while on vacation; entry through the back window, electronics and jewellery taken, police report #PR-98241.",0
992.52,AUTO,490,0,0,"Deer collision on the highway near exit 36; airbag deployed, vehicle towed.",0
9136.84,HEALTH,1350,0,0,"Side-swipe accident on highway; dashcam footage available, other driver's insurance contacted.",0
2601.12,PROPERTY,910,1,0,Front-end collision when the other driver ran a red light at Pine Rd; police report filed.,0
1453.85,AUTO,278,0,0,"Burglary while on vacation; entry through the back window, electronics and jewellery taken, police report #PR-29368.",0
5964.73,AUTO,1450,1,2,Lightning strike damaged HVAC unit on August 11; technician assessment attached.,0
206.31,AUTO,1029,1,0,Front-end collision when the other driver ran a red light at Oak Ave; police report filed.,0
241.27,HEALTH,579,1,1,Front-end collision when the other driver ran a red light at Main St; police report filed.,0
4007.16,AUTO,322,0,0,Lightning strike damaged HVAC unit on May 18; technician assessment attached.,0
1920.75,PROPERTY,1373,1,0,"Pipe burst in basement; water damage to flooring and stored items, plumber invoice attached.",0
2322.61,LIFE,1235,1,0,"Bicycle accident; broken collarbone, treated at Riverside Medical, X-rays and follow-up scheduled.",0
479.91,AUTO,67,1,1,"Bicycle accident; broken collarbone, treated at Mercy General, X-rays and follow-up scheduled.",0
1766.52,HEALTH,953,1,4,"Slipped on icy steps at the front entrance; sprained ankle, ER visit at City General.",0
13406.69,AUTO,172,0,0,"Minor parking lot collision at Home Depot; both drivers exchanged details, insurance info noted.",0
4122.44,AUTO,441,1,1,Rear-end collision at the intersection of Oak Ave and Cedar Lane; minor whiplash and bumper damage.,0
2142.45,PROPERTY,852,0,1,"Burglary while on vacation; entry through the back window, electronics and jewellery taken, police report #PR-10794.",0
1165.55,HEALTH,374,1,0,"Burglary while on vacation; entry through the back window, electronics and jewellery taken, police report #PR-73896.",0
1218.56,PROPERTY,769,0,0,Backyard fence damaged by neighbour's tree falling during high winds on April 3.,0
215.04,HEALTH,644,1,0,"Deer collision on the highway near exit 127; airbag deployed, vehicle towed.",0
2339.38,AUTO,872,1,0,"Broken items, unwitnessed accident at home.",0
4211.12,HEALTH,1201,0,0,Backyard fence damaged by neighbour's tree falling during high winds on April 3.,0
374.05,AUTO,233,1,0,"Minor parking lot collision at Home Depot; both drivers exchanged details, insurance info noted.",0
933.17,PROPERTY,1194,0,0,Rear-end collision at the intersection of Pine Rd and Walnut Rd; minor whiplash and bumper damage.,0
568.24,HEALTH,334,1,0,Rear-end collision at the intersection of Oak Ave and Maple Ave; minor whiplash and bumper damage.,0
688.59,AUTO,51,1,0,"Bicycle accident; broken collarbone, treated at Mercy General, X-rays and follow-up scheduled.",0
1907.37,HEALTH,670,1,0,"Slipped on icy steps at the front entrance; sprained ankle, ER visit at Riverside Medical.",0
224.89,HEALTH,454,1,0,Front-end collision when the other driver ran a red light at 5th Ave; police report filed.,0
3341.82,PROPERTY,277,1,0,Water damage in the kitchen ceiling from a burst pipe in the upstairs bathroom on August 11.,0
3842.41,AUTO,634,1,0,Lightning strike damaged HVAC unit on July 5; technician assessment attached.,0
1406.55,AUTO,1303,1,1,"Pipe burst in basement; water damage to flooring and stored items, plumber invoice attached.",0
151.3,AUTO,878,0,0,"Deer collision on the highway near exit 190; airbag deployed, vehicle towed.",0
667.53,AUTO,1092,0,0,"Kitchen fire started from an unattended pan, contained by smoke detector and extinguisher.",1
6203.7,HEALTH,225,1,1,"Pipe burst in basement; water damage to flooring and stored items, plumber invoice attached.",0
112.39,AUTO,114,1,0,"Burglary while on vacation; entry through the back window, electronics and jewellery taken, police report #PR-45960.",0
1277.27,HEALTH,503,1,0,"Kitchen fire started from an unattended pan, contained by smoke detector and extinguisher.",0
555.57,HEALTH,1161,1,0,Hailstorm on May 18 caused dents on the hood and cracked the windshield.,0
4042.3,AUTO,1328,1,0,Backyard fence damaged by neighbour's tree falling during high winds on August 11.,0
920.47,PROPERTY,153,1,2,Tree branch fell during the storm on April 3 and dented the roof above the garage.,0
2707.97,HEALTH,715,1,0,"Kitchen fire started from an unattended pan, contained by smoke detector and extinguisher.",0
3182.62,AUTO,595,1,0,Backyard fence damaged by neighbour's tree falling during high winds on April 3.,0
11341.52,HEALTH,1116,1,2,Rear-end collision at the intersection of 5th Ave and Birch St; minor whiplash and bumper damage.,0
1475.95,AUTO,309,0,0,Hailstorm on May 18 caused dents on the hood and cracked the windshield.,0
2633.44,PROPERTY,727,1,0,Water damage in the kitchen ceiling from a burst pipe in the upstairs bathroom on May 18.,0
409.5,HEALTH,1274,1,1,Lightning strike damaged HVAC unit on July 5; technician assessment attached.,0
5945.64,HEALTH,698,1,0,"Deer collision on the highway near exit 67; airbag deployed, vehicle towed.",0
845.13,PROPERTY,1172,0,0,Front-end collision when the other driver ran a red light at Elm Blvd; police report filed.,0
1031.99,PROPERTY,933,1,0,Rear-end collision at the intersection of Pine Rd and Birch St; minor whiplash and bumper damage.,0
1768.26,PROPERTY,896,0,1,"Burglary while on vacation; entry through the back window, electronics and jewellery taken, police report #PR-13307.",0
378.84,AUTO,389,0,0,"Kitchen fire started from an unattended pan, contained by smoke detector and extinguisher.",0
2272.8,AUTO,1488,1,1,"Property damage but no witnesses, claim is for full replacement value.",0
4757.45,HEALTH,375,1,1,"Slipped on icy steps at the front entrance; sprained ankle, ER visit at St. Luke's.",0
2423.42,HEALTH,1396,0,0,"Minor parking lot collision at Walmart; both drivers exchanged details, insurance info noted.",0
369.11,HEALTH,1484,1,0,"Minor parking lot collision at Walmart; both drivers exchanged details, insurance info noted.",0
1597.49,PROPERTY,767,1,0,"Burglary while on vacation; entry through the back window, electronics and jewellery taken, police report #PR-57971.",0
3797.24,AUTO,1303,1,2,"Slipped on icy steps at the front entrance; sprained ankle, ER visit at City General.",0
276.44,AUTO,1072,1,1,Water damage in the kitchen ceiling from a burst pipe in the upstairs bathroom on March 12.,0
617.23,HEALTH,1106,1,1,"Items stolen, no witnesses, cash and electronics gone.",0
4343.97,AUTO,103,1,0,"Stolen valuables, all cash, no inventory list.",0
2368.7,HEALTH,206,1,2,"Pipe burst in basement; water damage to flooring and stored items, plumber invoice attached.",0
2729.77,PROPERTY,105,1,1,"Pipe burst in basement; water damage to flooring and stored items, plumber invoice attached.",0
11608.52,HEALTH,46,0,1,"Property damage but no witnesses, claim is for full replacement value.",0
2888.67,PROPERTY,1254,0,0,"Kitchen fire started from an unattended pan, contained by smoke detector and extinguisher.",0
3490.81,HEALTH,263,1,0,Tree branch fell during the storm on August 11 and dented the roof above the garage.,0
27193.83,PROPERTY,10,0,0,"Bicycle accident; broken collarbone, treated at Riverside Medical, X-rays and follow-up scheduled.",0
1460.01,AUTO,1406,1,0,Hailstorm on March 12 caused dents on the hood and cracked the windshield.,0
814.13,PROPERTY,418,0,1,Front-end collision when the other driver ran a red light at Elm Blvd; police report filed.,0
2773.31,PROPERTY,1224,1,0,Rear-end collision at the intersection of Pine Rd and Birch St; minor whiplash and bumper damage.,0
2804.53,AUTO,1440,1,0,"Deer collision on the highway near exit 141; airbag deployed, vehicle towed.",0
1067.72,HEALTH,785,1,0,"Sudden mechanical failure, vehicle written off, no third party.",0
643.94,PROPERTY,1390,1,0,Hailstorm on March 12 caused dents on the hood and cracked the windshield.,0
18212.15,AUTO,1453,1,0,"Pipe burst in basement; water damage to flooring and stored items, plumber invoice attached.",0
2507.0,PROPERTY,217,1,0,"Total loss, no documentation available.",0
869.32,LIFE,220,0,1,Water damage in the kitchen ceiling from a burst pipe in the upstairs bathroom on March 12.,0
4518.48,PROPERTY,555,1,1,"Deer collision on the highway near exit 135; airbag deployed, vehicle towed.",0
1621.09,HEALTH,839,1,0,"Deer collision on the highway near exit 24; airbag deployed, vehicle towed.",0
1404.05,HEALTH,1179,0,0,"Burglary while on vacation; entry through the back window, electronics and jewellery taken, police report #PR-38956.",0
3172.49,LIFE,275,0,0,Backyard fence damaged by neighbour's tree falling during high winds on May 18.,0
496.77,HEALTH,290,1,0,"Broken items, unwitnessed accident at home.",1
2572.48,AUTO,460,0,1,"Burglary while on vacation; entry through the back window, electronics and jewellery taken, police report #PR-68442.",0
12246.0,AUTO,407,1,0,Hailstorm on July 5 caused dents on the hood and cracked the windshield.,0
2881.82,PROPERTY,1410,0,0,Car was damaged.,1
1241.14,HEALTH,594,1,0,Water damage in the kitchen ceiling from a burst pipe in the upstairs bathroom on March 12.,0
1088.87,AUTO,1302,1,1,"Kitchen fire started from an unattended pan, contained by smoke detector and extinguisher.",0
1199.5,AUTO,84,1,1,"Bicycle accident; broken collarbone, treated at Mercy General, X-rays and follow-up scheduled.",0
1402.54,PROPERTY,153,1,0,"Bicycle accident; broken collarbone, treated at St. Luke's, X-rays and follow-up scheduled.",0
1239.17,HEALTH,1205,0,0,"Side-swipe accident on highway; dashcam footage available, other driver's insurance contacted.",0
4520.2,PROPERTY,375,1,1,"Bicycle accident; broken collarbone, treated at Riverside Medical, X-rays and follow-up scheduled.",0
319.51,PROPERTY,124,1,1,Hailstorm on March 12 caused dents on the hood and cracked the windshield.,0
4281.25,LIFE,892,1,1,Rear-end collision at the intersection of Oak Ave and Walnut Rd; minor whiplash and bumper damage.,0
1236.84,PROPERTY,221,0,1,Rear-end collision at the intersection of Main St and Birch St; minor whiplash and bumper damage.,0
2635.82,AUTO,92,0,0,Water damage in the kitchen ceiling from a burst pipe in the upstairs bathroom on July 5.,0
585.82,HEALTH,609,1,1,"Deer collision on the highway near exit 100; airbag deployed, vehicle towed.",0
6826.93,AUTO,825,1,0,"Slipped on icy steps at the front entrance; sprained ankle, ER visit at City General.",0
6283.2,LIFE,791,0,0,Lightning strike damaged HVAC unit on March 12; technician assessment attached.,0
4720.12,AUTO,877,1,0,"Burglary while on vacation; entry through the back window, electronics and jewellery taken, police report #PR-52343.",0
397.52,HEALTH,36,0,0,"Deer collision on the highway near exit 144; airbag deployed, vehicle towed.",0
4142.77,PROPERTY,437,1,0,"Slipped on icy steps at the front entrance; sprained ankle, ER visit at City General.",0
2710.41,AUTO,515,0,0,"Deer collision on the highway near exit 111; airbag deployed, vehicle towed.",0
363.12,PROPERTY,440,0,0,"Property damage but no witnesses, claim is for full replacement value.",1
1764.64,AUTO,839,0,1,"Kitchen fire started from an unattended pan, contained by smoke detector and extinguisher.",0
2603.3,HEALTH,344,0,1,Hailstorm on March 12 caused dents on the hood and cracked the windshield.,0
3152.89,HEALTH,948,1,1,"Fire damage, unknown cause, total loss.",1
2158.7,AUTO,1403,0,1,Backyard fence damaged by neighbour's tree falling during high winds on March 12.,0
2419.29,HEALTH,991,1,0,"Side-swipe accident on highway; dashcam footage available, other driver's insurance contacted.",0
7892.05,PROPERTY,583,1,1,"Side-swipe accident on highway; dashcam footage available, other driver's insurance contacted.",0
6161.24,AUTO,652,1,1,"Slipped on icy steps at the front entrance; sprained ankle, ER visit at City General.",0
102.82,HEALTH,878,1,0,"Deer collision on the highway near exit 40; airbag deployed, vehicle towed.",0
1316.28,PROPERTY,1086,0,0,Front-end collision when the other driver ran a red light at Main St; police report filed.,0
1533.56,PROPERTY,453,0,1,"Pipe burst in basement; water damage to flooring and stored items, plumber invoice attached.",0
313.53,AUTO,58,1,1,"Slipped on icy steps at the front entrance; sprained ankle, ER visit at Mercy General.",0
1986.61,PROPERTY,1054,1,1,"Side-swipe accident on highway; dashcam footage available, other driver's insurance contacted.",0
6302.85,AUTO,992,1,0,"Burglary while on vacation; entry through the back window, electronics and jewellery taken, police report #PR-68533.",0
609.98,HEALTH,153,1,1,"Pipe burst in basement; water damage to flooring and stored items, plumber invoice attached.",0
2531.08,HEALTH,940,1,0,"Minor parking lot collision at Costco; both drivers exchanged details, insurance info noted.",0
723.55,PROPERTY,108,1,0,Rear-end collision at the intersection of Pine Rd and Maple Ave; minor whiplash and bumper damage.,0
923.42,AUTO,965,1,3,"Burglary while on vacation; entry through the back window, electronics and jewellery taken, police report #PR-64634.",0
7921.96,AUTO,1116,1,0,Backyard fence damaged by neighbour's tree falling during high winds on April 3.,0
1050.94,PROPERTY,24,1,1,Water damage in the kitchen ceiling from a burst pipe in the upstairs bathroom on June 24.,0
2870.42,AUTO,1090,1,0,"Pipe burst in basement; water damage to flooring and stored items, plumber invoice attached.",0
278.32,HEALTH,181,1,0,Backyard fence damaged by neighbour's tree falling during high winds on March 12.,0
11641.34,PROPERTY,398,0,0,"Cash and gold coins stolen from home safe, exact amounts approximate.",1
3303.22,HEALTH,1057,0,1,"Stolen valuables, all cash, no inventory list.",1
1506.43,AUTO,533,0,0,Water damage in the kitchen ceiling from a burst pipe in the upstairs bathroom on August 11.,0
3214.88,AUTO,1465,1,1,"Slipped on icy steps at the front entrance; sprained ankle, ER visit at City General.",0
441.5,LIFE,1435,1,0,"Kitchen fire started from an unattended pan, contained by smoke detector and extinguisher.",0
5898.96,HEALTH,1480,0,0,Tree branch fell during the storm on May 18 and dented the roof above the garage.,0
1307.69,AUTO,157,1,1,Backyard fence damaged by neighbour's tree falling during high winds on June 24.,0
1474.29,AUTO,265,0,0,Front-end collision when the other driver ran a red light at Elm Blvd; police report filed.,0
1105.82,AUTO,275,1,2,"Items stolen, no witnesses, cash and electronics gone.",1
1011.66,LIFE,878,0,0,Lightning strike damaged HVAC unit on July 5; technician assessment attached.,0
3621.6,AUTO,645,1,0,"Side-swipe accident on highway; dashcam footage available, other driver's insurance contacted.",0
2335.33,AUTO,1119,1,1,"Side-swipe accident on highway; dashcam footage available, other driver's insurance contacted.",1
3469.44,HEALTH,423,1,0,"Burglary while on vacation; entry through the back window, electronics and jewellery taken, police report #PR-33999.",0
1792.21,AUTO,300,1,0,"Bicycle accident; broken collarbone, treated at City General, X-rays and follow-up scheduled.",0
3020.57,AUTO,973,0,1,Water damage in the kitchen ceiling from a burst pipe in the upstairs bathroom on March 12.,0
1189.34,LIFE,926,1,0,"Deer collision on the highway near exit 122; airbag deployed, vehicle towed.",0
16810.04,PROPERTY,1036,0,0,Backyard fence damaged by neighbour's tree falling during high winds on August 11.,0
376.93,AUTO,468,1,1,"Slipped on icy steps at the front entrance; sprained ankle, ER visit at City General.",0
6380.09,HEALTH,790,1,1,"Broken items, unwitnessed accident at home.",0
7100.41,AUTO,1392,1,1,"Side-swipe accident on highway; dashcam footage available, other driver's insurance contacted.",0
771.12,AUTO,917,1,1,"Kitchen fire started from an unattended pan, contained by smoke detector and extinguisher.",0
16802.34,HEALTH,1398,0,0,Lightning strike damaged HVAC unit on April 3; technician assessment attached.,0
4892.65,HEALTH,650,1,1,Lightning strike damaged HVAC unit on July 5; technician assessment attached.,0
4774.95,PROPERTY,68,0,1,"Cash and gold coins stolen from home safe, exact amounts approximate.",1
1859.42,PROPERTY,1140,1,0,Hailstorm on June 24 caused dents on the hood and cracked the windshield.,0
1455.02,AUTO,691,1,1,"Burglary while on vacation; entry through the back window, electronics and jewellery taken, police report #PR-74836.",0
1466.44,PROPERTY,64,1,1,Lightning strike damaged HVAC unit on March 12; technician assessment attached.,0
2671.86,HEALTH,208,1,0,Front-end collision when the other driver ran a red light at 5th Ave; police report filed.,0
7340.68,AUTO,470,1,1,Front-end collision when the other driver ran a red light at Oak Ave; police report filed.,0
2167.47,PROPERTY,287,0,0,"Kitchen fire started from an unattended pan, contained by smoke detector and extinguisher.",0
726.73,AUTO,1026,1,0,Tree branch fell during the storm on June 24 and dented the roof above the garage.,0
4123.37,HEALTH,917,1,0,"Side-swipe accident on highway; dashcam footage available, other driver's insurance contacted.",0
4542.13,PROPERTY,495,1,1,Lightning strike damaged HVAC unit on May 18; technician assessment attached.,0
3479.55,AUTO,127,0,0,Front-end collision when the other driver ran a red light at 5th Ave; police report filed.,1
3810.44,PROPERTY,118,0,0,"Deer collision on the highway near exit 181; airbag deployed, vehicle towed.",0
1378.94,AUTO,1418,1,0,"Minor parking lot collision at Costco; both drivers exchanged details, insurance info noted.",0
714.09,PROPERTY,518,1,0,"Stolen valuables, all cash, no inventory list.",1
758.85,AUTO,161,1,0,Lightning strike damaged HVAC unit on May 18; technician assessment attached.,0
352.32,AUTO,1067,0,1,"Lost expensive jewellery, no receipt, not sure when.",1
2291.47,AUTO,1305,0,0,"Vehicle disappeared from parking lot, no security camera footage.",1
1663.29,PROPERTY,183,1,0,"Vehicle stolen, no GPS data, no security footage available.",1
1164.46,AUTO,1417,0,0,Backyard fence damaged by neighbour's tree falling during high winds on August 11.,0
94.1,PROPERTY,1087,0,0,"Side-swipe accident on highway; dashcam footage available, other driver's insurance contacted.",1
519.4,AUTO,378,0,0,Lightning strike damaged HVAC unit on July 5; technician assessment attached.,0
5546.05,HEALTH,1163,0,2,Backyard fence damaged by neighbour's tree falling during high winds on March 12.,0
930.18,AUTO,630,0,0,"Deer collision on the highway near exit 181; airbag deployed, vehicle towed.",0
2593.05,AUTO,953,1,2,Water damage in the kitchen ceiling from a burst pipe in the upstairs bathroom on June 24.,0
450.03,PROPERTY,191,0,1,"Kitchen fire started from an unattended pan, contained by smoke detector and extinguisher.",0
7621.32,HEALTH,367,1,1,"Minor parking lot collision at Walmart; both drivers exchanged details, insurance info noted.",0
1565.52,HEALTH,1160,1,0,"Vehicle stolen, no GPS data, no security footage available.",0
2416.42,HEALTH,1208,1,0,Rear-end collision at the intersection of Main St and Walnut Rd; minor whiplash and bumper damage.,0
18504.7,HEALTH,17,1,0,"Sudden mechanical failure, vehicle written off, no third party.",1
8237.4,HEALTH,322,1,0,Water damage in the kitchen ceiling from a burst pipe in the upstairs bathroom on August 11.,0
1330.67,PROPERTY,911,1,1,Front-end collision when the other driver ran a red light at Pine Rd; police report filed.,0
999.03,HEALTH,1358,1,0,"Kitchen fire started from an unattended pan, contained by smoke detector and extinguisher.",0
1305.65,HEALTH,1011,1,1,"Minor parking lot collision at Costco; both drivers exchanged details, insurance info noted.",0
3010.61,HEALTH,1060,1,1,"House contents destroyed, fire of unknown origin, no smoke alarm activated.",1
1627.46,HEALTH,583,1,0,"Deer collision on the highway near exit 122; airbag deployed, vehicle towed.",0
1217.74,HEALTH,83,1,0,"Minor parking lot collision at Home Depot; both drivers exchanged details, insurance info noted.",0
7841.47,HEALTH,1149,0,2,Lightning strike damaged HVAC unit on April 3; technician assessment attached.,0
1612.9,HEALTH,1199,0,1,Backyard fence damaged by neighbour's tree falling during high winds on March 12.,0
18026.34,PROPERTY,665,0,0,Rear-end collision at the intersection of Elm Blvd and Maple Ave; minor whiplash and bumper damage.,0
1979.78,LIFE,760,1,0,Tree branch fell during the storm on June 24 and dented the roof above the garage.,0
10778.6,LIFE,353,1,3,Hailstorm on March 12 caused dents on the hood and cracked the windshield.,0
2584.58,PROPERTY,679,1,0,"Side-swipe accident on highway; dashcam footage available, other driver's insurance contacted.",0
4736.06,HEALTH,363,0,1,"Deer collision on the highway near exit 62; airbag deployed, vehicle towed.",0
876.02,PROPERTY,631,0,0,Front-end collision when the other driver ran a red light at 5th Ave; police report filed.,0
769.88,AUTO,201,0,1,Tree branch fell during the storm on June 24 and dented the roof above the garage.,0
2863.23,HEALTH,910,1,0,"Bicycle accident; broken collarbone, treated at Riverside Medical, X-rays and follow-up scheduled.",0
4858.83,AUTO,372,0,1,"Minor parking lot collision at Walmart; both drivers exchanged details, insurance info noted.",0
1882.31,AUTO,1087,0,1,Tree branch fell during the storm on July 5 and dented the roof above the garage.,0
499.5,LIFE,777,0,0,Rear-end collision at the intersection of Main St and Birch St; minor whiplash and bumper damage.,0
463.93,PROPERTY,1344,1,2,"Minor parking lot collision at Home Depot; both drivers exchanged details, insurance info noted.",0
433.92,HEALTH,332,0,0,"Bicycle accident; broken collarbone, treated at Riverside Medical, X-rays and follow-up scheduled.",0
308.7,AUTO,410,1,0,Tree branch fell during the storm on July 5 and dented the roof above the garage.,0
2017.24,HEALTH,365,1,0,"Bicycle accident; broken collarbone, treated at Riverside Medical, X-rays and follow-up scheduled.",0
5569.41,HEALTH,946,1,0,Front-end collision when the other driver ran a red light at Elm Blvd; police report filed.,0
1783.95,PROPERTY,161,1,2,"Vehicle disappeared from parking lot, no security camera footage.",0
188.59,LIFE,1029,0,1,"Minor parking lot collision at Costco; both drivers exchanged details, insurance info noted.",0
1494.04,AUTO,1228,0,1,Rear-end collision at the intersection of Oak Ave and Maple Ave; minor whiplash and bumper damage.,0
1536.41,AUTO,1012,1,1,Water damage in the kitchen ceiling from a burst pipe in the upstairs bathroom on March 12.,0
14705.82,AUTO,202,0,1,"Deer collision on the highway near exit 108; airbag deployed, vehicle towed.",0
421.1,AUTO,740,1,0,Tree branch fell during the storm on April 3 and dented the roof above the garage.,0
1223.32,AUTO,800,1,1,Rear-end collision at the intersection of Pine Rd and Cedar Lane; minor whiplash and bumper damage.,1
9955.22,AUTO,587,0,0,Hailstorm on June 24 caused dents on the hood and cracked the windshield.,0
2835.51,AUTO,700,0,1,"Slipped on icy steps at the front entrance; sprained ankle, ER visit at Mercy General.",0
3175.79,AUTO,1143,1,1,Rear-end collision at the intersection of Oak Ave and Walnut Rd; minor whiplash and bumper damage.,0
2027.55,AUTO,1252,1,0,"Burglary while on vacation; entry through the back window, electronics and jewellery taken, police report #PR-93419.",0
2514.79,PROPERTY,450,1,0,"Minor parking lot collision at Home Depot; both drivers exchanged details, insurance info noted.",0
3934.78,AUTO,495,0,3,Water damage in the kitchen ceiling from a burst pipe in the upstairs bathroom on July 5.,0
804.74,PROPERTY,312,1,1,"Burglary while on vacation; entry through the back window, electronics and jewellery taken, police report #PR-39072.",0
4350.55,AUTO,603,0,1,Hailstorm on June 24 caused dents on the hood and cracked the windshield.,0
458.06,AUTO,819,0,0,"Bicycle accident; broken collarbone, treated at Riverside Medical, X-rays and follow-up scheduled.",0
2510.83,AUTO,1070,1,0,Front-end collision when the other driver ran a red light at Pine Rd; police report filed.,0
2161.9,PROPERTY,402,1,1,"Kitchen fire started from an unattended pan, contained by smoke detector and extinguisher.",0
976.24,AUTO,325,1,0,"Stolen valuables, all cash, no inventory list.",1
1767.49,HEALTH,50,1,2,Backyard fence damaged by neighbour's tree falling during high winds on July 5.,0
970.16,AUTO,141,0,0,Front-end collision when the other driver ran a red light at 5th Ave; police report filed.,0
619.12,LIFE,78,1,1,"Pipe burst in basement; water damage to flooring and stored items, plumber invoice attached.",0
1269.51,AUTO,311,0,0,Lightning strike damaged HVAC unit on July 5; technician assessment attached.,0
599.45,HEALTH,1042,1,0,"House contents destroyed, fire of unknown origin, no smoke alarm activated.",1
2496.88,PROPERTY,1161,0,0,"Slipped on icy steps at the front entrance; sprained ankle, ER visit at City General.",0
572.44,AUTO,1459,1,0,Lightning strike damaged HVAC unit on June 24; technician assessment attached.,0
3684.82,AUTO,818,0,0,"Deer collision on the highway near exit 199; airbag deployed, vehicle towed.",0
554.75,PROPERTY,682,1,0,Tree branch fell during the storm on June 24 and dented the roof above the garage.,0
1026.29,AUTO,1349,0,1,"Side-swipe accident on highway; dashcam footage available, other driver's insurance contacted.",0
968.16,AUTO,221,1,0,Tree branch fell during the storm on July 5 and dented the roof above the garage.,0
6803.19,HEALTH,945,1,0,Water damage in the kitchen ceiling from a burst pipe in the upstairs bathroom on June 24.,0
2515.66,AUTO,1227,1,2,"Damage occurred while alone, nobody saw, no police report.",1
1463.03,PROPERTY,754,1,1,"Burglary while on vacation; entry through the back window, electronics and jewellery taken, police report #PR-62255.",0
2977.14,HEALTH,392,0,1,"Slipped on icy steps at the front entrance; sprained ankle, ER visit at St. Luke's.",0
219.82,HEALTH,931,1,0,"Side-swipe accident on highway; dashcam footage available, other driver's insurance contacted.",0
1731.71,AUTO,1493,1,0,"Side-swipe accident on highway; dashcam footage available, other driver's insurance contacted.",1
13326.56,HEALTH,354,0,0,"Kitchen fire started from an unattended pan, contained by smoke detector and extinguisher.",0
2063.89,HEALTH,845,1,0,"Items stolen, no witnesses, cash and electronics gone.",1
1935.1,AUTO,77,1,1,"Minor parking lot collision at Costco; both drivers exchanged details, insurance info noted.",0
3127.94,PROPERTY,349,1,0,"Bicycle accident; broken collarbone, treated at Riverside Medical, X-rays and follow-up scheduled.",0
4427.57,HEALTH,1150,1,2,Tree branch fell during the storm on May 18 and dented the roof above the garage.,0
245.31,PROPERTY,744,1,1,"Kitchen fire started from an unattended pan, contained by smoke detector and extinguisher.",0
336.19,AUTO,299,1,0,Hailstorm on July 5 caused dents on the hood and cracked the windshield.,0
2231.19,AUTO,503,1,0,Water damage in the kitchen ceiling from a burst pipe in the upstairs bathroom on March 12.,0
884.59,PROPERTY,182,1,0,Rear-end collision at the intersection of Main St and Cedar Lane; minor whiplash and bumper damage.,0
6714.5,PROPERTY,1169,0,1,Backyard fence damaged by neighbour's tree falling during high winds on August 11.,0
1319.26,AUTO,1414,1,1,"Kitchen fire started from an unattended pan, contained by smoke detector and extinguisher.",0
261.25,AUTO,159,1,1,Lightning strike damaged HVAC unit on March 12; technician assessment attached.,0
508.76,PROPERTY,357,0,1,Backyard fence damaged by neighbour's tree falling during high winds on March 12.,0
115.62,AUTO,1285,1,2,"Slipped on icy steps at the front entrance; sprained ankle, ER visit at City General.",0
1430.64,AUTO,1318,1,0,"Pipe burst in basement; water damage to flooring and stored items, plumber invoice attached.",0
1497.6,HEALTH,1151,1,1,"Total loss, no documentation available.",0
1182.68,AUTO,1072,1,0,"Slipped on icy steps at the front entrance; sprained ankle, ER visit at Riverside Medical.",0
5318.14,AUTO,1292,0,3,"Burglary while on vacation; entry through the back window, electronics and jewellery taken, police report #PR-93587.",0
5994.03,AUTO,560,1,0,Lightning strike damaged HVAC unit on May 18; technician assessment attached.,0
1524.79,PROPERTY,1342,1,0,"Pipe burst in basement; water damage to flooring and stored items, plumber invoice attached.",0
213.86,AUTO,1330,1,2,Lightning strike damaged HVAC unit on April 3; technician assessment attached.,0
3351.9,HEALTH,345,0,0,Tree branch fell during the storm on July 5 and dented the roof above the garage.,0
3150.64,LIFE,110,1,0,"Total loss, no documentation available.",0
2463.63,HEALTH,781,1,0,"Side-swipe accident on highway; dashcam footage available, other driver's insurance contacted.",0
4824.58,HEALTH,1137,0,2,"Side-swipe accident on highway; dashcam footage available, other driver's insurance contacted.",0
564.07,HEALTH,1275,1,0,Tree branch fell during the storm on August 11 and dented the roof above the garage.,0
13477.21,AUTO,214,1,0,Water damage in the kitchen ceiling from a burst pipe in the upstairs bathroom on June 24.,0
692.68,HEALTH,566,1,1,"Bicycle accident; broken collarbone, treated at Mercy General, X-rays and follow-up scheduled.",0
3824.65,LIFE,1152,1,0,"Burglary while on vacation; entry through the back window, electronics and jewellery taken, police report #PR-52642.",0
334.51,PROPERTY,91,1,0,"Minor parking lot collision at Target; both drivers exchanged details, insurance info noted.",0
713.18,HEALTH,1084,1,2,"Pipe burst in basement; water damage to flooring and stored items, plumber invoice attached.",0
8236.81,AUTO,438,1,0,Front-end collision when the other driver ran a red light at Oak Ave; police report filed.,0
1392.84,PROPERTY,34,1,3,"Bicycle accident; broken collarbone, treated at St. Luke's, X-rays and follow-up scheduled.",0
4187.77,AUTO,363,1,0,"Minor parking lot collision at Home Depot; both drivers exchanged details, insurance info noted.",0
2291.49,PROPERTY,1112,1,0,Backyard fence damaged by neighbour's tree falling during high winds on March 12.,0
1627.89,AUTO,1305,0,1,Tree branch fell during the storm on August 11 and dented the roof above the garage.,0
7071.66,PROPERTY,122,0,0,"Bicycle accident; broken collarbone, treated at St. Luke's, X-rays and follow-up scheduled.",0
1427.02,PROPERTY,696,1,2,Car was damaged.,1
304.68,HEALTH,302,1,1,Rear-end collision at the intersection of Main St and Walnut Rd; minor whiplash and bumper damage.,1
809.78,AUTO,1025,1,0,Lightning strike damaged HVAC unit on July 5; technician assessment attached.,0
3137.53,PROPERTY,1171,1,1,"Burglary while on vacation; entry through the back window, electronics and jewellery taken, police report #PR-21428.",0
2685.2,AUTO,1443,1,3,"Pipe burst in basement; water damage to flooring and stored items, plumber invoice attached.",0
377.26,AUTO,533,0,0,"Slipped on icy steps at the front entrance; sprained ankle, ER visit at St. Luke's.",0
876.26,HEALTH,449,1,0,Water damage in the kitchen ceiling from a burst pipe in the upstairs bathroom on April 3.,0
1010.58,HEALTH,465,1,1,"Side-swipe accident on highway; dashcam footage available, other driver's insurance contacted.",0
1254.55,HEALTH,1142,0,1,"Slipped on icy steps at the front entrance; sprained ankle, ER visit at Riverside Medical.",0
456.73,AUTO,668,1,0,"House contents destroyed, fire of unknown origin, no smoke alarm activated.",0
964.52,HEALTH,35,1,0,"Pipe burst in basement; water damage to flooring and stored items, plumber invoice attached.",0
872.52,PROPERTY,1421,1,1,"Minor parking lot collision at Home Depot; both drivers exchanged details, insurance info noted.",0
3910.94,AUTO,157,1,1,Rear-end collision at the intersection of Elm Blvd and Maple Ave; minor whiplash and bumper damage.,0
4060.74,HEALTH,1392,0,1,Water damage in the kitchen ceiling from a burst pipe in the upstairs bathroom on August 11.,0
1562.73,HEALTH,243,1,0,"Slipped on icy steps at the front entrance; sprained ankle, ER visit at City General.",0
1221.65,PROPERTY,807,1,0,"Cash and gold coins stolen from home safe, exact amounts approximate.",0
2079.59,HEALTH,469,1,0,Lightning strike damaged HVAC unit on July 5; technician assessment attached.,0
799.05,PROPERTY,1030,0,0,"Bicycle accident; broken collarbone, treated at Riverside Medical, X-rays and follow-up scheduled.",0
574.31,AUTO,605,1,1,Water damage in the kitchen ceiling from a burst pipe in the upstairs bathroom on July 5.,0
706.12,AUTO,551,0,2,"Cash and gold coins stolen from home safe, exact amounts approximate.",1
958.32,PROPERTY,716,0,1,Tree branch fell during the storm on March 12 and dented the roof above the garage.,0
564.83,PROPERTY,1456,1,0,Front-end collision when the other driver ran a red light at Pine Rd; police report filed.,0
2126.13,HEALTH,368,1,2,Tree branch fell during the storm on June 24 and dented the roof above the garage.,0
3750.77,HEALTH,330,1,0,Hailstorm on March 12 caused dents on the hood and cracked the windshield.,0
369.78,HEALTH,100,0,0,"Burglary while on vacation; entry through the back window, electronics and jewellery taken, police report #PR-34939.",0
1854.05,AUTO,1108,1,0,Rear-end collision at the intersection of Main St and Cedar Lane; minor whiplash and bumper damage.,0
1451.08,PROPERTY,1016,1,1,"Property damage but no witnesses, claim is for full replacement value.",1
2544.04,PROPERTY,913,1,1,"Burglary while on vacation; entry through the back window, electronics and jewellery taken, police report #PR-98120.",0
1784.8,HEALTH,36,1,0,"Slipped on icy steps at the front entrance; sprained ankle, ER visit at City General.",0
422.59,AUTO,1186,1,1,Water damage in the kitchen ceiling from a burst pipe in the upstairs bathroom on August 11.,0
511.63,AUTO,1214,0,0,Backyard fence damaged by neighbour's tree falling during high winds on May 18.,0
1862.03,AUTO,1417,0,0,"Bicycle accident; broken collarbone, treated at Mercy General, X-rays and follow-up scheduled.",0
5058.28,PROPERTY,1393,1,0,"Side-swipe accident on highway; dashcam footage available, other driver's insurance contacted.",0
197.51,HEALTH,395,1,0,"Deer collision on the highway near exit 94; airbag deployed, vehicle towed.",0
2554.79,AUTO,1065,1,0,"Bicycle accident; broken collarbone, treated at St. Luke's, X-rays and follow-up scheduled.",0
5940.94,HEALTH,604,1,1,"Fire damage, unknown cause, total loss.",1
1551.49,LIFE,894,1,2,Car was damaged.,0
3134.43,AUTO,499,1,0,Water damage in the kitchen ceiling from a burst pipe in the upstairs bathroom on July 5.,0
895.1,HEALTH,985,1,1,Tree branch fell during the storm on March 12 and dented the roof above the garage.,0
1604.61,HEALTH,1429,0,0,Tree branch fell during the storm on June 24 and dented the roof above the garage.,0
357.48,AUTO,978,1,0,"Side-swipe accident on highway; dashcam footage available, other driver's insurance contacted.",0
173.41,HEALTH,1381,1,1,Lightning strike damaged HVAC unit on May 18; technician assessment attached.,0
4641.37,HEALTH,1397,0,0,Front-end collision when the other driver ran a red light at Oak Ave; police report filed.,0
675.2,AUTO,179,0,0,"Slipped on icy steps at the front entrance; sprained ankle, ER visit at Mercy General.",0
1146.5,AUTO,1446,1,1,"Pipe burst in basement; water damage to flooring and stored items, plumber invoice attached.",0
451.94,PROPERTY,1227,1,1,"Deer collision on the highway near exit 132; airbag deployed, vehicle towed.",0
441.43,AUTO,640,0,0,"Deer collision on the highway near exit 103; airbag deployed, vehicle towed.",0
1519.54,HEALTH,900,0,0,"Burglary while on vacation; entry through the back window, electronics and jewellery taken, police report #PR-76715.",0
871.68,HEALTH,926,0,0,"Minor parking lot collision at Target; both drivers exchanged details, insurance info noted.",0
2638.51,PROPERTY,1179,0,0,Hailstorm on April 3 caused dents on the hood and cracked the windshield.,0
2842.78,PROPERTY,1204,1,1,Lightning strike damaged HVAC unit on July 5; technician assessment attached.,0
2492.02,PROPERTY,154,1,1,Tree branch fell during the storm on March 12 and dented the roof above the garage.,1
2295.26,HEALTH,2,1,0,Backyard fence damaged by neighbour's tree falling during high winds on August 11.,0
8758.4,HEALTH,370,0,0,Front-end collision when the other driver ran a red light at Pine Rd; police report filed.,0
621.67,AUTO,790,1,1,"Burglary while on vacation; entry through the back window, electronics and jewellery taken, police report #PR-28992.",0
1711.4,AUTO,1273,0,0,"Deer collision on the highway near exit 131; airbag deployed, vehicle towed.",0
5612.15,HEALTH,979,1,1,Front-end collision when the other driver ran a red light at 5th Ave; police report filed.,0
6403.11,AUTO,204,1,1,"Damage occurred while alone, nobody saw, no police report.",1
436.26,HEALTH,1076,1,0,"Pipe burst in basement; water damage to flooring and stored items, plumber invoice attached.",0
1322.98,AUTO,702,1,1,Rear-end collision at the intersection of 5th Ave and Walnut Rd; minor whiplash and bumper damage.,0
7031.26,AUTO,553,0,2,"Deer collision on the highway near exit 192; airbag deployed, vehicle towed.",0
3005.14,AUTO,1157,0,2,Front-end collision when the other driver ran a red light at Oak Ave; police report filed.,0
2197.91,PROPERTY,444,1,0,"Side-swipe accident on highway; dashcam footage available, other driver's insurance contacted.",0
1454.35,HEALTH,928,0,0,Tree branch fell during the storm on June 24 and dented the roof above the garage.,0
1231.76,PROPERTY,274,1,0,Backyard fence damaged by neighbour's tree falling during high winds on August 11.,0
2412.02,HEALTH,572,0,1,"Bicycle accident; broken collarbone, treated at St. Luke's, X-rays and follow-up scheduled.",0
1404.77,PROPERTY,837,1,1,Lightning strike damaged HVAC unit on June 24; technician assessment attached.,0
1732.67,PROPERTY,935,0,0,"Side-swipe accident on highway; dashcam footage available, other driver's insurance contacted.",0
1955.89,AUTO,1379,0,0,"Minor parking lot collision at Target; both drivers exchanged details, insurance info noted.",0
917.75,LIFE,436,1,1,Lightning strike damaged HVAC unit on June 24; technician assessment attached.,0
3078.29,AUTO,1344,1,0,Front-end collision when the other driver ran a red light at Elm Blvd; police report filed.,0
33331.05,HEALTH,1225,1,0,"Broken items, unwitnessed accident at home.",1
305.83,PROPERTY,540,1,1,"Kitchen fire started from an unattended pan, contained by smoke detector and extinguisher.",0
2499.92,AUTO,210,0,1,Lightning strike damaged HVAC unit on March 12; technician assessment attached.,0
845.4,HEALTH,387,0,0,Water damage in the kitchen ceiling from a burst pipe in the upstairs bathroom on March 12.,0
3220.86,AUTO,987,0,1,"Burglary while on vacation; entry through the back window, electronics and jewellery taken, police report #PR-31214.",0
1894.21,AUTO,1183,1,1,"Lost expensive jewellery, no receipt, not sure when.",0
3873.27,AUTO,918,0,1,"Minor parking lot collision at Home Depot; both drivers exchanged details, insurance info noted.",0
5857.67,AUTO,1087,0,1,"Kitchen fire started from an unattended pan, contained by smoke detector and extinguisher.",0
2191.67,AUTO,153,1,0,"Deer collision on the highway near exit 168; airbag deployed, vehicle towed.",0
5608.58,HEALTH,758,1,0,Rear-end collision at the intersection of 5th Ave and Walnut Rd; minor whiplash and bumper damage.,0
173.42,HEALTH,1310,1,1,"Kitchen fire started from an unattended pan, contained by smoke detector and extinguisher.",0
8870.2,HEALTH,584,0,0,Tree branch fell during the storm on May 18 and dented the roof above the garage.,0
2630.85,HEALTH,1348,1,0,"Burglary while on vacation; entry through the back window, electronics and jewellery taken, police report #PR-80771.",0
5312.64,AUTO,186,1,0,"Sudden mechanical failure, vehicle written off, no third party.",1
533.85,AUTO,1468,0,0,"Deer collision on the highway near exit 170; airbag deployed, vehicle towed.",0
787.79,PROPERTY,1177,1,1,Front-end collision when the other driver ran a red light at Oak Ave; police report filed.,0
2092.13,PROPERTY,939,0,0,"Cash and gold coins stolen from home safe, exact amounts approximate.",0
1777.5,HEALTH,926,1,0,Backyard fence damaged by neighbour's tree falling during high winds on June 24.,0
2399.63,AUTO,1404,1,0,"Pipe burst in basement; water damage to flooring and stored items, plumber invoice attached.",0
5348.2,PROPERTY,565,0,1,"Property damage but no witnesses, claim is for full replacement value.",1
309.44,PROPERTY,248,1,2,Front-end collision when the other driver ran a red light at 5th Ave; police report filed.,0
4787.77,HEALTH,1378,1,0,"Side-swipe accident on highway; dashcam footage available, other driver's insurance contacted.",0
1823.08,AUTO,155,1,1,Lightning strike damaged HVAC unit on March 12; technician assessment attached.,0
1474.71,AUTO,989,1,0,Front-end collision when the other driver ran a red light at Main St; police report filed.,0
415.25,HEALTH,399,1,1,"Deer collision on the highway near exit 78; airbag deployed, vehicle towed.",0
2990.06,PROPERTY,1393,0,0,Water damage in the kitchen ceiling from a burst pipe in the upstairs bathroom on July 5.,0
161.72,HEALTH,1460,0,0,Lightning strike damaged HVAC unit on May 18; technician assessment attached.,0
3457.82,AUTO,712,1,1,"Slipped on icy steps at the front entrance; sprained ankle, ER visit at Mercy General.",0
406.63,HEALTH,800,1,0,Rear-end collision at the intersection of Main St and Walnut Rd; minor whiplash and bumper damage.,0
1907.33,PROPERTY,682,1,0,"Kitchen fire started from an unattended pan, contained by smoke detector and extinguisher.",0
1604.92,HEALTH,638,1,0,Tree branch fell during the storm on March 12 and dented the roof above the garage.,0
5822.81,PROPERTY,1405,1,0,"Slipped on icy steps at the front entrance; sprained ankle, ER visit at Mercy General.",0
1512.24,AUTO,431,1,1,"House contents destroyed, fire of unknown origin, no smoke alarm activated.",1
903.13,AUTO,1439,1,2,Backyard fence damaged by neighbour's tree falling during high winds on June 24.,0
1089.42,HEALTH,975,1,1,"Side-swipe accident on highway; dashcam footage available, other driver's insurance contacted.",0
6456.76,HEALTH,1441,1,0,Hailstorm on May 18 caused dents on the hood and cracked the windshield.,0
3091.15,LIFE,918,1,0,"Stolen valuables, all cash, no inventory list.",0
1229.51,HEALTH,1228,1,0,"Deer collision on the highway near exit 29; airbag deployed, vehicle towed.",0
1427.32,AUTO,735,1,0,Rear-end collision at the intersection of Pine Rd and Maple Ave; minor whiplash and bumper damage.,0
377.22,AUTO,694,1,1,"Deer collision on the highway near exit 98; airbag deployed, vehicle towed.",0
2666.37,HEALTH,386,0,0,Rear-end collision at the intersection of Pine Rd and Cedar Lane; minor whiplash and bumper damage.,0
311.12,AUTO,316,1,1,Lightning strike damaged HVAC unit on June 24; technician assessment attached.,0
3834.51,PROPERTY,57,1,0,Backyard fence damaged by neighbour's tree falling during high winds on April 3.,0
2056.21,AUTO,575,1,0,"Stolen valuables, all cash, no inventory list.",0
19672.0,AUTO,1481,0,0,"Slipped on icy steps at the front entrance; sprained ankle, ER visit at City General.",0
601.76,HEALTH,1407,1,0,"Burglary while on vacation; entry through the back window, electronics and jewellery taken, police report #PR-20124.",0
1631.64,AUTO,1035,1,0,Front-end collision when the other driver ran a red light at 5th Ave; police report filed.,0
10919.31,HEALTH,545,1,0,"Pipe burst in basement; water damage to flooring and stored items, plumber invoice attached.",0
5951.45,HEALTH,781,0,0,"Slipped on icy steps at the front entrance; sprained ankle, ER visit at Mercy General.",0
901.25,HEALTH,1135,1,1,Hailstorm on April 3 caused dents on the hood and cracked the windshield.,0
2261.92,PROPERTY,4,0,1,"Items missing after recent move, exact value uncertain.",1
1811.66,PROPERTY,1384,0,0,"Slipped on icy steps at the front entrance; sprained ankle, ER visit at Riverside Medical.",0
2396.96,PROPERTY,1305,0,0,Lightning strike damaged HVAC unit on August 11; technician assessment attached.,0
899.03,AUTO,1455,1,1,Water damage in the kitchen ceiling from a burst pipe in the upstairs bathroom on May 18.,0
1653.55,AUTO,142,1,0,"Lost expensive jewellery, no receipt, not sure when.",1
365.75,PROPERTY,1421,1,2,Rear-end collision at the intersection of Main St and Birch St; minor whiplash and bumper damage.,0
2069.63,HEALTH,920,1,1,"Bicycle accident; broken collarbone, treated at City General, X-rays and follow-up scheduled.",0
2835.63,HEALTH,833,1,1,Water damage in the kitchen ceiling from a burst pipe in the upstairs bathroom on June 24.,0
1440.26,HEALTH,270,1,1,Hailstorm on March 12 caused dents on the hood and cracked the windshield.,0
359.58,PROPERTY,738,0,0,Backyard fence damaged by neighbour's tree falling during high winds on July 5.,0
4858.73,AUTO,545,0,0,Hailstorm on May 18 caused dents on the hood and cracked the windshield.,0
2603.27,HEALTH,1481,0,1,"Minor parking lot collision at Costco; both drivers exchanged details, insurance info noted.",0
874.79,AUTO,510,1,1,Hailstorm on April 3 caused dents on the hood and cracked the windshield.,0
1365.67,HEALTH,328,1,0,Water damage in the kitchen ceiling from a burst pipe in the upstairs bathroom on August 11.,0
403.16,HEALTH,1419,1,0,Hailstorm on April 3 caused dents on the hood and cracked the windshield.,0
648.45,HEALTH,282,1,0,"Cash and gold coins stolen from home safe, exact amounts approximate.",1
1055.94,AUTO,1356,0,2,Rear-end collision at the intersection of Elm Blvd and Maple Ave; minor whiplash and bumper damage.,0
6175.97,PROPERTY,1444,1,0,Rear-end collision at the intersection of Main St and Cedar Lane; minor whiplash and bumper damage.,0
953.84,PROPERTY,461,1,0,Front-end collision when the other driver ran a red light at Pine Rd; police report filed.,0
3429.65,HEALTH,1034,0,2,Hailstorm on July 5 caused dents on the hood and cracked the windshield.,1
1055.41,LIFE,1195,1,0,Front-end collision when the other driver ran a red light at Main St; police report filed.,0
2316.81,HEALTH,804,1,1,Hailstorm on March 12 caused dents on the hood and cracked the windshield.,0
1569.64,PROPERTY,1045,0,2,"Kitchen fire started from an unattended pan, contained by smoke detector and extinguisher.",0
4328.85,AUTO,198,0,0,"Minor parking lot collision at Home Depot; both drivers exchanged details, insurance info noted.",0
1059.11,AUTO,774,0,1,Hailstorm on June 24 caused dents on the hood and cracked the windshield.,0
375.2,AUTO,770,1,0,"Kitchen fire started from an unattended pan, contained by smoke detector and extinguisher.",0
453.98,AUTO,850,1,1,"Deer collision on the highway near exit 157; airbag deployed, vehicle towed.",0
1062.23,HEALTH,1416,1,0,"Damage occurred while alone, nobody saw, no police report.",0
518.5,AUTO,1237,0,1,Lightning strike damaged HVAC unit on July 5; technician assessment attached.,0
2724.97,HEALTH,904,1,0,"Side-swipe accident on highway; dashcam footage available, other driver's insurance contacted.",0
1134.82,AUTO,605,1,0,Tree branch fell during the storm on May 18 and dented the roof above the garage.,0
19430.64,AUTO,607,1,1,"Minor parking lot collision at Costco; both drivers exchanged details, insurance info noted.",0
318.07,LIFE,31,1,0,"Kitchen fire started from an unattended pan, contained by smoke detector and extinguisher.",0
2216.39,HEALTH,827,1,0,"Side-swipe accident on highway; dashcam footage available, other driver's insurance contacted.",0
585.25,PROPERTY,379,1,1,"Pipe burst in basement; water damage to flooring and stored items, plumber invoice attached.",0
1103.89,HEALTH,1329,1,0,Lightning strike damaged HVAC unit on March 12; technician assessment attached.,0
2082.7,AUTO,1160,0,2,"Slipped on icy steps at the front entrance; sprained ankle, ER visit at Riverside Medical.",0
176.73,HEALTH,1369,1,2,"Sudden mechanical failure, vehicle written off, no third party.",0
2291.19,HEALTH,1493,1,0,Rear-end collision at the intersection of Oak Ave and Birch St; minor whiplash and bumper damage.,0
12123.58,AUTO,600,0,1,Rear-end collision at the intersection of Oak Ave and Cedar Lane; minor whiplash and bumper damage.,0
1148.9,PROPERTY,643,0,1,Backyard fence damaged by neighbour's tree falling during high winds on June 24.,0
2344.45,HEALTH,912,1,2,"Lost expensive jewellery, no receipt, not sure when.",1
5038.79,PROPERTY,646,0,2,"Minor parking lot collision at Walmart; both drivers exchanged details, insurance info noted.",0
1534.63,HEALTH,419,0,1,"Side-swipe accident on highway; dashcam footage available, other driver's insurance contacted.",0
1011.35,HEALTH,1060,1,1,Tree branch fell during the storm on June 24 and dented the roof above the garage.,0
185.72,AUTO,677,0,3,"Deer collision on the highway near exit 156; airbag deployed, vehicle towed.",0
3432.32,LIFE,1412,0,1,"Burglary while on vacation; entry through the back window, electronics and jewellery taken, police report #PR-23402.",0
1614.58,HEALTH,330,0,0,"Slipped on icy steps at the front entrance; sprained ankle, ER visit at Mercy General.",0
656.76,AUTO,666,0,0,Lightning strike damaged HVAC unit on August 11; technician assessment attached.,0
2052.05,AUTO,797,1,1,"Side-swipe accident on highway; dashcam footage available, other driver's insurance contacted.",0
1008.6,HEALTH,1361,1,1,Hailstorm on March 12 caused dents on the hood and cracked the windshield.,0
1065.9,LIFE,867,0,1,"Items missing after recent move, exact value uncertain.",1
3315.26,PROPERTY,104,1,2,"Pipe burst in basement; water damage to flooring and stored items, plumber invoice attached.",0
474.19,PROPERTY,507,1,1,Lightning strike damaged HVAC unit on May 18; technician assessment attached.,0
5152.9,LIFE,1329,0,0,"Deer collision on the highway near exit 193; airbag deployed, vehicle towed.",0
446.89,PROPERTY,408,1,1,"Minor parking lot collision at Walmart; both drivers exchanged details, insurance info noted.",0
931.97,AUTO,511,0,0,Backyard fence damaged by neighbour's tree falling during high winds on April 3.,0
12368.97,HEALTH,227,0,0,Car was damaged.,0
5582.29,AUTO,1079,0,0,"Deer collision on the highway near exit 138; airbag deployed, vehicle towed.",0
1993.41,AUTO,210,0,0,"Kitchen fire started from an unattended pan, contained by smoke detector and extinguisher.",0
705.9,HEALTH,552,1,0,"Items stolen, no witnesses, cash and electronics gone.",0
1065.0,AUTO,1067,1,0,"Burglary while on vacation; entry through the back window, electronics and jewellery taken, police report #PR-78331.",0
1945.5,LIFE,1343,1,1,Rear-end collision at the intersection of Elm Blvd and Walnut Rd; minor whiplash and bumper damage.,0
1877.17,LIFE,333,0,0,Lightning strike damaged HVAC unit on July 5; technician assessment attached.,0
1650.99,AUTO,498,1,0,"Kitchen fire started from an unattended pan, contained by smoke detector and extinguisher.",1
1753.15,PROPERTY,177,1,0,Tree branch fell during the storm on June 24 and dented the roof above the garage.,0
1459.17,HEALTH,657,0,1,"Slipped on icy steps at the front entrance; sprained ankle, ER visit at Mercy General.",0
427.53,AUTO,1498,1,0,"Burglary while on vacation; entry through the back window, electronics and jewellery taken, police report #PR-81789.",0
1078.68,AUTO,457,1,2,"Slipped on icy steps at the front entrance; sprained ankle, ER visit at Mercy General.",0
4512.58,AUTO,390,0,0,"Kitchen fire started from an unattended pan, contained by smoke detector and extinguisher.",0
460.2,AUTO,600,1,1,Hailstorm on May 18 caused dents on the hood and cracked the windshield.,0
1495.84,AUTO,1344,0,1,Hailstorm on March 12 caused dents on the hood and cracked the windshield.,0
796.52,AUTO,821,1,1,"Burglary while on vacation; entry through the back window, electronics and jewellery taken, police report #PR-11959.",0
2021.01,AUTO,914,0,0,"Side-swipe accident on highway; dashcam footage available, other driver's insurance contacted.",0
1225.82,PROPERTY,1171,0,1,"Side-swipe accident on highway; dashcam footage available, other driver's insurance contacted.",0
7921.96,AUTO,1072,1,0,"Bicycle accident; broken collarbone, treated at St. Luke's, X-rays and follow-up scheduled.",0
3000.65,AUTO,898,1,0,Tree branch fell during the storm on August 11 and dented the roof above the garage.,0
486.97,HEALTH,841,0,1,"Kitchen fire started from an unattended pan, contained by smoke detector and extinguisher.",0
3537.69,AUTO,800,1,0,"Burglary while on vacation; entry through the back window, electronics and jewellery taken, police report #PR-23370.",0
833.26,HEALTH,272,1,0,"Minor parking lot collision at Target; both drivers exchanged details, insurance info noted.",0
1015.37,AUTO,622,1,0,"Kitchen fire started from an unattended pan, contained by smoke detector and extinguisher.",0
2474.56,HEALTH,1270,1,1,Tree branch fell during the storm on May 18 and dented the roof above the garage.,0
1105.72,HEALTH,60,1,0,"Slipped on icy steps at the front entrance; sprained ankle, ER visit at Mercy General.",0
4415.41,HEALTH,1242,1,1,"Burglary while on vacation; entry through the back window, electronics and jewellery taken, police report #PR-57835.",0
833.38,HEALTH,849,0,1,Hailstorm on May 18 caused dents on the hood and cracked the windshield.,0
973.65,HEALTH,525,1,2,"Bicycle accident; broken collarbone, treated at City General, X-rays and follow-up scheduled.",0
937.89,AUTO,171,0,0,Hailstorm on July 5 caused dents on the hood and cracked the windshield.,0
1026.96,AUTO,1146,0,1,Hailstorm on March 12 caused dents on the hood and cracked the windshield.,0
5427.27,HEALTH,2,1,0,"Items missing after recent move, exact value uncertain.",0
3390.72,AUTO,815,0,0,"Kitchen fire started from an unattended pan, contained by smoke detector and extinguisher.",0
9996.04,AUTO,244,1,0,"Pipe burst in basement; water damage to flooring and stored items, plumber invoice attached.",0
17459.59,HEALTH,1363,1,0,Tree branch fell during the storm on June 24 and dented the roof above the garage.,0
645.02,AUTO,274,1,0,Tree branch fell during the storm on March 12 and dented the roof above the garage.,0
1939.95,AUTO,1204,1,2,Lightning strike damaged HVAC unit on June 24; technician assessment attached.,0
557.69,HEALTH,861,1,2,Tree branch fell during the storm on May 18 and dented the roof above the garage.,0
830.8,AUTO,62,1,2,"Cash and gold coins stolen from home safe, exact amounts approximate.",1
962.87,PROPERTY,1080,0,0,"Burglary while on vacation; entry through the back window, electronics and jewellery taken, police report #PR-61198.",0
628.19,PROPERTY,1319,0,0,"Burglary while on vacation; entry through the back window, electronics and jewellery taken, police report #PR-95186.",0
631.51,LIFE,332,1,1,Backyard fence damaged by neighbour's tree falling during high winds on August 11.,0
1565.12,HEALTH,1452,1,0,"Minor parking lot collision at Costco; both drivers exchanged details, insurance info noted.",0
535.54,AUTO,1197,1,0,Lightning strike damaged HVAC unit on June 24; technician assessment attached.,0
4197.01,HEALTH,1113,0,0,Hailstorm on May 18 caused dents on the hood and cracked the windshield.,0
722.16,HEALTH,504,0,0,"Bicycle accident; broken collarbone, treated at Mercy General, X-rays and follow-up scheduled.",0
30018.49,HEALTH,180,1,1,Lightning strike damaged HVAC unit on April 3; technician assessment attached.,1
1151.26,AUTO,644,1,1,"Deer collision on the highway near exit 197; airbag deployed, vehicle towed.",0
1943.06,AUTO,1211,1,0,"Kitchen fire started from an unattended pan, contained by smoke detector and extinguisher.",0
495.05,AUTO,880,1,0,"Deer collision on the highway near exit 21; airbag deployed, vehicle towed.",0
9957.6,AUTO,971,1,0,Front-end collision when the other driver ran a red light at Pine Rd; police report filed.,0
5538.62,AUTO,1171,0,2,"Minor parking lot collision at Target; both drivers exchanged details, insurance info noted.",0
2433.09,PROPERTY,508,1,2,Water damage in the kitchen ceiling from a burst pipe in the upstairs bathroom on July 5.,0
470.22,AUTO,56,0,0,"Burglary while on vacation; entry through the back window, electronics and jewellery taken, police report #PR-77381.",0
2232.03,HEALTH,1326,0,2,Tree branch fell during the storm on April 3 and dented the roof above the garage.,0
589.08,PROPERTY,920,1,0,"Bicycle accident; broken collarbone, treated at Mercy General, X-rays and follow-up scheduled.",0
7803.72,AUTO,848,0,0,Backyard fence damaged by neighbour's tree falling during high winds on March 12.,0
4061.04,HEALTH,860,0,0,Water damage in the kitchen ceiling from a burst pipe in the upstairs bathroom on July 5.,0
1989.1,HEALTH,1279,1,0,Lightning strike damaged HVAC unit on July 5; technician assessment attached.,0
158.16,AUTO,1154,1,1,Water damage in the kitchen ceiling from a burst pipe in the upstairs bathroom on August 11.,0
676.26,HEALTH,1005,1,0,"Burglary while on vacation; entry through the back window, electronics and jewellery taken, police report #PR-62315.",0
3596.66,PROPERTY,1173,1,0,"Kitchen fire started from an unattended pan, contained by smoke detector and extinguisher.",0
6080.75,PROPERTY,433,0,0,Hailstorm on April 3 caused dents on the hood and cracked the windshield.,0
5481.7,PROPERTY,1067,1,0,Tree branch fell during the storm on August 11 and dented the roof above the garage.,0
367.96,LIFE,1462,0,2,Tree branch fell during the storm on May 18 and dented the roof above the garage.,0
2444.39,AUTO,353,1,2,Lightning strike damaged HVAC unit on June 24; technician assessment attached.,0
4991.62,PROPERTY,856,0,1,"Burglary while on vacation; entry through the back window, electronics and jewellery taken, police report #PR-55606.",0
344.35,HEALTH,1022,0,0,"Bicycle accident; broken collarbone, treated at City General, X-rays and follow-up scheduled.",0
1793.81,HEALTH,775,0,1,Tree branch fell during the storm on March 12 and dented the roof above the garage.,0
2377.59,PROPERTY,1453,1,0,"Slipped on icy steps at the front entrance; sprained ankle, ER visit at Riverside Medical.",0
1338.41,PROPERTY,605,0,0,"Items stolen, no witnesses, cash and electronics gone.",0
283.68,PROPERTY,327,1,0,Front-end collision when the other driver ran a red light at Pine Rd; police report filed.,0
1305.45,AUTO,205,1,0,"Kitchen fire started from an unattended pan, contained by smoke detector and extinguisher.",0
1303.35,HEALTH,1274,1,0,"Kitchen fire started from an unattended pan, contained by smoke detector and extinguisher.",0
1559.2,AUTO,1029,1,1,"Deer collision on the highway near exit 187; airbag deployed, vehicle towed.",0
1029.19,HEALTH,867,0,1,Backyard fence damaged by neighbour's tree falling during high winds on July 5.,0
1160.94,PROPERTY,646,1,0,"Deer collision on the highway near exit 125; airbag deployed, vehicle towed.",0
1737.66,PROPERTY,615,1,1,"Lost expensive jewellery, no receipt, not sure when.",1
2814.26,HEALTH,1401,1,0,"Burglary while on vacation; entry through the back window, electronics and jewellery taken, police report #PR-83701.",0
1333.51,HEALTH,1020,1,1,"Minor parking lot collision at Costco; both drivers exchanged details, insurance info noted.",0
1200.33,AUTO,1447,0,0,"Side-swipe accident on highway; dashcam footage available, other driver's insurance contacted.",0
1982.98,AUTO,1202,1,1,"Kitchen fire started from an unattended pan, contained by smoke detector and extinguisher.",0
264.83,AUTO,1151,0,1,"Fire damage, unknown cause, total loss.",1
2913.28,PROPERTY,830,0,0,Lightning strike damaged HVAC unit on June 24; technician assessment attached.,0
1807.02,AUTO,364,0,0,Water damage in the kitchen ceiling from a burst pipe in the upstairs bathroom on June 24.,0
1881.25,LIFE,980,1,1,"Burglary while on vacation; entry through the back window, electronics and jewellery taken, police report #PR-68186.",0
4725.53,AUTO,1074,0,2,"Deer collision on the highway near exit 117; airbag deployed, vehicle towed.",0
256.51,PROPERTY,783,1,0,"Kitchen fire started from an unattended pan, contained by smoke detector and extinguisher.",0
251.18,HEALTH,31,1,1,Rear-end collision at the intersection of Elm Blvd and Maple Ave; minor whiplash and bumper damage.,0
2377.5,HEALTH,1440,1,0,"Minor parking lot collision at Walmart; both drivers exchanged details, insurance info noted.",0
1795.22,HEALTH,1239,0,1,"Pipe burst in basement; water damage to flooring and stored items, plumber invoice attached.",0
2143.46,PROPERTY,528,1,2,Backyard fence damaged by neighbour's tree falling during high winds on June 24.,0
1138.96,PROPERTY,740,0,0,"Sudden mechanical failure, vehicle written off, no third party.",1
3513.45,HEALTH,185,1,0,"Vehicle disappeared from parking lot, no security camera footage.",0
4594.61,AUTO,1405,0,0,Rear-end collision at the intersection of 5th Ave and Walnut Rd; minor whiplash and bumper damage.,0
2933.59,AUTO,346,1,1,"Pipe burst in basement; water damage to flooring and stored items, plumber invoice attached.",0
1392.94,PROPERTY,567,0,1,Hailstorm on May 18 caused dents on the hood and cracked the windshield.,0
219.71,HEALTH,643,1,1,"Slipped on icy steps at the front entrance; sprained ankle, ER visit at City General.",0
3901.97,HEALTH,395,0,1,"Deer collision on the highway near exit 160; airbag deployed, vehicle towed.",0
6134.77,HEALTH,952,0,0,Front-end collision when the other driver ran a red light at Main St; police report filed.,1
3444.58,AUTO,1492,1,0,Tree branch fell during the storm on May 18 and dented the roof above the garage.,0
750.21,PROPERTY,1283,0,0,"Kitchen fire started from an unattended pan, contained by smoke detector and extinguisher.",0
3546.78,PROPERTY,796,1,0,"Bicycle accident; broken collarbone, treated at City General, X-rays and follow-up scheduled.",0
4274.96,PROPERTY,197,1,0,Rear-end collision at the intersection of Elm Blvd and Cedar Lane; minor whiplash and bumper damage.,0
8593.97,PROPERTY,1294,1,0,"Slipped on icy steps at the front entrance; sprained ankle, ER visit at St. Luke's.",0
752.87,PROPERTY,385,1,1,"Minor parking lot collision at Home Depot; both drivers exchanged details, insurance info noted.",0
1441.65,HEALTH,1366,1,1,"Broken items, unwitnessed accident at home.",1
3817.2,LIFE,593,1,0,"Broken items, unwitnessed accident at home.",1
1914.88,AUTO,778,0,0,"Pipe burst in basement; water damage to flooring and stored items, plumber invoice attached.",0
591.51,HEALTH,655,1,0,"Side-swipe accident on highway; dashcam footage available, other driver's insurance contacted.",0
2737.0,PROPERTY,684,1,0,"Slipped on icy steps at the front entrance; sprained ankle, ER visit at City General.",0
3224.91,HEALTH,248,0,1,"Burglary while on vacation; entry through the back window, electronics and jewellery taken, police report #PR-12065.",0
1974.29,AUTO,829,0,1,Front-end collision when the other driver ran a red light at Oak Ave; police report filed.,0
2252.02,HEALTH,605,0,1,Backyard fence damaged by neighbour's tree falling during high winds on March 12.,0
1395.9,AUTO,1271,1,1,Backyard fence damaged by neighbour's tree falling during high winds on May 18.,0
7928.97,PROPERTY,716,0,0,"Deer collision on the highway near exit 175; airbag deployed, vehicle towed.",0
734.59,AUTO,1447,1,1,Water damage in the kitchen ceiling from a burst pipe in the upstairs bathroom on August 11.,0
1004.94,AUTO,445,1,1,"Broken items, unwitnessed accident at home.",1
1828.01,HEALTH,493,1,2,"Burglary while on vacation; entry through the back window, electronics and jewellery taken, police report #PR-16322.",0
4354.45,AUTO,56,0,0,"Vehicle disappeared from parking lot, no security camera footage.",0
404.49,AUTO,1108,1,0,"Pipe burst in basement; water damage to flooring and stored items, plumber invoice attached.",0
487.7,HEALTH,111,1,1,"Minor parking lot collision at Home Depot; both drivers exchanged details, insurance info noted.",0
235.63,HEALTH,428,0,1,Backyard fence damaged by neighbour's tree falling during high winds on July 5.,0
1868.13,AUTO,1365,0,0,"Burglary while on vacation; entry through the back window, electronics and jewellery taken, police report #PR-52066.",0
590.93,HEALTH,916,0,2,"Minor parking lot collision at Home Depot; both drivers exchanged details, insurance info noted.",0
1230.84,HEALTH,838,1,0,"Side-swipe accident on highway; dashcam footage available, other driver's insurance contacted.",0
3503.01,PROPERTY,1207,0,2,Water damage in the kitchen ceiling from a burst pipe in the upstairs bathroom on August 11.,0
951.9,AUTO,1157,0,0,"Bicycle accident; broken collarbone, treated at Riverside Medical, X-rays and follow-up scheduled.",0
2278.52,AUTO,1329,0,0,"Side-swipe accident on highway; dashcam footage available, other driver's insurance contacted.",0
1340.32,LIFE,998,0,0,"Items stolen, no witnesses, cash and electronics gone.",1
3540.82,HEALTH,673,1,0,"Bicycle accident; broken collarbone, treated at St. Luke's, X-rays and follow-up scheduled.",0
2907.73,AUTO,196,1,0,Front-end collision when the other driver ran a red light at Pine Rd; police report filed.,0
905.12,PROPERTY,555,1,1,Lightning strike damaged HVAC unit on April 3; technician assessment attached.,0
1527.44,AUTO,1058,1,1,"Side-swipe accident on highway; dashcam footage available, other driver's insurance contacted.",0
5134.53,PROPERTY,380,0,0,Hailstorm on April 3 caused dents on the hood and cracked the windshield.,0
2679.48,PROPERTY,1006,1,0,"Pipe burst in basement; water damage to flooring and stored items, plumber invoice attached.",0
447.21,LIFE,200,1,0,Lightning strike damaged HVAC unit on July 5; technician assessment attached.,0
3482.89,LIFE,91,1,2,"Kitchen fire started from an unattended pan, contained by smoke detector and extinguisher.",0
611.18,AUTO,548,1,2,"Side-swipe accident on highway; dashcam footage available, other driver's insurance contacted.",0
7424.3,PROPERTY,345,0,0,Lightning strike damaged HVAC unit on May 18; technician assessment attached.,0
5034.65,AUTO,1308,1,1,"Side-swipe accident on highway; dashcam footage available, other driver's insurance contacted.",0
2416.04,HEALTH,568,1,0,"Burglary while on vacation; entry through the back window, electronics and jewellery taken, police report #PR-81059.",0
2115.89,HEALTH,628,0,1,"Kitchen fire started from an unattended pan, contained by smoke detector and extinguisher.",0
1466.99,AUTO,605,1,0,"Slipped on icy steps at the front entrance; sprained ankle, ER visit at St. Luke's.",0
3563.59,AUTO,476,0,1,Hailstorm on March 12 caused dents on the hood and cracked the windshield.,0
1247.91,AUTO,1376,0,2,"Stolen valuables, all cash, no inventory list.",0
2288.31,AUTO,1108,1,2,"Minor parking lot collision at Home Depot; both drivers exchanged details, insurance info noted.",0
4323.99,AUTO,239,1,2,Backyard fence damaged by neighbour's tree falling during high winds on April 3.,0
1030.91,PROPERTY,324,1,1,"Side-swipe accident on highway; dashcam footage available, other driver's insurance contacted.",0
976.34,HEALTH,122,1,0,"Burglary while on vacation; entry through the back window, electronics and jewellery taken, police report #PR-41041.",0
547.65,PROPERTY,385,0,0,"Vehicle stolen, no GPS data, no security footage available.",1
623.61,PROPERTY,985,1,0,"Side-swipe accident on highway; dashcam footage available, other driver's insurance contacted.",0
290.5,PROPERTY,1403,1,3,"Pipe burst in basement; water damage to flooring and stored items, plumber invoice attached.",0
3751.19,AUTO,722,0,0,"Damage occurred while alone, nobody saw, no police report.",1
11035.96,PROPERTY,123,1,0,"Kitchen fire started from an unattended pan, contained by smoke detector and extinguisher.",0
7520.06,PROPERTY,72,1,0,Rear-end collision at the intersection of Oak Ave and Birch St; minor whiplash and bumper damage.,0
355.64,PROPERTY,622,0,0,"Pipe burst in basement; water damage to flooring and stored items, plumber invoice attached.",0
3732.58,PROPERTY,397,1,0,Rear-end collision at the intersection of Main St and Cedar Lane; minor whiplash and bumper damage.,0
7495.86,HEALTH,865,1,1,"Side-swipe accident on highway; dashcam footage available, other driver's insurance contacted.",0
1145.03,HEALTH,178,1,2,Water damage in the kitchen ceiling from a burst pipe in the upstairs bathroom on July 5.,0
2001.09,PROPERTY,346,1,0,"Minor parking lot collision at Costco; both drivers exchanged details, insurance info noted.",0
242.77,HEALTH,834,1,0,"Side-swipe accident on highway; dashcam footage available, other driver's insurance contacted.",0
2360.75,PROPERTY,422,1,1,Backyard fence damaged by neighbour's tree falling during high winds on July 5.,0
624.18,AUTO,547,0,0,Front-end collision when the other driver ran a red light at Oak Ave; police report filed.,0
2207.54,AUTO,333,1,2,"Kitchen fire started from an unattended pan, contained by smoke detector and extinguisher.",0
379.48,HEALTH,78,1,0,"Kitchen fire started from an unattended pan, contained by smoke detector and extinguisher.",0
3111.49,AUTO,518,1,0,Rear-end collision at the intersection of Main St and Cedar Lane; minor whiplash and bumper damage.,0
5036.73,LIFE,495,1,1,"Slipped on icy steps at the front entrance; sprained ankle, ER visit at St. Luke's.",0
826.19,AUTO,1347,1,0,Hailstorm on March 12 caused dents on the hood and cracked the windshield.,0
580.03,PROPERTY,1339,1,0,"Kitchen fire started from an unattended pan, contained by smoke detector and extinguisher.",0
209.34,AUTO,647,1,1,Tree branch fell during the storm on May 18 and dented the roof above the garage.,0
1385.18,LIFE,432,1,1,"Kitchen fire started from an unattended pan, contained by smoke detector and extinguisher.",0
1010.71,AUTO,627,1,0,Water damage in the kitchen ceiling from a burst pipe in the upstairs bathroom on August 11.,0
383.36,AUTO,912,0,3,"Broken items, unwitnessed accident at home.",0
2844.15,AUTO,580,0,0,Backyard fence damaged by neighbour's tree falling during high winds on July 5.,0
1152.89,HEALTH,1134,1,0,"Burglary while on vacation; entry through the back window, electronics and jewellery taken, police report #PR-16449.",0
616.63,LIFE,1446,0,0,"Kitchen fire started from an unattended pan, contained by smoke detector and extinguisher.",0
1038.39,LIFE,605,0,0,Backyard fence damaged by neighbour's tree falling during high winds on August 11.,0
5278.01,AUTO,176,0,2,"Bicycle accident; broken collarbone, treated at City General, X-rays and follow-up scheduled.",0
3304.16,HEALTH,182,1,0,"Sudden mechanical failure, vehicle written off, no third party.",0
1587.59,AUTO,1307,1,1,Front-end collision when the other driver ran a red light at Pine Rd; police report filed.,0
3358.01,HEALTH,624,1,0,"Burglary while on vacation; entry through the back window, electronics and jewellery taken, police report #PR-60152.",0
566.28,HEALTH,491,1,0,Hailstorm on March 12 caused dents on the hood and cracked the windshield.,0
1867.53,AUTO,929,1,0,Front-end collision when the other driver ran a red light at Pine Rd; police report filed.,0
2095.03,HEALTH,1434,0,0,"Lost expensive jewellery, no receipt, not sure when.",1
1130.22,PROPERTY,637,0,0,"Property damage but no witnesses, claim is for full replacement value.",1
2794.64,AUTO,473,0,0,"Minor parking lot collision at Walmart; both drivers exchanged details, insurance info noted.",0
828.46,AUTO,1294,0,0,Lightning strike damaged HVAC unit on May 18; technician assessment attached.,0
3010.38,AUTO,125,1,0,"Slipped on icy steps at the front entrance; sprained ankle, ER visit at Mercy General.",0
3139.63,AUTO,1266,0,0,Backyard fence damaged by neighbour's tree falling during high winds on June 24.,0
97.79,AUTO,780,1,0,"Minor parking lot collision at Walmart; both drivers exchanged details, insurance info noted.",0
5945.0,HEALTH,31,1,0,Tree branch fell during the storm on April 3 and dented the roof above the garage.,0
85.83,AUTO,342,0,2,"Kitchen fire started from an unattended pan, contained by smoke detector and extinguisher.",0
976.48,PROPERTY,1019,1,0,"Kitchen fire started from an unattended pan, contained by smoke detector and extinguisher.",0
5040.94,PROPERTY,1129,1,0,Water damage in the kitchen ceiling from a burst pipe in the upstairs bathroom on April 3.,1
1316.48,PROPERTY,294,1,0,Water damage in the kitchen ceiling from a burst pipe in the upstairs bathroom on July 5.,0
417.3,HEALTH,986,1,2,Lightning strike damaged HVAC unit on March 12; technician assessment attached.,0
605.63,AUTO,1483,1,0,Tree branch fell during the storm on May 18 and dented the roof above the garage.,0
5048.8,AUTO,1030,1,0,Tree branch fell during the storm on June 24 and dented the roof above the garage.,0
264.67,AUTO,1053,1,0,"Bicycle accident; broken collarbone, treated at City General, X-rays and follow-up scheduled.",0
5591.43,LIFE,291,0,0,"Minor parking lot collision at Costco; both drivers exchanged details, insurance info noted.",0
1711.11,LIFE,956,1,1,"Pipe burst in basement; water damage to flooring and stored items, plumber invoice attached.",0
548.73,AUTO,1063,1,1,"Slipped on icy steps at the front entrance; sprained ankle, ER visit at Riverside Medical.",0
1009.17,AUTO,166,0,0,Lightning strike damaged HVAC unit on March 12; technician assessment attached.,0
653.78,HEALTH,467,0,2,"Bicycle accident; broken collarbone, treated at St. Luke's, X-rays and follow-up scheduled.",0
4299.38,AUTO,1324,0,2,"Total loss, no documentation available.",1
3760.95,LIFE,1498,0,0,"Damage occurred while alone, nobody saw, no police report.",0
324.03,AUTO,260,0,0,Backyard fence damaged by neighbour's tree falling during high winds on March 12.,0
1207.62,AUTO,1097,1,2,Lightning strike damaged HVAC unit on June 24; technician assessment attached.,0
762.66,HEALTH,752,1,0,"Minor parking lot collision at Walmart; both drivers exchanged details, insurance info noted.",0
6591.33,AUTO,886,1,0,Water damage in the kitchen ceiling from a burst pipe in the upstairs bathroom on April 3.,0
468.67,AUTO,766,1,1,"Cash and gold coins stolen from home safe, exact amounts approximate.",0
8993.25,PROPERTY,1300,0,0,"Burglary while on vacation; entry through the back window, electronics and jewellery taken, police report #PR-65576.",0
1748.84,AUTO,668,1,0,"Total loss, no documentation available.",0
565.7,HEALTH,884,0,1,Backyard fence damaged by neighbour's tree falling during high winds on July 5.,0
918.49,HEALTH,1004,0,0,Front-end collision when the other driver ran a red light at 5th Ave; police report filed.,0
811.09,AUTO,829,1,0,"Slipped on icy steps at the front entrance; sprained ankle, ER visit at Riverside Medical.",0
505.42,AUTO,1319,1,0,"Fire damage, unknown cause, total loss.",0
1987.89,AUTO,356,1,0,Water damage in the kitchen ceiling from a burst pipe in the upstairs bathroom on July 5.,0
529.58,AUTO,1422,1,0,Rear-end collision at the intersection of Pine Rd and Walnut Rd; minor whiplash and bumper damage.,0
204.31,AUTO,1017,1,1,Backyard fence damaged by neighbour's tree falling during high winds on March 12.,0
1236.85,PROPERTY,1440,1,0,Lightning strike damaged HVAC unit on May 18; technician assessment attached.,0
298.01,PROPERTY,562,1,0,"Pipe burst in basement; water damage to flooring and stored items, plumber invoice attached.",0
852.22,PROPERTY,718,0,0,"Deer collision on the highway near exit 181; airbag deployed, vehicle towed.",0
728.43,HEALTH,65,0,0,Backyard fence damaged by neighbour's tree falling during high winds on August 11.,0
756.56,PROPERTY,1386,1,0,"Cash and gold coins stolen from home safe, exact amounts approximate.",0
13372.6,HEALTH,1224,1,0,Lightning strike damaged HVAC unit on June 24; technician assessment attached.,0
1912.97,AUTO,445,0,0,Rear-end collision at the intersection of Main St and Walnut Rd; minor whiplash and bumper damage.,0
2310.85,AUTO,78,0,1,"Side-swipe accident on highway; dashcam footage available, other driver's insurance contacted.",0
306.01,HEALTH,1045,0,0,"Lost expensive jewellery, no receipt, not sure when.",1
940.15,PROPERTY,1008,1,1,Front-end collision when the other driver ran a red light at Main St; police report filed.,0
2242.4,HEALTH,791,0,1,"Side-swipe accident on highway; dashcam footage available, other driver's insurance contacted.",0
649.02,AUTO,235,1,1,Water damage in the kitchen ceiling from a burst pipe in the upstairs bathroom on March 12.,0
4483.07,LIFE,1377,0,0,"Deer collision on the highway near exit 116; airbag deployed, vehicle towed.",0
543.11,AUTO,649,0,1,"Pipe burst in basement; water damage to flooring and stored items, plumber invoice attached.",0
1357.82,LIFE,1087,0,1,Tree branch fell during the storm on May 18 and dented the roof above the garage.,0
1006.21,PROPERTY,1288,1,0,"Vehicle disappeared from parking lot, no security camera footage.",0
2130.94,PROPERTY,822,0,0,Front-end collision when the other driver ran a red light at Pine Rd; police report filed.,0
952.9,PROPERTY,142,1,1,Rear-end collision at the intersection of Pine Rd and Birch St; minor whiplash and bumper damage.,0
1378.99,AUTO,1331,1,1,Front-end collision when the other driver ran a red light at Elm Blvd; police report filed.,0
1427.77,HEALTH,1001,1,0,Lightning strike damaged HVAC unit on July 5; technician assessment attached.,0
867.5,PROPERTY,1341,0,0,"Side-swipe accident on highway; dashcam footage available, other driver's insurance contacted.",0
2936.85,PROPERTY,919,1,0,"Side-swipe accident on highway; dashcam footage available, other driver's insurance contacted.",0
2294.77,AUTO,1361,0,0,Water damage in the kitchen ceiling from a burst pipe in the upstairs bathroom on July 5.,0
1654.72,AUTO,1301,1,2,"Side-swipe accident on highway; dashcam footage available, other driver's insurance contacted.",0
1175.61,AUTO,324,1,0,"Lost expensive jewellery, no receipt, not sure when.",0
4009.99,HEALTH,259,1,1,Hailstorm on August 11 caused dents on the hood and cracked the windshield.,0
1428.19,HEALTH,241,1,1,Water damage in the kitchen ceiling from a burst pipe in the upstairs bathroom on August 11.,1
1330.49,PROPERTY,1199,1,0,"Slipped on icy steps at the front entrance; sprained ankle, ER visit at St. Luke's.",0
2007.59,PROPERTY,361,1,0,"Burglary while on vacation; entry through the back window, electronics and jewellery taken, police report #PR-63088.",0
9863.4,HEALTH,675,0,3,Backyard fence damaged by neighbour's tree falling during high winds on July 5.,0
473.26,AUTO,1182,1,0,Lightning strike damaged HVAC unit on June 24; technician assessment attached.,0
3904.39,HEALTH,643,0,0,Front-end collision when the other driver ran a red light at Pine Rd; police report filed.,0
272.28,AUTO,93,0,1,"Pipe burst in basement; water damage to flooring and stored items, plumber invoice attached.",0
2246.82,AUTO,543,1,1,"Kitchen fire started from an unattended pan, contained by smoke detector and extinguisher.",0
8734.91,AUTO,142,1,0,"Kitchen fire started from an unattended pan, contained by smoke detector and extinguisher.",0
2947.37,AUTO,578,1,0,"Bicycle accident; broken collarbone, treated at City General, X-rays and follow-up scheduled.",0
2144.42,AUTO,1105,1,0,"Burglary while on vacation; entry through the back window, electronics and jewellery taken, police report #PR-52948.",0
1032.31,HEALTH,780,1,2,Tree branch fell during the storm on March 12 and dented the roof above the garage.,0
1865.06,AUTO,1012,1,0,Tree branch fell during the storm on June 24 and dented the roof above the garage.,0
1405.2,AUTO,161,1,1,"Bicycle accident; broken collarbone, treated at City General, X-rays and follow-up scheduled.",0
823.88,AUTO,1125,1,2,"Pipe burst in basement; water damage to flooring and stored items, plumber invoice attached.",0
1353.06,HEALTH,638,0,0,Front-end collision when the other driver ran a red light at Pine Rd; police report filed.,0
2204.78,HEALTH,431,1,0,"Minor parking lot collision at Home Depot; both drivers exchanged details, insurance info noted.",0
839.48,AUTO,978,1,0,Water damage in the kitchen ceiling from a burst pipe in the upstairs bathroom on August 11.,0
807.32,AUTO,203,1,1,"Property damage but no witnesses, claim is for full replacement value.",1
463.94,LIFE,747,0,0,Lightning strike damaged HVAC unit on April 3; technician assessment attached.,0
2672.38,HEALTH,633,0,0,Backyard fence damaged by neighbour's tree falling during high winds on April 3.,0
3119.17,HEALTH,249,0,1,Lightning strike damaged HVAC unit on March 12; technician assessment attached.,0
2279.38,HEALTH,1428,0,0,"Deer collision on the highway near exit 108; airbag deployed, vehicle towed.",0
4746.54,PROPERTY,545,1,1,Water damage in the kitchen ceiling from a burst pipe in the upstairs bathroom on March 12.,0
1974.1,PROPERTY,62,0,0,Hailstorm on July 5 caused dents on the hood and cracked the windshield.,0
2675.82,AUTO,664,0,0,"Slipped on icy steps at the front entrance; sprained ankle, ER visit at City General.",0
2449.99,HEALTH,1450,1,0,"Minor parking lot collision at Walmart; both drivers exchanged details, insurance info noted.",0
1649.88,AUTO,1003,1,4,Hailstorm on May 18 caused dents on the hood and cracked the windshield.,0
1063.35,HEALTH,955,0,0,Backyard fence damaged by neighbour's tree falling during high winds on July 5.,0
16550.19,AUTO,1351,1,1,"Stolen valuables, all cash, no inventory list.",1
1150.61,AUTO,126,1,1,Lightning strike damaged HVAC unit on March 12; technician assessment attached.,1
929.01,LIFE,826,1,0,Tree branch fell during the storm on March 12 and dented the roof above the garage.,0
2790.59,PROPERTY,481,1,2,"Burglary while on vacation; entry through the back window, electronics and jewellery taken, police report #PR-19890.",0
2325.88,AUTO,1014,1,0,"Kitchen fire started from an unattended pan, contained by smoke detector and extinguisher.",0
443.73,LIFE,1279,0,0,Hailstorm on March 12 caused dents on the hood and cracked the windshield.,0
5556.25,AUTO,116,1,0,Backyard fence damaged by neighbour's tree falling during high winds on May 18.,0
1645.51,HEALTH,238,1,1,Backyard fence damaged by neighbour's tree falling during high winds on March 12.,0
595.3,PROPERTY,1431,1,1,"Burglary while on vacation; entry through the back window, electronics and jewellery taken, police report #PR-99474.",0
5935.96,AUTO,738,1,0,"Slipped on icy steps at the front entrance; sprained ankle, ER visit at Mercy General.",0
3380.15,HEALTH,473,0,1,Backyard fence damaged by neighbour's tree falling during high winds on March 12.,0
510.53,HEALTH,229,0,1,"Kitchen fire started from an unattended pan, contained by smoke detector and extinguisher.",0
10691.27,AUTO,532,1,1,"Pipe burst in basement; water damage to flooring and stored items, plumber invoice attached.",0
3493.98,HEALTH,8,1,0,"Deer collision on the highway near exit 41; airbag deployed, vehicle towed.",0
1789.7,AUTO,335,0,1,"Cash and gold coins stolen from home safe, exact amounts approximate.",1
8868.13,HEALTH,275,1,0,"Stolen valuables, all cash, no inventory list.",1
2120.27,AUTO,127,1,0,Front-end collision when the other driver ran a red light at Main St; police report filed.,0
1757.97,AUTO,1453,1,0,Water damage in the kitchen ceiling from a burst pipe in the upstairs bathroom on May 18.,0
934.21,PROPERTY,1185,0,2,Lightning strike damaged HVAC unit on June 24; technician assessment attached.,0
3235.21,AUTO,1410,1,1,"Deer collision on the highway near exit 184; airbag deployed, vehicle towed.",1
2912.02,HEALTH,361,1,1,Tree branch fell during the storm on March 12 and dented the roof above the garage.,0
1834.78,PROPERTY,433,1,1,"Deer collision on the highway near exit 125; airbag deployed, vehicle towed.",0
820.58,PROPERTY,424,1,0,Water damage in the kitchen ceiling from a burst pipe in the upstairs bathroom on August 11.,0
2058.91,AUTO,838,1,2,"Vehicle stolen, no GPS data, no security footage available.",1
1686.15,PROPERTY,273,0,0,Water damage in the kitchen ceiling from a burst pipe in the upstairs bathroom on July 5.,0
476.53,PROPERTY,353,1,0,Rear-end collision at the intersection of Elm Blvd and Cedar Lane; minor whiplash and bumper damage.,0
414.96,AUTO,1462,0,1,"Total loss, no documentation available.",1
3181.64,PROPERTY,528,1,0,"Deer collision on the highway near exit 83; airbag deployed, vehicle towed.",0
134.04,PROPERTY,1171,1,0,Car was damaged.,0
2220.33,HEALTH,344,1,2,Hailstorm on March 12 caused dents on the hood and cracked the windshield.,0
1120.93,HEALTH,1394,1,0,"Bicycle accident; broken collarbone, treated at Riverside Medical, X-rays and follow-up scheduled.",0
6689.18,PROPERTY,1041,0,0,"Burglary while on vacation; entry through the back window, electronics and jewellery taken, police report #PR-99952.",0
1103.82,LIFE,1292,1,0,"Burglary while on vacation; entry through the back window, electronics and jewellery taken, police report #PR-26333.",0
3496.38,HEALTH,775,1,0,"Deer collision on the highway near exit 72; airbag deployed, vehicle towed.",0
1215.71,PROPERTY,1359,0,0,"Burglary while on vacation; entry through the back window, electronics and jewellery taken, police report #PR-16171.",0
2025.86,PROPERTY,544,0,1,Backyard fence damaged by neighbour's tree falling during high winds on June 24.,0
3777.57,PROPERTY,719,1,0,Hailstorm on July 5 caused dents on the hood and cracked the windshield.,0
1138.47,LIFE,93,0,1,Hailstorm on July 5 caused dents on the hood and cracked the windshield.,0
4897.87,AUTO,256,0,1,Hailstorm on July 5 caused dents on the hood and cracked the windshield.,0
669.35,AUTO,1157,0,2,Backyard fence damaged by neighbour's tree falling during high winds on April 3.,0
2427.44,HEALTH,490,1,1,Tree branch fell during the storm on May 18 and dented the roof above the garage.,0
4548.9,HEALTH,153,1,0,"Slipped on icy steps at the front entrance; sprained ankle, ER visit at Mercy General.",0
3498.32,HEALTH,439,1,1,"Slipped on icy steps at the front entrance; sprained ankle, ER visit at City General.",0
12288.82,PROPERTY,529,1,0,Front-end collision when the other driver ran a red light at Elm Blvd; police report filed.,0
842.66,PROPERTY,1075,0,1,"Broken items, unwitnessed accident at home.",1
455.25,HEALTH,136,1,0,Lightning strike damaged HVAC unit on March 12; technician assessment attached.,0
668.92,PROPERTY,39,0,0,"Bicycle accident; broken collarbone, treated at Riverside Medical, X-rays and follow-up scheduled.",0
3499.74,AUTO,1086,1,1,Tree branch fell during the storm on April 3 and dented the roof above the garage.,0
2974.77,HEALTH,213,0,0,Water damage in the kitchen ceiling from a burst pipe in the upstairs bathroom on August 11.,0
2002.71,AUTO,630,0,1,"Slipped on icy steps at the front entrance; sprained ankle, ER visit at Riverside Medical.",0
588.19,HEALTH,1024,1,0,Hailstorm on May 18 caused dents on the hood and cracked the windshield.,0
3892.74,HEALTH,771,0,1,Tree branch fell during the storm on August 11 and dented the roof above the garage.,0
531.28,PROPERTY,186,1,1,"Kitchen fire started from an unattended pan, contained by smoke detector and extinguisher.",0
5761.48,HEALTH,1083,1,0,Tree branch fell during the storm on July 5 and dented the roof above the garage.,0
31490.41,AUTO,73,1,1,Lightning strike damaged HVAC unit on August 11; technician assessment attached.,0
2608.29,AUTO,349,0,0,"Minor parking lot collision at Walmart; both drivers exchanged details, insurance info noted.",0
3239.29,AUTO,164,1,0,"Minor parking lot collision at Walmart; both drivers exchanged details, insurance info noted.",0
1104.49,LIFE,769,1,0,"Slipped on icy steps at the front entrance; sprained ankle, ER visit at Mercy General.",0
295.83,PROPERTY,1036,0,1,"Minor parking lot collision at Walmart; both drivers exchanged details, insurance info noted.",0
989.58,AUTO,975,1,1,"Burglary while on vacation; entry through the back window, electronics and jewellery taken, police report #PR-32590.",0
606.14,AUTO,209,1,2,Rear-end collision at the intersection of Elm Blvd and Maple Ave; minor whiplash and bumper damage.,0
425.39,HEALTH,515,1,0,"Kitchen fire started from an unattended pan, contained by smoke detector and extinguisher.",0
10120.92,HEALTH,220,1,1,Hailstorm on April 3 caused dents on the hood and cracked the windshield.,0
2375.26,AUTO,514,1,0,"Deer collision on the highway near exit 199; airbag deployed, vehicle towed.",0
2643.05,AUTO,346,0,2,Water damage in the kitchen ceiling from a burst pipe in the upstairs bathroom on August 11.,0
1327.4,HEALTH,1110,1,1,Backyard fence damaged by neighbour's tree falling during high winds on June 24.,0
1521.01,AUTO,1126,0,1,"Total loss, no documentation available.",1
4743.6,AUTO,1227,1,1,"House contents destroyed, fire of unknown origin, no smoke alarm activated.",1
1750.51,AUTO,301,1,0,Hailstorm on June 24 caused dents on the hood and cracked the windshield.,0
3073.87,HEALTH,21,1,1,"Side-swipe accident on highway; dashcam footage available, other driver's insurance contacted.",1
1486.23,HEALTH,54,1,1,"Deer collision on the highway near exit 18; airbag deployed, vehicle towed.",0
1284.14,AUTO,1265,0,0,"Sudden mechanical failure, vehicle written off, no third party.",1
442.79,HEALTH,1358,1,0,"Deer collision on the highway near exit 31; airbag deployed, vehicle towed.",0
250.2,HEALTH,318,0,1,"Slipped on icy steps at the front entrance; sprained ankle, ER visit at St. Luke's.",0
1391.92,PROPERTY,1314,1,1,"Side-swipe accident on highway; dashcam footage available, other driver's insurance contacted.",0
1913.13,LIFE,795,1,2,Front-end collision when the other driver ran a red light at Main St; police report filed.,0
499.63,AUTO,278,0,0,"Vehicle disappeared from parking lot, no security camera footage.",1
1746.77,PROPERTY,470,1,1,"Fire damage, unknown cause, total loss.",1
1907.89,PROPERTY,398,1,0,Tree branch fell during the storm on June 24 and dented the roof above the garage.,0
209.35,HEALTH,1145,1,0,"Burglary while on vacation; entry through the back window, electronics and jewellery taken, police report #PR-61270.",0
724.06,AUTO,283,1,0,"Burglary while on vacation; entry through the back window, electronics and jewellery taken, police report #PR-24734.",0
2716.95,AUTO,275,1,3,Water damage in the kitchen ceiling from a burst pipe in the upstairs bathroom on April 3.,0
2662.6,AUTO,1079,1,2,Front-end collision when the other driver ran a red light at 5th Ave; police report filed.,0
570.39,LIFE,454,0,0,Rear-end collision at the intersection of Elm Blvd and Birch St; minor whiplash and bumper damage.,0
2118.47,HEALTH,375,0,0,Hailstorm on April 3 caused dents on the hood and cracked the windshield.,0
5026.14,HEALTH,1211,0,2,Front-end collision when the other driver ran a red light at Elm Blvd; police report filed.,0
3932.67,HEALTH,1397,0,0,"Slipped on icy steps at the front entrance; sprained ankle, ER visit at St. Luke's.",0
1643.72,AUTO,833,0,0,"Pipe burst in basement; water damage to flooring and stored items, plumber invoice attached.",0
1132.32,AUTO,1241,1,3,Hailstorm on June 24 caused dents on the hood and cracked the windshield.,0
963.58,HEALTH,1262,1,1,"Kitchen fire started from an unattended pan, contained by smoke detector and extinguisher.",0
2886.56,HEALTH,883,0,0,"Bicycle accident; broken collarbone, treated at St. Luke's, X-rays and follow-up scheduled.",0
2197.56,PROPERTY,1244,1,1,"Slipped on icy steps at the front entrance; sprained ankle, ER visit at St. Luke's.",0
3392.78,HEALTH,14,1,0,"Damage occurred while alone, nobody saw, no police report.",1
2062.91,HEALTH,53,0,0,"Minor parking lot collision at Costco; both drivers exchanged details, insurance info noted.",0
4100.09,PROPERTY,1325,1,2,Front-end collision when the other driver ran a red light at Main St; police report filed.,0
1987.42,AUTO,211,0,1,Front-end collision when the other driver ran a red light at Oak Ave; police report filed.,0
3962.73,HEALTH,1091,1,0,Hailstorm on July 5 caused dents on the hood and cracked the windshield.,0
4319.19,PROPERTY,630,1,0,Backyard fence damaged by neighbour's tree falling during high winds on July 5.,0
808.74,AUTO,1182,0,0,"Vehicle stolen, no GPS data, no security footage available.",0
296.44,AUTO,998,0,0,"Bicycle accident; broken collarbone, treated at Riverside Medical, X-rays and follow-up scheduled.",0
8463.29,AUTO,108,1,1,"Burglary while on vacation; entry through the back window, electronics and jewellery taken, police report #PR-30953.",0
2337.08,AUTO,505,0,0,"Side-swipe accident on highway; dashcam footage available, other driver's insurance contacted.",0
325.55,HEALTH,1063,1,2,"Vehicle stolen, no GPS data, no security footage available.",1
885.52,AUTO,1382,1,0,"Minor parking lot collision at Walmart; both drivers exchanged details, insurance info noted.",0
3912.27,HEALTH,1207,0,0,"Slipped on icy steps at the front entrance; sprained ankle, ER visit at Mercy General.",0
1366.93,AUTO,1337,1,1,"Bicycle accident; broken collarbone, treated at City General, X-rays and follow-up scheduled.",0
1083.49,AUTO,1434,1,1,Backyard fence damaged by neighbour's tree falling during high winds on March 12.,0
7338.44,AUTO,1341,0,0,Water damage in the kitchen ceiling from a burst pipe in the upstairs bathroom on May 18.,0
634.42,AUTO,871,1,0,Front-end collision when the other driver ran a red light at Main St; police report filed.,0
813.91,LIFE,504,1,0,"Kitchen fire started from an unattended pan, contained by smoke detector and extinguisher.",0
2233.64,AUTO,762,1,0,Rear-end collision at the intersection of Main St and Birch St; minor whiplash and bumper damage.,0
2671.66,AUTO,1193,0,1,Hailstorm on April 3 caused dents on the hood and cracked the windshield.,0
2970.08,AUTO,638,0,1,"Pipe burst in basement; water damage to flooring and stored items, plumber invoice attached.",0
4497.32,AUTO,1246,1,0,"Side-swipe accident on highway; dashcam footage available, other driver's insurance contacted.",0
2205.21,HEALTH,1052,1,0,"Minor parking lot collision at Home Depot; both drivers exchanged details, insurance info noted.",0
2949.48,PROPERTY,314,0,0,"Damage occurred while alone, nobody saw, no police report.",1
1395.2,AUTO,1381,1,0,"Slipped on icy steps at the front entrance; sprained ankle, ER visit at St. Luke's.",0
1925.03,HEALTH,1269,1,0,Rear-end collision at the intersection of Main St and Walnut Rd; minor whiplash and bumper damage.,0
2013.31,HEALTH,900,0,0,Backyard fence damaged by neighbour's tree falling during high winds on July 5.,0
2241.94,PROPERTY,291,1,1,Rear-end collision at the intersection of Pine Rd and Walnut Rd; minor whiplash and bumper damage.,0
3914.88,HEALTH,341,1,0,"Fire damage, unknown cause, total loss.",1
3149.96,AUTO,1259,1,0,"Minor parking lot collision at Home Depot; both drivers exchanged details, insurance info noted.",0
1889.78,PROPERTY,27,1,0,"Items stolen, no witnesses, cash and electronics gone.",1
805.03,PROPERTY,725,1,0,"Vehicle stolen, no GPS data, no security footage available.",0
1934.63,HEALTH,929,1,0,Rear-end collision at the intersection of 5th Ave and Cedar Lane; minor whiplash and bumper damage.,0
1758.09,LIFE,349,1,0,"Kitchen fire started from an unattended pan, contained by smoke detector and extinguisher.",0
2193.34,PROPERTY,1297,0,1,"Burglary while on vacation; entry through the back window, electronics and jewellery taken, police report #PR-36859.",0
16424.43,AUTO,783,1,0,"Burglary while on vacation; entry through the back window, electronics and jewellery taken, police report #PR-69171.",0
1070.87,PROPERTY,99,1,0,"Sudden mechanical failure, vehicle written off, no third party.",0
2758.08,HEALTH,480,1,0,Tree branch fell during the storm on July 5 and dented the roof above the garage.,0
5263.03,HEALTH,596,0,0,"Slipped on icy steps at the front entrance; sprained ankle, ER visit at St. Luke's.",0
1994.21,HEALTH,334,0,0,"Minor parking lot collision at Costco; both drivers exchanged details, insurance info noted.",0
18729.31,PROPERTY,1410,0,2,"Property damage but no witnesses, claim is for full replacement value.",1
1238.88,HEALTH,541,1,0,"Slipped on icy steps at the front entrance; sprained ankle, ER visit at Riverside Medical.",0
2500.11,HEALTH,753,1,0,"Pipe burst in basement; water damage to flooring and stored items, plumber invoice attached.",0
813.38,AUTO,803,1,0,Front-end collision when the other driver ran a red light at 5th Ave; police report filed.,0
1272.16,HEALTH,331,0,1,Rear-end collision at the intersection of Elm Blvd and Maple Ave; minor whiplash and bumper damage.,0
2319.1,PROPERTY,852,1,1,Lightning strike damaged HVAC unit on May 18; technician assessment attached.,0
4214.58,PROPERTY,531,0,0,Backyard fence damaged by neighbour's tree falling during high winds on August 11.,0
2487.65,AUTO,16,1,0,"Side-swipe accident on highway; dashcam footage available, other driver's insurance contacted.",0
6368.47,PROPERTY,612,0,0,"Deer collision on the highway near exit 152; airbag deployed, vehicle towed.",0
1644.24,PROPERTY,876,1,1,Backyard fence damaged by neighbour's tree falling during high winds on August 11.,0
1297.03,HEALTH,176,1,0,"Minor parking lot collision at Home Depot; both drivers exchanged details, insurance info noted.",0
27010.61,AUTO,1169,0,0,"Deer collision on the highway near exit 92; airbag deployed, vehicle towed.",1
2681.78,HEALTH,991,0,1,Hailstorm on August 11 caused dents on the hood and cracked the windshield.,0
880.53,AUTO,465,1,1,"Broken items, unwitnessed accident at home.",1
903.01,AUTO,888,0,1,Hailstorm on March 12 caused dents on the hood and cracked the windshield.,0
704.38,HEALTH,456,1,0,Hailstorm on April 3 caused dents on the hood and cracked the windshield.,0
4612.7,PROPERTY,971,0,0,Hailstorm on July 5 caused dents on the hood and cracked the windshield.,0
1255.92,AUTO,231,0,0,Front-end collision when the other driver ran a red light at 5th Ave; police report filed.,0
2053.63,PROPERTY,916,0,0,"Side-swipe accident on highway; dashcam footage available, other driver's insurance contacted.",0
1696.79,PROPERTY,83,1,1,"Damage occurred while alone, nobody saw, no police report.",1
3757.44,AUTO,25,1,0,"Sudden mechanical failure, vehicle written off, no third party.",0
775.3,AUTO,382,0,2,"Slipped on icy steps at the front entrance; sprained ankle, ER visit at St. Luke's.",0
616.73,PROPERTY,262,1,1,Car was damaged.,0
2262.66,PROPERTY,736,0,1,"Vehicle stolen, no GPS data, no security footage available.",1
3297.63,AUTO,249,1,1,Front-end collision when the other driver ran a red light at Elm Blvd; police report filed.,0
2521.31,HEALTH,367,0,0,Front-end collision when the other driver ran a red light at 5th Ave; police report filed.,0
804.76,HEALTH,147,1,1,Hailstorm on April 3 caused dents on the hood and cracked the windshield.,0
3559.89,PROPERTY,1330,0,0,"Deer collision on the highway near exit 37; airbag deployed, vehicle towed.",1
859.32,PROPERTY,1103,1,0,"Slipped on icy steps at the front entrance; sprained ankle, ER visit at St. Luke's.",0
1073.27,AUTO,327,1,0,"Burglary while on vacation; entry through the back window, electronics and jewellery taken, police report #PR-56081.",0
703.48,AUTO,181,1,0,"Slipped on icy steps at the front entrance; sprained ankle, ER visit at Mercy General.",0
6641.93,AUTO,1275,1,0,Lightning strike damaged HVAC unit on July 5; technician assessment attached.,0
3406.43,PROPERTY,1002,0,0,"Burglary while on vacation; entry through the back window, electronics and jewellery taken, police report #PR-60914.",0
3310.96,PROPERTY,1328,1,1,"Burglary while on vacation; entry through the back window, electronics and jewellery taken, police report #PR-31626.",0
6293.11,PROPERTY,268,1,0,Tree branch fell during the storm on June 24 and dented the roof above the garage.,0
30111.1,AUTO,538,1,0,Hailstorm on July 5 caused dents on the hood and cracked the windshield.,0
327.27,HEALTH,178,1,0,Water damage in the kitchen ceiling from a burst pipe in the upstairs bathroom on August 11.,0
864.04,AUTO,635,1,0,Backyard fence damaged by neighbour's tree falling during high winds on May 18.,0
976.35,AUTO,244,1,2,"Slipped on icy steps at the front entrance; sprained ankle, ER visit at Riverside Medical.",0
772.15,AUTO,7,1,1,"Deer collision on the highway near exit 19; airbag deployed, vehicle towed.",0
615.49,PROPERTY,763,1,1,Tree branch fell during the storm on April 3 and dented the roof above the garage.,0
1339.9,AUTO,1468,1,1,"Vehicle disappeared from parking lot, no security camera footage.",1
535.6,HEALTH,968,1,0,"Pipe burst in basement; water damage to flooring and stored items, plumber invoice attached.",0
2527.64,LIFE,1135,1,1,Hailstorm on August 11 caused dents on the hood and cracked the windshield.,0
1903.97,HEALTH,1218,1,3,"Slipped on icy steps at the front entrance; sprained ankle, ER visit at Riverside Medical.",0
2924.94,AUTO,1458,0,0,"Bicycle accident; broken collarbone, treated at Mercy General, X-rays and follow-up scheduled.",0
3004.09,PROPERTY,193,1,1,Rear-end collision at the intersection of Pine Rd and Maple Ave; minor whiplash and bumper damage.,0
3304.39,HEALTH,376,1,0,"Slipped on icy steps at the front entrance; sprained ankle, ER visit at City General.",0
1244.63,HEALTH,924,0,3,"Total loss, no documentation available.",1
15080.28,HEALTH,1231,1,0,Front-end collision when the other driver ran a red light at Elm Blvd; police report filed.,0
2285.71,PROPERTY,1160,0,1,"Deer collision on the highway near exit 64; airbag deployed, vehicle towed.",0
280.76,HEALTH,1091,0,0,"Side-swipe accident on highway; dashcam footage available, other driver's insurance contacted.",0
663.56,HEALTH,469,1,0,"Minor parking lot collision at Walmart; both drivers exchanged details, insurance info noted.",0
317.19,HEALTH,547,1,1,"Stolen valuables, all cash, no inventory list.",0
1839.66,AUTO,120,1,0,"Minor parking lot collision at Costco; both drivers exchanged details, insurance info noted.",0
1600.7,PROPERTY,471,0,0,Hailstorm on April 3 caused dents on the hood and cracked the windshield.,1
1131.81,AUTO,234,1,0,"Bicycle accident; broken collarbone, treated at Mercy General, X-rays and follow-up scheduled.",0
13506.5,AUTO,1407,0,1,"Deer collision on the highway near exit 135; airbag deployed, vehicle towed.",0
3130.61,AUTO,138,1,0,Rear-end collision at the intersection of Main St and Birch St; minor whiplash and bumper damage.,0
3737.22,AUTO,545,0,0,"Side-swipe accident on highway; dashcam footage available, other driver's insurance contacted.",0
712.6,HEALTH,1330,1,0,"Kitchen fire started from an unattended pan, contained by smoke detector and extinguisher.",0
665.71,HEALTH,1433,0,0,"Bicycle accident; broken collarbone, treated at Mercy General, X-rays and follow-up scheduled.",0
1875.83,AUTO,565,0,1,"Burglary while on vacation; entry through the back window, electronics and jewellery taken, police report #PR-36792.",0
2149.54,AUTO,698,1,0,"Kitchen fire started from an unattended pan, contained by smoke detector and extinguisher.",0
282.5,PROPERTY,785,1,0,"Burglary while on vacation; entry through the back window, electronics and jewellery taken, police report #PR-10544.",0
1509.74,LIFE,1233,1,2,Rear-end collision at the intersection of Pine Rd and Cedar Lane; minor whiplash and bumper damage.,0
1833.67,HEALTH,1153,1,1,"Pipe burst in basement; water damage to flooring and stored items, plumber invoice attached.",0
1458.04,AUTO,786,0,2,"Deer collision on the highway near exit 52; airbag deployed, vehicle towed.",0
801.6,AUTO,557,0,1,"Vehicle disappeared from parking lot, no security camera footage.",1
1054.12,AUTO,559,1,0,Hailstorm on June 24 caused dents on the hood and cracked the windshield.,0
1514.95,AUTO,974,0,1,"Minor parking lot collision at Costco; both drivers exchanged details, insurance info noted.",0
1979.9,PROPERTY,1253,1,0,"Side-swipe accident on highway; dashcam footage available, other driver's insurance contacted.",0
3310.29,PROPERTY,115,1,0,"Slipped on icy steps at the front entrance; sprained ankle, ER visit at Riverside Medical.",0
5328.67,AUTO,1153,1,0,Front-end collision when the other driver ran a red light at 5th Ave; police report filed.,0
1347.02,LIFE,721,1,0,Front-end collision when the other driver ran a red light at 5th Ave; police report filed.,0
1145.78,HEALTH,218,0,1,Hailstorm on August 11 caused dents on the hood and cracked the windshield.,1
2800.79,AUTO,145,1,1,Rear-end collision at the intersection of Main St and Cedar Lane; minor whiplash and bumper damage.,0
3330.39,HEALTH,506,1,1,"Burglary while on vacation; entry through the back window, electronics and jewellery taken, police report #PR-10729.",0
1171.22,AUTO,373,1,2,"Deer collision on the highway near exit 17; airbag deployed, vehicle towed.",0
3985.4,PROPERTY,157,1,0,"Pipe burst in basement; water damage to flooring and stored items, plumber invoice attached.",0
4815.45,AUTO,440,1,1,Water damage in the kitchen ceiling from a burst pipe in the upstairs bathroom on June 24.,0
6579.32,HEALTH,1250,0,1,Water damage in the kitchen ceiling from a burst pipe in the upstairs bathroom on May 18.,0
10703.44,AUTO,1076,1,0,"Kitchen fire started from an unattended pan, contained by smoke detector and extinguisher.",1
760.2,PROPERTY,314,0,0,Backyard fence damaged by neighbour's tree falling during high winds on March 12.,0
1833.35,HEALTH,1011,1,1,Lightning strike damaged HVAC unit on June 24; technician assessment attached.,0
1828.55,HEALTH,678,0,1,Rear-end collision at the intersection of Oak Ave and Maple Ave; minor whiplash and bumper damage.,0
1639.14,AUTO,1120,1,2,Water damage in the kitchen ceiling from a burst pipe in the upstairs bathroom on June 24.,1
944.58,PROPERTY,371,0,1,"Side-swipe accident on highway; dashcam footage available, other driver's insurance contacted.",0
409.3,HEALTH,93,0,0,Car was damaged.,1
1983.62,AUTO,469,1,1,Front-end collision when the other driver ran a red light at Main St; police report filed.,0
838.52,PROPERTY,1490,0,0,"Fire damage, unknown cause, total loss.",1
1970.4,AUTO,834,1,2,"Stolen valuables, all cash, no inventory list.",1
817.26,AUTO,82,0,1,Water damage in the kitchen ceiling from a burst pipe in the upstairs bathroom on March 12.,0
602.05,HEALTH,1463,0,0,"Kitchen fire started from an unattended pan, contained by smoke detector and extinguisher.",0
2285.4,AUTO,1238,0,1,"Minor parking lot collision at Home Depot; both drivers exchanged details, insurance info noted.",0
2102.58,HEALTH,816,1,1,Rear-end collision at the intersection of Main St and Walnut Rd; minor whiplash and bumper damage.,0
3226.92,AUTO,1110,0,2,Front-end collision when the other driver ran a red light at Pine Rd; police report filed.,1
16088.56,AUTO,277,0,1,Water damage in the kitchen ceiling from a burst pipe in the upstairs bathroom on March 12.,0
2385.8,AUTO,888,1,0,"Side-swipe accident on highway; dashcam footage available, other driver's insurance contacted.",0
2936.82,AUTO,1369,1,0,"Slipped on icy steps at the front entrance; sprained ankle, ER visit at St. Luke's.",0
615.5,LIFE,658,1,1,"Fire damage, unknown cause, total loss.",0
499.24,HEALTH,59,0,0,Front-end collision when the other driver ran a red light at Oak Ave; police report filed.,0
8802.84,HEALTH,1135,1,0,"Bicycle accident; broken collarbone, treated at St. Luke's, X-rays and follow-up scheduled.",0
718.04,AUTO,1095,1,0,"Bicycle accident; broken collarbone, treated at Mercy General, X-rays and follow-up scheduled.",0
636.55,PROPERTY,1110,1,1,"Slipped on icy steps at the front entrance; sprained ankle, ER visit at City General.",0
1738.71,AUTO,972,0,1,"Side-swipe accident on highway; dashcam footage available, other driver's insurance contacted.",0
1652.11,AUTO,206,0,0,"Bicycle accident; broken collarbone, treated at City General, X-rays and follow-up scheduled.",0
733.25,HEALTH,172,1,0,"Minor parking lot collision at Home Depot; both drivers exchanged details, insurance info noted.",0
1332.79,HEALTH,1189,0,0,Tree branch fell during the storm on April 3 and dented the roof above the garage.,0
6181.87,PROPERTY,1282,1,0,"Pipe burst in basement; water damage to flooring and stored items, plumber invoice attached.",0
807.55,PROPERTY,118,0,0,"Kitchen fire started from an unattended pan, contained by smoke detector and extinguisher.",0
448.69,PROPERTY,871,0,0,"Broken items, unwitnessed accident at home.",1
4640.58,AUTO,751,0,1,Water damage in the kitchen ceiling from a burst pipe in the upstairs bathroom on May 18.,0
2958.08,AUTO,525,0,0,"Total loss, no documentation available.",0
972.12,AUTO,967,1,0,Water damage in the kitchen ceiling from a burst pipe in the upstairs bathroom on May 18.,0
371.61,PROPERTY,1371,0,1,"Pipe burst in basement; water damage to flooring and stored items, plumber invoice attached.",0
858.66,PROPERTY,1232,1,1,"Side-swipe accident on highway; dashcam footage available, other driver's insurance contacted.",0
1711.79,PROPERTY,230,0,1,"Burglary while on vacation; entry through the back window, electronics and jewellery taken, police report #PR-97530.",0
5800.34,AUTO,695,1,0,"Pipe burst in basement; water damage to flooring and stored items, plumber invoice attached.",0
641.25,PROPERTY,1403,1,0,Rear-end collision at the intersection of 5th Ave and Maple Ave; minor whiplash and bumper damage.,0
1661.51,HEALTH,356,1,0,Lightning strike damaged HVAC unit on July 5; technician assessment attached.,0
3551.57,PROPERTY,1281,1,1,Hailstorm on July 5 caused dents on the hood and cracked the windshield.,0
167.12,HEALTH,736,1,0,"Pipe burst in basement; water damage to flooring and stored items, plumber invoice attached.",0
5083.66,AUTO,782,1,0,"Side-swipe accident on highway; dashcam footage available, other driver's insurance contacted.",0
554.21,AUTO,376,1,1,"Items stolen, no witnesses, cash and electronics gone.",1
2519.95,LIFE,1379,1,0,Hailstorm on May 18 caused dents on the hood and cracked the windshield.,0
2313.88,HEALTH,793,0,2,"Pipe burst in basement; water damage to flooring and stored items, plumber invoice attached.",0
5348.58,AUTO,862,1,0,Water damage in the kitchen ceiling from a burst pipe in the upstairs bathroom on May 18.,0
3136.69,AUTO,694,0,0,Water damage in the kitchen ceiling from a burst pipe in the upstairs bathroom on June 24.,0
167.79,AUTO,134,1,0,"Minor parking lot collision at Home Depot; both drivers exchanged details, insurance info noted.",0
824.87,PROPERTY,1170,0,1,"Deer collision on the highway near exit 134; airbag deployed, vehicle towed.",0
2076.01,AUTO,493,0,0,Rear-end collision at the intersection of Pine Rd and Walnut Rd; minor whiplash and bumper damage.,0
1487.75,AUTO,360,1,1,Lightning strike damaged HVAC unit on May 18; technician assessment attached.,0
2914.96,PROPERTY,1173,1,1,Lightning strike damaged HVAC unit on March 12; technician assessment attached.,0
3981.31,HEALTH,300,1,0,"Slipped on icy steps at the front entrance; sprained ankle, ER visit at St. Luke's.",0
3322.43,AUTO,1024,1,0,"Pipe burst in basement; water damage to flooring and stored items, plumber invoice attached.",0
1459.32,AUTO,711,1,0,Tree branch fell during the storm on July 5 and dented the roof above the garage.,0
285.33,AUTO,1200,1,1,"Minor parking lot collision at Costco; both drivers exchanged details, insurance info noted.",0
1146.56,AUTO,76,1,2,Backyard fence damaged by neighbour's tree falling during high winds on July 5.,0
2741.8,AUTO,1162,0,1,"Burglary while on vacation; entry through the back window, electronics and jewellery taken, police report #PR-23261.",0
607.62,AUTO,344,0,0,"Bicycle accident; broken collarbone, treated at City General, X-rays and follow-up scheduled.",0
3399.13,PROPERTY,1306,1,1,"Burglary while on vacation; entry through the back window, electronics and jewellery taken, police report #PR-85528.",0
4484.55,PROPERTY,531,1,1,Tree branch fell during the storm on March 12 and dented the roof above the garage.,0
2052.61,PROPERTY,11,1,0,"Kitchen fire started from an unattended pan, contained by smoke detector and extinguisher.",0
84.46,AUTO,731,0,0,"Kitchen fire started from an unattended pan, contained by smoke detector and extinguisher.",0
503.67,AUTO,83,0,0,"Cash and gold coins stolen from home safe, exact amounts approximate.",0
11922.58,LIFE,404,0,0,Tree branch fell during the storm on July 5 and dented the roof above the garage.,0
1046.77,PROPERTY,1075,1,1,"Pipe burst in basement; water damage to flooring and stored items, plumber invoice attached.",0
248.6,HEALTH,841,1,1,Hailstorm on July 5 caused dents on the hood and cracked the windshield.,0
6218.27,AUTO,1063,1,0,"Minor parking lot collision at Target; both drivers exchanged details, insurance info noted.",0
1832.35,AUTO,1317,0,0,"Bicycle accident; broken collarbone, treated at City General, X-rays and follow-up scheduled.",0
5458.56,HEALTH,702,0,0,Hailstorm on June 24 caused dents on the hood and cracked the windshield.,0
2385.01,HEALTH,816,0,0,Rear-end collision at the intersection of Pine Rd and Cedar Lane; minor whiplash and bumper damage.,0
2859.95,AUTO,88,1,0,"Pipe burst in basement; water damage to flooring and stored items, plumber invoice attached.",0
2599.33,LIFE,430,1,1,"Minor parking lot collision at Walmart; both drivers exchanged details, insurance info noted.",0
3631.82,HEALTH,1086,0,0,"Slipped on icy steps at the front entrance; sprained ankle, ER visit at Riverside Medical.",0
17631.29,HEALTH,93,1,0,"Burglary while on vacation; entry through the back window, electronics and jewellery taken, police report #PR-75352.",0
4774.32,AUTO,539,1,0,Hailstorm on July 5 caused dents on the hood and cracked the windshield.,0
372.29,PROPERTY,205,0,0,"Kitchen fire started from an unattended pan, contained by smoke detector and extinguisher.",0
2826.12,PROPERTY,1286,1,1,"Deer collision on the highway near exit 58; airbag deployed, vehicle towed.",0
5661.71,AUTO,842,1,0,"Deer collision on the highway near exit 47; airbag deployed, vehicle towed.",0
6019.15,HEALTH,967,1,0,Water damage in the kitchen ceiling from a burst pipe in the upstairs bathroom on June 24.,0
1180.15,HEALTH,1025,0,0,"Side-swipe accident on highway; dashcam footage available, other driver's insurance contacted.",0
5796.12,PROPERTY,337,0,2,"Deer collision on the highway near exit 40; airbag deployed, vehicle towed.",0
4572.17,AUTO,75,1,0,"Burglary while on vacation; entry through the back window, electronics and jewellery taken, police report #PR-13674.",0
23683.11,PROPERTY,597,0,0,Backyard fence damaged by neighbour's tree falling during high winds on June 24.,0
854.06,HEALTH,279,1,0,Hailstorm on March 12 caused dents on the hood and cracked the windshield.,0
1088.55,AUTO,483,1,1,Water damage in the kitchen ceiling from a burst pipe in the upstairs bathroom on August 11.,0
1331.26,AUTO,479,1,0,"Burglary while on vacation; entry through the back window, electronics and jewellery taken, police report #PR-25452.",0
1107.41,AUTO,1173,1,1,"Kitchen fire started from an unattended pan, contained by smoke detector and extinguisher.",0
742.47,AUTO,480,0,0,"Items stolen, no witnesses, cash and electronics gone.",1
114.13,HEALTH,227,0,0,"Items missing after recent move, exact value uncertain.",0
1170.63,PROPERTY,1437,0,1,"Property damage but no witnesses, claim is for full replacement value.",1
2615.89,AUTO,74,1,1,Tree branch fell during the storm on July 5 and dented the roof above the garage.,0
1104.09,LIFE,306,1,2,Backyard fence damaged by neighbour's tree falling during high winds on April 3.,0
12523.74,AUTO,521,1,1,"Deer collision on the highway near exit 95; airbag deployed, vehicle towed.",0
1832.39,HEALTH,94,1,0,"Minor parking lot collision at Home Depot; both drivers exchanged details, insurance info noted.",0
6574.99,PROPERTY,1349,1,0,Water damage in the kitchen ceiling from a burst pipe in the upstairs bathroom on July 5.,0
2348.24,PROPERTY,530,0,1,"Bicycle accident; broken collarbone, treated at City General, X-rays and follow-up scheduled.",1
4131.55,HEALTH,1173,0,0,Lightning strike damaged HVAC unit on May 18; technician assessment attached.,0
2390.46,PROPERTY,202,1,2,Water damage in the kitchen ceiling from a burst pipe in the upstairs bathroom on July 5.,0
7106.64,AUTO,782,0,0,Water damage in the kitchen ceiling from a burst pipe in the upstairs bathroom on June 24.,0
1912.07,AUTO,190,1,0,Water damage in the kitchen ceiling from a burst pipe in the upstairs bathroom on May 18.,0
2969.42,HEALTH,348,0,0,Water damage in the kitchen ceiling from a burst pipe in the upstairs bathroom on August 11.,0
2607.98,AUTO,611,1,2,Rear-end collision at the intersection of Pine Rd and Walnut Rd; minor whiplash and bumper damage.,0
1355.21,AUTO,1294,0,0,"Side-swipe accident on highway; dashcam footage available, other driver's insurance contacted.",1
2710.75,AUTO,460,1,0,"Pipe burst in basement; water damage to flooring and stored items, plumber invoice attached.",0
16888.47,PROPERTY,1132,0,0,"Pipe burst in basement; water damage to flooring and stored items, plumber invoice attached.",0
1379.67,PROPERTY,138,1,0,"Pipe burst in basement; water damage to flooring and stored items, plumber invoice attached.",0
2750.3,PROPERTY,378,1,0,"Kitchen fire started from an unattended pan, contained by smoke detector and extinguisher.",0
6359.97,PROPERTY,906,1,0,Rear-end collision at the intersection of 5th Ave and Cedar Lane; minor whiplash and bumper damage.,0
5654.76,AUTO,702,0,0,Backyard fence damaged by neighbour's tree falling during high winds on June 24.,0
1829.35,AUTO,753,1,2,"Deer collision on the highway near exit 14; airbag deployed, vehicle towed.",0
166.77,HEALTH,1017,1,0,"Pipe burst in basement; water damage to flooring and stored items, plumber invoice attached.",0
3031.17,HEALTH,116,0,1,Front-end collision when the other driver ran a red light at 5th Ave; police report filed.,0
196.47,AUTO,1043,1,1,"Slipped on icy steps at the front entrance; sprained ankle, ER visit at City General.",0
7863.11,HEALTH,1294,1,1,"Pipe burst in basement; water damage to flooring and stored items, plumber invoice attached.",0
2141.95,HEALTH,1149,1,1,Hailstorm on June 24 caused dents on the hood and cracked the windshield.,0
4913.17,AUTO,427,1,1,Hailstorm on March 12 caused dents on the hood and cracked the windshield.,0
733.54,AUTO,527,1,0,Hailstorm on May 18 caused dents on the hood and cracked the windshield.,0
382.79,HEALTH,1442,1,1,"Pipe burst in basement; water damage to flooring and stored items, plumber invoice attached.",0
2346.67,HEALTH,1185,0,0,"Pipe burst in basement; water damage to flooring and stored items, plumber invoice attached.",0
1748.3,LIFE,1397,1,0,Rear-end collision at the intersection of Main St and Cedar Lane; minor whiplash and bumper damage.,0
1105.95,HEALTH,1370,0,2,Tree branch fell during the storm on August 11 and dented the roof above the garage.,0
1967.78,PROPERTY,651,0,2,"Side-swipe accident on highway; dashcam footage available, other driver's insurance contacted.",0
28780.0,PROPERTY,195,0,0,"Fire damage, unknown cause, total loss.",1
4165.22,AUTO,343,1,0,"Kitchen fire started from an unattended pan, contained by smoke detector and extinguisher.",0
5164.16,HEALTH,441,0,0,"Minor parking lot collision at Walmart; both drivers exchanged details, insurance info noted.",0
4204.61,HEALTH,1252,0,0,Rear-end collision at the intersection of Oak Ave and Maple Ave; minor whiplash and bumper damage.,0
7938.36,HEALTH,415,0,0,"Broken items, unwitnessed accident at home.",1
1495.07,AUTO,542,0,1,"Burglary while on vacation; entry through the back window, electronics and jewellery taken, police report #PR-41391.",0
231.65,PROPERTY,1277,1,1,Lightning strike damaged HVAC unit on March 12; technician assessment attached.,0
1497.29,LIFE,246,1,0,Front-end collision when the other driver ran a red light at Pine Rd; police report filed.,0
4071.37,AUTO,995,1,1,Lightning strike damaged HVAC unit on April 3; technician assessment attached.,0
685.54,AUTO,827,1,1,"Bicycle accident; broken collarbone, treated at Riverside Medical, X-rays and follow-up scheduled.",0
1515.7,AUTO,1476,0,0,Lightning strike damaged HVAC unit on March 12; technician assessment attached.,0
905.27,PROPERTY,734,1,1,Rear-end collision at the intersection of Elm Blvd and Walnut Rd; minor whiplash and bumper damage.,0
8119.54,HEALTH,782,1,0,Lightning strike damaged HVAC unit on August 11; technician assessment attached.,0
3825.55,AUTO,1275,1,1,Tree branch fell during the storm on May 18 and dented the roof above the garage.,0
3468.72,PROPERTY,1487,1,0,"Minor parking lot collision at Target; both drivers exchanged details, insurance info noted.",0
3366.41,AUTO,1094,1,0,Backyard fence damaged by neighbour's tree falling during high winds on March 12.,0
1741.93,HEALTH,1047,1,1,"Vehicle stolen, no GPS data, no security footage available.",1
2202.96,AUTO,1314,0,0,Front-end collision when the other driver ran a red light at 5th Ave; police report filed.,0
552.7,HEALTH,1469,1,1,"Minor parking lot collision at Costco; both drivers exchanged details, insurance info noted.",0
203.07,HEALTH,1102,0,0,"Minor parking lot collision at Target; both drivers exchanged details, insurance info noted.",0
2100.82,AUTO,439,1,0,Rear-end collision at the intersection of Main St and Cedar Lane; minor whiplash and bumper damage.,0
2499.86,HEALTH,963,1,0,Backyard fence damaged by neighbour's tree falling during high winds on March 12.,0
6058.79,PROPERTY,355,1,0,Lightning strike damaged HVAC unit on May 18; technician assessment attached.,0
8702.24,HEALTH,750,0,2,Tree branch fell during the storm on August 11 and dented the roof above the garage.,0
8690.61,PROPERTY,667,1,0,"Deer collision on the highway near exit 149; airbag deployed, vehicle towed.",0
666.46,HEALTH,1481,1,0,Front-end collision when the other driver ran a red light at Main St; police report filed.,0
1271.22,PROPERTY,831,1,0,"Bicycle accident; broken collarbone, treated at Riverside Medical, X-rays and follow-up scheduled.",0
2922.91,AUTO,1438,1,0,"Cash and gold coins stolen from home safe, exact amounts approximate.",1
22740.54,PROPERTY,1212,1,0,"Property damage but no witnesses, claim is for full replacement value.",1
7943.42,AUTO,1273,1,0,"Side-swipe accident on highway; dashcam footage available, other driver's insurance contacted.",0
5538.05,AUTO,254,0,0,Rear-end collision at the intersection of Elm Blvd and Maple Ave; minor whiplash and bumper damage.,0
1226.86,AUTO,1163,1,0,Front-end collision when the other driver ran a red light at 5th Ave; police report filed.,0
747.55,AUTO,377,1,0,Front-end collision when the other driver ran a red light at Main St; police report filed.,0
3979.49,PROPERTY,866,1,0,"Burglary while on vacation; entry through the back window, electronics and jewellery taken, police report #PR-43030.",0
601.45,LIFE,729,0,0,"Kitchen fire started from an unattended pan, contained by smoke detector and extinguisher.",0
1424.48,PROPERTY,390,0,0,"Burglary while on vacation; entry through the back window, electronics and jewellery taken, police report #PR-82256.",0
1611.99,AUTO,1477,0,0,"Minor parking lot collision at Costco; both drivers exchanged details, insurance info noted.",0
8892.04,PROPERTY,1313,1,1,"Side-swipe accident on highway; dashcam footage available, other driver's insurance contacted.",0
1268.14,PROPERTY,861,1,0,"Bicycle accident; broken collarbone, treated at Riverside Medical, X-rays and follow-up scheduled.",0
157.71,AUTO,17,1,0,"Burglary while on vacation; entry through the back window, electronics and jewellery taken, police report #PR-76827.",0
2994.24,HEALTH,275,0,0,"Bicycle accident; broken collarbone, treated at Mercy General, X-rays and follow-up scheduled.",0
898.73,HEALTH,341,0,0,Backyard fence damaged by neighbour's tree falling during high winds on May 18.,0
1886.79,AUTO,1457,1,2,"Kitchen fire started from an unattended pan, contained by smoke detector and extinguisher.",0
1657.88,HEALTH,606,0,0,"Side-swipe accident on highway; dashcam footage available, other driver's insurance contacted.",0
1375.12,PROPERTY,71,0,1,"Property damage but no witnesses, claim is for full replacement value.",1
3985.19,AUTO,879,0,0,"Items stolen, no witnesses, cash and electronics gone.",0
390.39,HEALTH,1425,1,1,Tree branch fell during the storm on June 24 and dented the roof above the garage.,0
1078.13,HEALTH,841,1,0,"Kitchen fire started from an unattended pan, contained by smoke detector and extinguisher.",0
3583.29,PROPERTY,666,0,0,"Side-swipe accident on highway; dashcam footage available, other driver's insurance contacted.",0
978.4,LIFE,264,0,0,Tree branch fell during the storm on April 3 and dented the roof above the garage.,0
361.84,PROPERTY,1318,1,1,Tree branch fell during the storm on April 3 and dented the roof above the garage.,0
3528.24,HEALTH,158,1,0,"Burglary while on vacation; entry through the back window, electronics and jewellery taken, police report #PR-76953.",0
5558.56,HEALTH,1400,1,0,Water damage in the kitchen ceiling from a burst pipe in the upstairs bathroom on July 5.,0
1728.49,HEALTH,334,0,0,Water damage in the kitchen ceiling from a burst pipe in the upstairs bathroom on May 18.,0
254.46,HEALTH,208,0,0,Front-end collision when the other driver ran a red light at Elm Blvd; police report filed.,0
3662.75,AUTO,523,1,0,Rear-end collision at the intersection of Pine Rd and Cedar Lane; minor whiplash and bumper damage.,0
343.82,HEALTH,8,1,0,"Side-swipe accident on highway; dashcam footage available, other driver's insurance contacted.",0
2462.17,PROPERTY,22,1,0,"Minor parking lot collision at Walmart; both drivers exchanged details, insurance info noted.",0
744.37,HEALTH,280,1,1,"Burglary while on vacation; entry through the back window, electronics and jewellery taken, police report #PR-14496.",0
566.89,PROPERTY,1038,0,1,Hailstorm on July 5 caused dents on the hood and cracked the windshield.,0
1162.22,HEALTH,1221,1,0,Backyard fence damaged by neighbour's tree falling during high winds on April 3.,0
1505.23,AUTO,372,0,2,"Side-swipe accident on highway; dashcam footage available, other driver's insurance contacted.",0
949.36,AUTO,967,0,0,Rear-end collision at the intersection of Oak Ave and Cedar Lane; minor whiplash and bumper damage.,0
3257.46,AUTO,527,1,1,"Side-swipe accident on highway; dashcam footage available, other driver's insurance contacted.",0
1157.4,AUTO,650,1,0,Front-end collision when the other driver ran a red light at 5th Ave; police report filed.,0
4818.37,HEALTH,503,1,0,Front-end collision when the other driver ran a red light at Oak Ave; police report filed.,0
2395.08,AUTO,1337,1,1,"Pipe burst in basement; water damage to flooring and stored items, plumber invoice attached.",0
900.04,AUTO,768,1,0,"Pipe burst in basement; water damage to flooring and stored items, plumber invoice attached.",0
760.56,AUTO,759,1,1,Backyard fence damaged by neighbour's tree falling during high winds on July 5.,0
348.1,PROPERTY,1289,0,1,"Bicycle accident; broken collarbone, treated at City General, X-rays and follow-up scheduled.",0
2418.09,PROPERTY,986,1,1,"Slipped on icy steps at the front entrance; sprained ankle, ER visit at City General.",0
1268.27,AUTO,224,1,0,Tree branch fell during the storm on May 18 and dented the roof above the garage.,0
168.65,AUTO,284,1,0,"Side-swipe accident on highway; dashcam footage available, other driver's insurance contacted.",0
1058.16,AUTO,511,1,1,"Damage occurred while alone, nobody saw, no police report.",1
734.34,AUTO,147,1,0,Front-end collision when the other driver ran a red light at Main St; police report filed.,0
8740.11,AUTO,1038,0,0,Water damage in the kitchen ceiling from a burst pipe in the upstairs bathroom on July 5.,0
329.38,AUTO,743,0,1,"Side-swipe accident on highway; dashcam footage available, other driver's insurance contacted.",0
427.8,AUTO,67,1,0,"Fire damage, unknown cause, total loss.",0
5486.08,LIFE,601,0,0,"Total loss, no documentation available.",0
7021.72,HEALTH,1245,1,1,"Broken items, unwitnessed accident at home.",1
858.35,PROPERTY,1360,0,0,"Kitchen fire started from an unattended pan, contained by smoke detector and extinguisher.",0
960.94,AUTO,1442,0,0,Front-end collision when the other driver ran a red light at Oak Ave; police report filed.,0
3348.39,AUTO,1383,1,0,Hailstorm on June 24 caused dents on the hood and cracked the windshield.,0
176.43,PROPERTY,911,1,1,"Items stolen, no witnesses, cash and electronics gone.",1
281.13,AUTO,1390,1,0,"Bicycle accident; broken collarbone, treated at St. Luke's, X-rays and follow-up scheduled.",0
1365.49,HEALTH,1434,0,1,"Vehicle disappeared from parking lot, no security camera footage.",1
8517.61,LIFE,953,1,1,"Bicycle accident; broken collarbone, treated at Riverside Medical, X-rays and follow-up scheduled.",0
1169.43,HEALTH,620,1,3,"Burglary while on vacation; entry through the back window, electronics and jewellery taken, police report #PR-77637.",0
2000.07,AUTO,1449,1,2,"Bicycle accident; broken collarbone, treated at Riverside Medical, X-rays and follow-up scheduled.",0
5618.33,HEALTH,623,0,0,"Slipped on icy steps at the front entrance; sprained ankle, ER visit at St. Luke's.",0
14866.78,AUTO,250,0,1,"Kitchen fire started from an unattended pan, contained by smoke detector and extinguisher.",0
1015.52,AUTO,160,1,1,"Deer collision on the highway near exit 24; airbag deployed, vehicle towed.",0
1777.86,AUTO,851,1,1,Backyard fence damaged by neighbour's tree falling during high winds on June 24.,0
11181.94,PROPERTY,54,1,0,Hailstorm on March 12 caused dents on the hood and cracked the windshield.,0
394.57,HEALTH,178,1,1,"Total loss, no documentation available.",1
5052.21,AUTO,367,1,1,"Deer collision on the highway near exit 67; airbag deployed, vehicle towed.",0
653.07,AUTO,795,1,0,"Kitchen fire started from an unattended pan, contained by smoke detector and extinguisher.",0
2003.14,HEALTH,717,1,1,"Side-swipe accident on highway; dashcam footage available, other driver's insurance contacted.",0
1418.54,PROPERTY,767,1,4,"Items missing after recent move, exact value uncertain.",0
693.66,AUTO,762,1,0,"Side-swipe accident on highway; dashcam footage available, other driver's insurance contacted.",0
676.48,AUTO,1491,1,1,Rear-end collision at the intersection of Pine Rd and Cedar Lane; minor whiplash and bumper damage.,0
2383.71,PROPERTY,327,1,1,Hailstorm on July 5 caused dents on the hood and cracked the windshield.,0
4892.89,PROPERTY,711,0,1,"Kitchen fire started from an unattended pan, contained by smoke detector and extinguisher.",0
1588.05,PROPERTY,919,0,1,Backyard fence damaged by neighbour's tree falling during high winds on May 18.,0
1939.36,AUTO,411,1,1,Tree branch fell during the storm on March 12 and dented the roof above the garage.,0
3200.86,AUTO,272,1,0,"Side-swipe accident on highway; dashcam footage available, other driver's insurance contacted.",0
684.29,HEALTH,70,0,0,Tree branch fell during the storm on April 3 and dented the roof above the garage.,0
3788.38,AUTO,489,1,0,"Total loss, no documentation available.",1
4102.46,PROPERTY,382,1,0,Tree branch fell during the storm on July 5 and dented the roof above the garage.,0
24431.44,AUTO,294,1,1,Water damage in the kitchen ceiling from a burst pipe in the upstairs bathroom on May 18.,0
1241.28,HEALTH,407,1,0,Front-end collision when the other driver ran a red light at Main St; police report filed.,0
1143.58,PROPERTY,1045,0,0,"Deer collision on the highway near exit 33; airbag deployed, vehicle towed.",0
3900.91,LIFE,1241,1,2,Hailstorm on April 3 caused dents on the hood and cracked the windshield.,0
4101.48,HEALTH,775,0,0,"Pipe burst in basement; water damage to flooring and stored items, plumber invoice attached.",0
1058.82,PROPERTY,100,1,0,Hailstorm on May 18 caused dents on the hood and cracked the windshield.,0
1208.14,AUTO,1104,0,1,"Minor parking lot collision at Target; both drivers exchanged details, insurance info noted.",0
3106.12,AUTO,228,1,1,"Pipe burst in basement; water damage to flooring and stored items, plumber invoice attached.",0
790.3,AUTO,86,1,1,"Burglary while on vacation; entry through the back window, electronics and jewellery taken, police report #PR-39302.",0
1199.27,LIFE,853,1,0,"Pipe burst in basement; water damage to flooring and stored items, plumber invoice attached.",0
1977.51,PROPERTY,638,1,0,Rear-end collision at the intersection of Elm Blvd and Walnut Rd; minor whiplash and bumper damage.,0
4894.85,AUTO,468,1,1,"Side-swipe accident on highway; dashcam footage available, other driver's insurance contacted.",0
987.72,AUTO,1450,1,0,"Side-swipe accident on highway; dashcam footage available, other driver's insurance contacted.",0
286.46,AUTO,137,0,1,"Burglary while on vacation; entry through the back window, electronics and jewellery taken, police report #PR-99706.",0
265.98,AUTO,81,0,0,"Kitchen fire started from an unattended pan, contained by smoke detector and extinguisher.",0
513.16,PROPERTY,881,1,2,"Slipped on icy steps at the front entrance; sprained ankle, ER visit at Riverside Medical.",0
486.3,AUTO,628,0,0,Hailstorm on June 24 caused dents on the hood and cracked the windshield.,1
1549.04,PROPERTY,1202,1,2,Tree branch fell during the storm on July 5 and dented the roof above the garage.,0
550.66,HEALTH,61,0,0,Tree branch fell during the storm on June 24 and dented the roof above the garage.,0
895.38,AUTO,629,1,0,Backyard fence damaged by neighbour's tree falling during high winds on March 12.,0
833.73,AUTO,220,0,0,"Fire damage, unknown cause, total loss.",1
1163.85,LIFE,62,1,0,Tree branch fell during the storm on June 24 and dented the roof above the garage.,0
6785.24,HEALTH,694,0,1,Tree branch fell during the storm on August 11 and dented the roof above the garage.,0
3505.01,HEALTH,1102,1,1,"Bicycle accident; broken collarbone, treated at Riverside Medical, X-rays and follow-up scheduled.",0
1837.44,AUTO,237,0,0,"Deer collision on the highway near exit 138; airbag deployed, vehicle towed.",0
1140.22,PROPERTY,1263,1,1,"Side-swipe accident on highway; dashcam footage available, other driver's insurance contacted.",0
1172.35,PROPERTY,778,0,0,Front-end collision when the other driver ran a red light at 5th Ave; police report filed.,0
2509.27,PROPERTY,721,1,0,"Sudden mechanical failure, vehicle written off, no third party.",0
3242.72,HEALTH,1384,1,0,"Vehicle disappeared from parking lot, no security camera footage.",0
729.52,PROPERTY,494,1,0,Front-end collision when the other driver ran a red light at Pine Rd; police report filed.,0
1875.22,AUTO,301,1,0,"Kitchen fire started from an unattended pan, contained by smoke detector and extinguisher.",0
237.08,PROPERTY,1179,1,1,"Bicycle accident; broken collarbone, treated at Mercy General, X-rays and follow-up scheduled.",0
2234.37,HEALTH,161,1,0,Water damage in the kitchen ceiling from a burst pipe in the upstairs bathroom on April 3.,0
3874.41,HEALTH,1308,0,0,Lightning strike damaged HVAC unit on May 18; technician assessment attached.,0
1366.4,LIFE,1238,1,0,Tree branch fell during the storm on July 5 and dented the roof above the garage.,0
11120.29,LIFE,1465,0,0,Tree branch fell during the storm on May 18 and dented the roof above the garage.,0
749.02,HEALTH,690,1,0,"Kitchen fire started from an unattended pan, contained by smoke detector and extinguisher.",0
2247.2,HEALTH,933,0,0,Front-end collision when the other driver ran a red light at Pine Rd; police report filed.,0
1744.42,PROPERTY,1324,1,0,"Bicycle accident; broken collarbone, treated at City General, X-rays and follow-up scheduled.",0
1635.5,LIFE,198,1,1,Tree branch fell during the storm on July 5 and dented the roof above the garage.,0
1612.72,PROPERTY,459,1,0,"Side-swipe accident on highway; dashcam footage available, other driver's insurance contacted.",0
2012.44,AUTO,708,0,2,Tree branch fell during the storm on July 5 and dented the roof above the garage.,0
4221.55,AUTO,941,1,0,"Bicycle accident; broken collarbone, treated at City General, X-rays and follow-up scheduled.",0
7170.54,PROPERTY,1019,1,1,Tree branch fell during the storm on June 24 and dented the roof above the garage.,0
1803.98,PROPERTY,1385,0,1,Water damage in the kitchen ceiling from a burst pipe in the upstairs bathroom on August 11.,0
4085.98,PROPERTY,734,0,0,Front-end collision when the other driver ran a red light at 5th Ave; police report filed.,0
896.26,HEALTH,258,1,2,"Pipe burst in basement; water damage to flooring and stored items, plumber invoice attached.",0
3889.19,HEALTH,285,1,0,Tree branch fell during the storm on April 3 and dented the roof above the garage.,0
843.88,HEALTH,1201,0,1,"Bicycle accident; broken collarbone, treated at Riverside Medical, X-rays and follow-up scheduled.",0
5381.16,PROPERTY,692,1,0,Backyard fence damaged by neighbour's tree falling during high winds on July 5.,0
16492.17,AUTO,947,0,0,Front-end collision when the other driver ran a red light at Main St; police report filed.,0
1600.25,HEALTH,844,1,2,"Slipped on icy steps at the front entrance; sprained ankle, ER visit at St. Luke's.",0
201.84,PROPERTY,1219,1,2,"Kitchen fire started from an unattended pan, contained by smoke detector and extinguisher.",0
1045.16,PROPERTY,328,1,0,Lightning strike damaged HVAC unit on June 24; technician assessment attached.,0
6197.34,AUTO,256,0,0,"Minor parking lot collision at Home Depot; both drivers exchanged details, insurance info noted.",0
3143.45,PROPERTY,1100,1,1,Tree branch fell during the storm on July 5 and dented the roof above the garage.,0
2319.05,AUTO,651,0,0,Backyard fence damaged by neighbour's tree falling during high winds on August 11.,0
4957.56,AUTO,1223,1,0,"Pipe burst in basement; water damage to flooring and stored items, plumber invoice attached.",0
2934.97,HEALTH,194,1,0,Lightning strike damaged HVAC unit on June 24; technician assessment attached.,0
6110.26,AUTO,408,1,0,"Slipped on icy steps at the front entrance; sprained ankle, ER visit at St. Luke's.",0
4534.29,PROPERTY,1440,1,1,Backyard fence damaged by neighbour's tree falling during high winds on July 5.,0
8280.85,PROPERTY,1265,0,1,Lightning strike damaged HVAC unit on August 11; technician assessment attached.,0
2588.4,AUTO,94,0,1,"Minor parking lot collision at Walmart; both drivers exchanged details, insurance info noted.",0
4470.52,PROPERTY,1225,1,0,"Vehicle stolen, no GPS data, no security footage available.",1
1329.92,HEALTH,99,1,1,Lightning strike damaged HVAC unit on March 12; technician assessment attached.,0
990.83,PROPERTY,181,0,0,"Bicycle accident; broken collarbone, treated at St. Luke's, X-rays and follow-up scheduled.",0
9964.34,PROPERTY,1347,1,0,"Pipe burst in basement; water damage to flooring and stored items, plumber invoice attached.",0
2244.43,HEALTH,189,1,0,"Bicycle accident; broken collarbone, treated at St. Luke's, X-rays and follow-up scheduled.",0
4043.56,AUTO,451,1,0,Hailstorm on March 12 caused dents on the hood and cracked the windshield.,0
2046.2,AUTO,203,1,2,Tree branch fell during the storm on May 18 and dented the roof above the garage.,0
1005.75,HEALTH,895,0,2,"Items missing after recent move, exact value uncertain.",1
1828.01,PROPERTY,86,0,0,"Slipped on icy steps at the front entrance; sprained ankle, ER visit at City General.",0
7600.69,HEALTH,431,1,1,"Pipe burst in basement; water damage to flooring and stored items, plumber invoice attached.",0
3150.26,AUTO,490,1,1,"Side-swipe accident on highway; dashcam footage available, other driver's insurance contacted.",0
326.53,AUTO,973,1,0,"Pipe burst in basement; water damage to flooring and stored items, plumber invoice attached.",0
1457.9,PROPERTY,745,1,2,Water damage in the kitchen ceiling from a burst pipe in the upstairs bathroom on August 11.,0
10746.05,AUTO,289,0,0,Water damage in the kitchen ceiling from a burst pipe in the upstairs bathroom on August 11.,0
1460.02,PROPERTY,696,1,0,Rear-end collision at the intersection of Main St and Cedar Lane; minor whiplash and bumper damage.,0
298.72,HEALTH,688,0,1,"Pipe burst in basement; water damage to flooring and stored items, plumber invoice attached.",0
12004.64,AUTO,531,0,0,Backyard fence damaged by neighbour's tree falling during high winds on May 18.,0
3577.4,AUTO,800,1,0,"Pipe burst in basement; water damage to flooring and stored items, plumber invoice attached.",0
1685.79,AUTO,489,1,0,"Pipe burst in basement; water damage to flooring and stored items, plumber invoice attached.",0
1247.11,AUTO,501,0,1,Rear-end collision at the intersection of Oak Ave and Walnut Rd; minor whiplash and bumper damage.,0
5336.64,PROPERTY,1175,1,1,"Sudden mechanical failure, vehicle written off, no third party.",0
1051.55,PROPERTY,378,0,1,Front-end collision when the other driver ran a red light at Pine Rd; police report filed.,0
5700.2,AUTO,494,1,0,"Slipped on icy steps at the front entrance; sprained ankle, ER visit at Mercy General.",0
3109.43,HEALTH,211,1,0,"Bicycle accident; broken collarbone, treated at Mercy General, X-rays and follow-up scheduled.",0
2309.26,AUTO,1047,0,0,Hailstorm on April 3 caused dents on the hood and cracked the windshield.,0
2091.24,AUTO,1059,1,1,"Minor parking lot collision at Target; both drivers exchanged details, insurance info noted.",0
1517.82,PROPERTY,1017,1,0,"Minor parking lot collision at Home Depot; both drivers exchanged details, insurance info noted.",0
5144.28,PROPERTY,253,0,0,Backyard fence damaged by neighbour's tree falling during high winds on May 18.,0
761.02,PROPERTY,677,0,1,"Minor parking lot collision at Costco; both drivers exchanged details, insurance info noted.",0
357.12,AUTO,438,1,0,Tree branch fell during the storm on August 11 and dented the roof above the garage.,0
3342.39,HEALTH,1145,0,2,Water damage in the kitchen ceiling from a burst pipe in the upstairs bathroom on May 18.,1
3399.01,HEALTH,506,0,0,"Minor parking lot collision at Target; both drivers exchanged details, insurance info noted.",0
2922.64,LIFE,624,0,0,"Bicycle accident; broken collarbone, treated at City General, X-rays and follow-up scheduled.",0
2718.21,HEALTH,682,1,0,"Kitchen fire started from an unattended pan, contained by smoke detector and extinguisher.",0
1312.2,PROPERTY,1141,0,1,Hailstorm on July 5 caused dents on the hood and cracked the windshield.,0
3973.82,AUTO,1054,1,0,Water damage in the kitchen ceiling from a burst pipe in the upstairs bathroom on July 5.,0
1727.52,HEALTH,1230,0,0,"Slipped on icy steps at the front entrance; sprained ankle, ER visit at St. Luke's.",0
1110.86,PROPERTY,642,0,1,"Pipe burst in basement; water damage to flooring and stored items, plumber invoice attached.",0
1323.6,AUTO,1229,1,0,"Kitchen fire started from an unattended pan, contained by smoke detector and extinguisher.",0
13638.33,HEALTH,1306,0,0,Rear-end collision at the intersection of Pine Rd and Birch St; minor whiplash and bumper damage.,0
318.95,HEALTH,786,1,0,Water damage in the kitchen ceiling from a burst pipe in the upstairs bathroom on May 18.,0
2980.33,LIFE,1019,1,1,"Slipped on icy steps at the front entrance; sprained ankle, ER visit at St. Luke's.",0
337.27,AUTO,1364,1,2,"Slipped on icy steps at the front entrance; sprained ankle, ER visit at Riverside Medical.",0
1622.57,PROPERTY,1257,0,1,Water damage in the kitchen ceiling from a burst pipe in the upstairs bathroom on March 12.,0
1171.89,HEALTH,415,1,0,"Bicycle accident; broken collarbone, treated at City General, X-rays and follow-up scheduled.",0
224.75,HEALTH,1074,0,0,Hailstorm on August 11 caused dents on the hood and cracked the windshield.,0
2667.88,HEALTH,669,1,1,Hailstorm on June 24 caused dents on the hood and cracked the windshield.,0
1236.4,AUTO,223,0,0,Front-end collision when the other driver ran a red light at Pine Rd; police report filed.,0
221.58,LIFE,558,0,3,"Sudden mechanical failure, vehicle written off, no third party.",1
4186.28,PROPERTY,1466,1,2,"Kitchen fire started from an unattended pan, contained by smoke detector and extinguisher.",0
7593.18,LIFE,1436,0,0,"Stolen valuables, all cash, no inventory list.",0
8023.45,LIFE,1180,1,2,"Pipe burst in basement; water damage to flooring and stored items, plumber invoice attached.",0
2588.82,HEALTH,1485,1,1,"Property damage but no witnesses, claim is for full replacement value.",0
1893.27,HEALTH,859,1,1,Water damage in the kitchen ceiling from a burst pipe in the upstairs bathroom on March 12.,0
6823.7,PROPERTY,1136,1,0,Water damage in the kitchen ceiling from a burst pipe in the upstairs bathroom on August 11.,0
9724.3,AUTO,248,1,0,Backyard fence damaged by neighbour's tree falling during high winds on May 18.,0
5617.09,PROPERTY,448,1,0,"Burglary while on vacation; entry through the back window, electronics and jewellery taken, police report #PR-42818.",0
705.19,HEALTH,259,0,0,"Property damage but no witnesses, claim is for full replacement value.",1
2211.32,HEALTH,1406,1,0,"Cash and gold coins stolen from home safe, exact amounts approximate.",1
2806.0,AUTO,921,0,0,"Minor parking lot collision at Costco; both drivers exchanged details, insurance info noted.",0
296.01,AUTO,1398,0,1,"Deer collision on the highway near exit 62; airbag deployed, vehicle towed.",0
2891.01,AUTO,624,0,0,"Slipped on icy steps at the front entrance; sprained ankle, ER visit at St. Luke's.",0
17553.2,HEALTH,605,0,0,"Vehicle disappeared from parking lot, no security camera footage.",1
3428.7,HEALTH,1014,0,0,"Pipe burst in basement; water damage to flooring and stored items, plumber invoice attached.",0
7890.49,AUTO,852,0,0,"Kitchen fire started from an unattended pan, contained by smoke detector and extinguisher.",0
2170.94,AUTO,559,1,1,"Kitchen fire started from an unattended pan, contained by smoke detector and extinguisher.",0
1680.39,HEALTH,477,1,0,"Broken items, unwitnessed accident at home.",0
2647.24,AUTO,769,1,0,"Deer collision on the highway near exit 121; airbag deployed, vehicle towed.",0
799.65,PROPERTY,114,0,0,"Slipped on icy steps at the front entrance; sprained ankle, ER visit at City General.",0
689.68,AUTO,282,0,2,Backyard fence damaged by neighbour's tree falling during high winds on June 24.,0
6414.42,HEALTH,66,1,0,"Side-swipe accident on highway; dashcam footage available, other driver's insurance contacted.",0
7131.97,AUTO,233,0,1,Lightning strike damaged HVAC unit on August 11; technician assessment attached.,0
671.08,HEALTH,298,0,0,Lightning strike damaged HVAC unit on August 11; technician assessment attached.,0
4759.98,HEALTH,114,1,1,"Deer collision on the highway near exit 171; airbag deployed, vehicle towed.",0
1657.46,HEALTH,84,1,0,"Side-swipe accident on highway; dashcam footage available, other driver's insurance contacted.",0
2539.72,HEALTH,1229,0,1,Front-end collision when the other driver ran a red light at Oak Ave; police report filed.,0
2864.7,HEALTH,274,1,0,"Vehicle stolen, no GPS data, no security footage available.",0
4887.08,AUTO,833,1,1,Water damage in the kitchen ceiling from a burst pipe in the upstairs bathroom on August 11.,0
1963.96,HEALTH,148,1,0,Backyard fence damaged by neighbour's tree falling during high winds on June 24.,0
7406.86,AUTO,1420,0,1,"Bicycle accident; broken collarbone, treated at Riverside Medical, X-rays and follow-up scheduled.",0
2463.68,HEALTH,359,1,1,Front-end collision when the other driver ran a red light at Pine Rd; police report filed.,0
3375.11,HEALTH,1124,1,0,Backyard fence damaged by neighbour's tree falling during high winds on June 24.,0
785.83,PROPERTY,962,0,1,Tree branch fell during the storm on March 12 and dented the roof above the garage.,0
15656.78,HEALTH,1153,1,1,"Burglary while on vacation; entry through the back window, electronics and jewellery taken, police report #PR-89878.",0
2892.35,AUTO,944,1,0,Lightning strike damaged HVAC unit on August 11; technician assessment attached.,0
3688.58,AUTO,764,0,1,"Minor parking lot collision at Walmart; both drivers exchanged details, insurance info noted.",0
362.06,AUTO,1158,1,0,"Pipe burst in basement; water damage to flooring and stored items, plumber invoice attached.",0
794.17,HEALTH,1223,1,0,Tree branch fell during the storm on April 3 and dented the roof above the garage.,0
6234.69,PROPERTY,570,1,2,Tree branch fell during the storm on July 5 and dented the roof above the garage.,0
2408.82,PROPERTY,1413,0,0,"Bicycle accident; broken collarbone, treated at Riverside Medical, X-rays and follow-up scheduled.",0
266.73,HEALTH,1481,1,0,"Slipped on icy steps at the front entrance; sprained ankle, ER visit at Mercy General.",0
5106.6,AUTO,1082,0,0,"Burglary while on vacation; entry through the back window, electronics and jewellery taken, police report #PR-55332.",0
1049.66,PROPERTY,1393,1,0,"Broken items, unwitnessed accident at home.",0
7415.42,AUTO,159,1,1,"Pipe burst in basement; water damage to flooring and stored items, plumber invoice attached.",0
1656.01,AUTO,810,1,0,"Burglary while on vacation; entry through the back window, electronics and jewellery taken, police report #PR-93157.",0
2218.77,PROPERTY,976,1,0,"Side-swipe accident on highway; dashcam footage available, other driver's insurance contacted.",0
5877.9,AUTO,1391,0,0,Rear-end collision at the intersection of Oak Ave and Walnut Rd; minor whiplash and bumper damage.,0
736.94,AUTO,181,0,0,"Bicycle accident; broken collarbone, treated at Mercy General, X-rays and follow-up scheduled.",0
669.92,AUTO,1209,1,0,"Slipped on icy steps at the front entrance; sprained ankle, ER visit at Riverside Medical.",0
1485.49,HEALTH,116,0,0,"Minor parking lot collision at Walmart; both drivers exchanged details, insurance info noted.",0
4134.71,AUTO,537,1,1,Lightning strike damaged HVAC unit on July 5; technician assessment attached.,0
477.77,HEALTH,1039,1,0,Front-end collision when the other driver ran a red light at Pine Rd; police report filed.,0
341.03,HEALTH,437,1,1,"Vehicle stolen, no GPS data, no security footage available.",0
4120.46,AUTO,1252,0,0,Tree branch fell during the storm on May 18 and dented the roof above the garage.,0
989.32,AUTO,1395,1,1,"Slipped on icy steps at the front entrance; sprained ankle, ER visit at Mercy General.",0
1221.43,PROPERTY,239,0,0,"Slipped on icy steps at the front entrance; sprained ankle, ER visit at St. Luke's.",0
282.36,AUTO,387,1,1,"Side-swipe accident on highway; dashcam footage available, other driver's insurance contacted.",0
916.92,PROPERTY,112,1,1,"Burglary while on vacation; entry through the back window, electronics and jewellery taken, police report #PR-96605.",0
1794.41,HEALTH,1065,1,0,"Items stolen, no witnesses, cash and electronics gone.",0
4584.23,AUTO,1329,1,0,Tree branch fell during the storm on July 5 and dented the roof above the garage.,0
836.12,HEALTH,902,0,0,"Minor parking lot collision at Home Depot; both drivers exchanged details, insurance info noted.",0
9484.14,HEALTH,199,1,0,"Damage occurred while alone, nobody saw, no police report.",0
911.82,HEALTH,261,1,0,"Burglary while on vacation; entry through the back window, electronics and jewellery taken, police report #PR-23921.",0
913.16,PROPERTY,53,0,0,"Burglary while on vacation; entry through the back window, electronics and jewellery taken, police report #PR-84518.",0
8411.52,PROPERTY,735,1,0,"Deer collision on the highway near exit 159; airbag deployed, vehicle towed.",0
2233.8,PROPERTY,1081,1,0,"Slipped on icy steps at the front entrance; sprained ankle, ER visit at Riverside Medical.",0
1041.04,HEALTH,225,1,0,Front-end collision when the other driver ran a red light at Main St; police report filed.,0
1548.23,HEALTH,1271,1,1,Hailstorm on March 12 caused dents on the hood and cracked the windshield.,0
6995.86,HEALTH,379,0,1,Backyard fence damaged by neighbour's tree falling during high winds on March 12.,0
7833.8,AUTO,772,1,0,"Vehicle disappeared from parking lot, no security camera footage.",0
798.88,PROPERTY,1001,0,2,"Fire damage, unknown cause, total loss.",1
1732.93,PROPERTY,810,1,0,Hailstorm on April 3 caused dents on the hood and cracked the windshield.,0
1978.62,AUTO,717,0,1,"Kitchen fire started from an unattended pan, contained by smoke detector and extinguisher.",0
674.36,PROPERTY,505,1,0,Tree branch fell during the storm on March 12 and dented the roof above the garage.,0
1710.11,PROPERTY,645,0,0,"Pipe burst in basement; water damage to flooring and stored items, plumber invoice attached.",0
1817.69,HEALTH,358,0,0,"Lost expensive jewellery, no receipt, not sure when.",1
5654.51,PROPERTY,442,0,1,"Fire damage, unknown cause, total loss.",0
6047.65,AUTO,1133,1,0,"Burglary while on vacation; entry through the back window, electronics and jewellery taken, police report #PR-28906.",0
1300.87,AUTO,1324,0,0,"Slipped on icy steps at the front entrance; sprained ankle, ER visit at St. Luke's.",0
1459.79,AUTO,1274,0,0,Water damage in the kitchen ceiling from a burst pipe in the upstairs bathroom on June 24.,0
3513.23,HEALTH,497,0,2,"Side-swipe accident on highway; dashcam footage available, other driver's insurance contacted.",0
1007.08,AUTO,482,0,1,"Burglary while on vacation; entry through the back window, electronics and jewellery taken, police report #PR-24671.",0
3257.26,PROPERTY,88,1,0,"Burglary while on vacation; entry through the back window, electronics and jewellery taken, police report #PR-23052.",0
1655.89,AUTO,411,1,0,"Burglary while on vacation; entry through the back window, electronics and jewellery taken, police report #PR-13418.",0
685.81,AUTO,878,0,0,Car was damaged.,1
694.48,HEALTH,402,0,0,"Minor parking lot collision at Target; both drivers exchanged details, insurance info noted.",0
7685.25,AUTO,1100,0,1,Water damage in the kitchen ceiling from a burst pipe in the upstairs bathroom on April 3.,0
1546.24,PROPERTY,76,0,0,Tree branch fell during the storm on June 24 and dented the roof above the garage.,0
9324.07,AUTO,618,0,2,"Pipe burst in basement; water damage to flooring and stored items, plumber invoice attached.",0
1081.78,LIFE,422,0,0,"Deer collision on the highway near exit 23; airbag deployed, vehicle towed.",0
2419.23,HEALTH,741,0,1,"Bicycle accident; broken collarbone, treated at City General, X-rays and follow-up scheduled.",0
19784.95,AUTO,39,0,0,"Vehicle disappeared from parking lot, no security camera footage.",1
628.05,AUTO,628,1,0,"Pipe burst in basement; water damage to flooring and stored items, plumber invoice attached.",0
271.02,AUTO,1182,0,0,Hailstorm on August 11 caused dents on the hood and cracked the windshield.,0
6545.87,LIFE,1285,1,1,"Deer collision on the highway near exit 59; airbag deployed, vehicle towed.",0
790.92,HEALTH,384,1,0,Front-end collision when the other driver ran a red light at Elm Blvd; police report filed.,0
1770.99,HEALTH,643,1,1,"Side-swipe accident on highway; dashcam footage available, other driver's insurance contacted.",0
1006.35,AUTO,1035,0,0,"Burglary while on vacation; entry through the back window, electronics and jewellery taken, police report #PR-54672.",0
2364.12,PROPERTY,696,1,0,"Slipped on icy steps at the front entrance; sprained ankle, ER visit at Riverside Medical.",0
698.87,AUTO,815,1,0,"Pipe burst in basement; water damage to flooring and stored items, plumber invoice attached.",0
1510.29,PROPERTY,512,1,0,Water damage in the kitchen ceiling from a burst pipe in the upstairs bathroom on June 24.,0
2835.05,PROPERTY,1256,1,1,Water damage in the kitchen ceiling from a burst pipe in the upstairs bathroom on April 3.,0
659.64,AUTO,947,0,0,Backyard fence damaged by neighbour's tree falling during high winds on June 24.,0
897.77,HEALTH,1440,1,0,"Minor parking lot collision at Costco; both drivers exchanged details, insurance info noted.",0
1277.44,AUTO,1169,1,0,"Minor parking lot collision at Home Depot; both drivers exchanged details, insurance info noted.",0
433.19,AUTO,551,0,0,"Stolen valuables, all cash, no inventory list.",1
1184.93,LIFE,492,0,0,Hailstorm on June 24 caused dents on the hood and cracked the windshield.,0
2036.11,HEALTH,133,1,0,"Lost expensive jewellery, no receipt, not sure when.",1
1212.51,PROPERTY,934,0,2,"Minor parking lot collision at Walmart; both drivers exchanged details, insurance info noted.",0
1378.32,HEALTH,1124,1,0,"Side-swipe accident on highway; dashcam footage available, other driver's insurance contacted.",0
1772.42,AUTO,531,1,0,"Pipe burst in basement; water damage to flooring and stored items, plumber invoice attached.",0
938.48,PROPERTY,32,1,0,"Slipped on icy steps at the front entrance; sprained ankle, ER visit at Mercy General.",0
3608.55,HEALTH,1238,0,1,"Bicycle accident; broken collarbone, treated at St. Luke's, X-rays and follow-up scheduled.",0
7600.57,AUTO,335,1,1,"Deer collision on the highway near exit 86; airbag deployed, vehicle towed.",0
1136.4,HEALTH,873,1,2,"Pipe burst in basement; water damage to flooring and stored items, plumber invoice attached.",0
2937.16,HEALTH,80,1,1,"Damage occurred while alone, nobody saw, no police report.",0
1422.8,PROPERTY,95,0,0,Rear-end collision at the intersection of Main St and Cedar Lane; minor whiplash and bumper damage.,0
2605.78,AUTO,1347,0,0,"Slipped on icy steps at the front entrance; sprained ankle, ER visit at Mercy General.",0
8654.02,PROPERTY,1009,0,2,"Side-swipe accident on highway; dashcam footage available, other driver's insurance contacted.",0
3006.88,AUTO,8,0,1,"Kitchen fire started from an unattended pan, contained by smoke detector and extinguisher.",0
306.92,AUTO,151,1,0,"Side-swipe accident on highway; dashcam footage available, other driver's insurance contacted.",0
2846.93,AUTO,739,0,0,"Side-swipe accident on highway; dashcam footage available, other driver's insurance contacted.",1
6203.47,PROPERTY,1020,0,0,"Slipped on icy steps at the front entrance; sprained ankle, ER visit at St. Luke's.",0
1448.67,AUTO,636,1,0,"Bicycle accident; broken collarbone, treated at City General, X-rays and follow-up scheduled.",0
4893.36,HEALTH,1309,0,1,"Kitchen fire started from an unattended pan, contained by smoke detector and extinguisher.",0
906.77,AUTO,979,0,0,Backyard fence damaged by neighbour's tree falling during high winds on March 12.,0
409.31,HEALTH,921,1,0,Water damage in the kitchen ceiling from a burst pipe in the upstairs bathroom on April 3.,0
2082.18,PROPERTY,435,0,0,"Burglary while on vacation; entry through the back window, electronics and jewellery taken, police report #PR-85974.",0
312.16,AUTO,1023,1,1,Front-end collision when the other driver ran a red light at 5th Ave; police report filed.,0
1422.58,PROPERTY,1310,1,0,"Slipped on icy steps at the front entrance; sprained ankle, ER visit at St. Luke's.",0
6547.52,AUTO,74,0,2,Tree branch fell during the storm on June 24 and dented the roof above the garage.,0
267.8,AUTO,1101,1,0,Lightning strike damaged HVAC unit on August 11; technician assessment attached.,0
502.96,HEALTH,1319,1,0,Hailstorm on April 3 caused dents on the hood and cracked the windshield.,0
644.17,PROPERTY,649,0,1,"Bicycle accident; broken collarbone, treated at St. Luke's, X-rays and follow-up scheduled.",0
1697.11,AUTO,1149,1,0,Lightning strike damaged HVAC unit on June 24; technician assessment attached.,0
1254.24,HEALTH,537,1,0,Hailstorm on April 3 caused dents on the hood and cracked the windshield.,0
7325.64,AUTO,290,1,0,"Side-swipe accident on highway; dashcam footage available, other driver's insurance contacted.",0
4695.45,HEALTH,1224,1,0,"Side-swipe accident on highway; dashcam footage available, other driver's insurance contacted.",0
2966.9,HEALTH,467,0,1,Lightning strike damaged HVAC unit on March 12; technician assessment attached.,0
2091.49,LIFE,1135,1,0,Tree branch fell during the storm on May 18 and dented the roof above the garage.,0
2679.08,HEALTH,473,0,1,"Bicycle accident; broken collarbone, treated at Riverside Medical, X-rays and follow-up scheduled.",0
763.58,HEALTH,599,1,0,Front-end collision when the other driver ran a red light at Pine Rd; police report filed.,0
4260.79,HEALTH,1027,1,2,Front-end collision when the other driver ran a red light at Elm Blvd; police report filed.,0
594.64,AUTO,512,0,0,"Bicycle accident; broken collarbone, treated at Mercy General, X-rays and follow-up scheduled.",0
4168.77,AUTO,1211,0,0,"Slipped on icy steps at the front entrance; sprained ankle, ER visit at City General.",0
5920.3,LIFE,59,1,2,"Bicycle accident; broken collarbone, treated at City General, X-rays and follow-up scheduled.",0
2232.47,AUTO,18,0,1,"Property damage but no witnesses, claim is for full replacement value.",1
1515.93,PROPERTY,123,0,0,Rear-end collision at the intersection of Oak Ave and Cedar Lane; minor whiplash and bumper damage.,0
2698.12,AUTO,385,0,0,"Property damage but no witnesses, claim is for full replacement value.",0
103.39,PROPERTY,81,1,0,"Kitchen fire started from an unattended pan, contained by smoke detector and extinguisher.",0
2446.12,AUTO,571,0,1,"Slipped on icy steps at the front entrance; sprained ankle, ER visit at Riverside Medical.",0
1614.28,LIFE,37,1,1,Rear-end collision at the intersection of Main St and Walnut Rd; minor whiplash and bumper damage.,0
1718.78,HEALTH,1134,1,1,"Minor parking lot collision at Target; both drivers exchanged details, insurance info noted.",0
3664.81,AUTO,230,0,1,"Minor parking lot collision at Home Depot; both drivers exchanged details, insurance info noted.",0
1677.79,HEALTH,1458,1,1,"Burglary while on vacation; entry through the back window, electronics and jewellery taken, police report #PR-41044.",0
578.13,HEALTH,1285,0,0,Lightning strike damaged HVAC unit on August 11; technician assessment attached.,0
1569.63,AUTO,1041,0,1,Rear-end collision at the intersection of 5th Ave and Walnut Rd; minor whiplash and bumper damage.,0
1934.41,AUTO,1197,1,1,"Deer collision on the highway near exit 61; airbag deployed, vehicle towed.",0
2028.26,PROPERTY,1162,0,1,"Burglary while on vacation; entry through the back window, electronics and jewellery taken, police report #PR-22836.",0
2125.83,PROPERTY,1268,1,1,"Minor parking lot collision at Home Depot; both drivers exchanged details, insurance info noted.",0
5112.12,AUTO,833,1,0,"Bicycle accident; broken collarbone, treated at City General, X-rays and follow-up scheduled.",0
610.31,PROPERTY,936,0,1,"Pipe burst in basement; water damage to flooring and stored items, plumber invoice attached.",0
2155.33,AUTO,704,1,1,"Burglary while on vacation; entry through the back window, electronics and jewellery taken, police report #PR-93976.",0
6567.77,AUTO,936,1,0,"Broken items, unwitnessed accident at home.",0
319.06,HEALTH,572,0,1,"Kitchen fire started from an unattended pan, contained by smoke detector and extinguisher.",0
2163.86,AUTO,186,1,0,Hailstorm on July 5 caused dents on the hood and cracked the windshield.,0
1006.89,AUTO,1396,1,0,"Side-swipe accident on highway; dashcam footage available, other driver's insurance contacted.",0
1247.99,HEALTH,1048,1,1,"Burglary while on vacation; entry through the back window, electronics and jewellery taken, police report #PR-62998.",0
731.57,AUTO,1057,1,1,Backyard fence damaged by neighbour's tree falling during high winds on June 24.,0
1526.07,AUTO,420,1,0,"Bicycle accident; broken collarbone, treated at City General, X-rays and follow-up scheduled.",0
11398.71,PROPERTY,1156,0,0,"Bicycle accident; broken collarbone, treated at Mercy General, X-rays and follow-up scheduled.",0
510.59,HEALTH,779,0,0,"Bicycle accident; broken collarbone, treated at City General, X-rays and follow-up scheduled.",0
561.38,PROPERTY,115,1,0,Lightning strike damaged HVAC unit on June 24; technician assessment attached.,0
491.8,HEALTH,1432,1,0,"Pipe burst in basement; water damage to flooring and stored items, plumber invoice attached.",0
10172.25,HEALTH,1487,1,0,"Kitchen fire started from an unattended pan, contained by smoke detector and extinguisher.",0
1138.72,AUTO,1306,0,1,Hailstorm on April 3 caused dents on the hood and cracked the windshield.,0
1762.28,PROPERTY,712,1,0,"Slipped on icy steps at the front entrance; sprained ankle, ER visit at Riverside Medical.",0
1208.6,AUTO,350,0,0,Car was damaged.,0
703.15,AUTO,17,0,0,"Fire damage, unknown cause, total loss.",1
1429.17,PROPERTY,1105,1,2,Front-end collision when the other driver ran a red light at Pine Rd; police report filed.,0
21125.66,PROPERTY,1336,0,0,Backyard fence damaged by neighbour's tree falling during high winds on August 11.,0
7274.07,HEALTH,157,1,0,Rear-end collision at the intersection of Pine Rd and Maple Ave; minor whiplash and bumper damage.,0
770.52,AUTO,1026,1,2,"Deer collision on the highway near exit 34; airbag deployed, vehicle towed.",1
3454.99,AUTO,41,1,0,"Bicycle accident; broken collarbone, treated at St. Luke's, X-rays and follow-up scheduled.",0
787.2,HEALTH,1165,1,2,"Kitchen fire started from an unattended pan, contained by smoke detector and extinguisher.",0
306.01,PROPERTY,43,1,0,Backyard fence damaged by neighbour's tree falling during high winds on June 24.,0
5011.6,HEALTH,1463,1,1,"Pipe burst in basement; water damage to flooring and stored items, plumber invoice attached.",0
5768.07,AUTO,256,1,0,Lightning strike damaged HVAC unit on April 3; technician assessment attached.,0
5146.4,AUTO,601,1,0,"Side-swipe accident on highway; dashcam footage available, other driver's insurance contacted.",0
1130.18,HEALTH,1042,0,0,"Fire damage, unknown cause, total loss.",1
1530.31,HEALTH,1269,0,1,"Sudden mechanical failure, vehicle written off, no third party.",0
3826.73,AUTO,545,1,0,Water damage in the kitchen ceiling from a burst pipe in the upstairs bathroom on May 18.,0
2674.44,AUTO,1470,0,0,Tree branch fell during the storm on May 18 and dented the roof above the garage.,0
1219.7,AUTO,24,1,1,Tree branch fell during the storm on August 11 and dented the roof above the garage.,0
358.14,AUTO,707,0,0,"Total loss, no documentation available.",1
2026.11,HEALTH,1482,1,0,"Stolen valuables, all cash, no inventory list.",1
5318.84,AUTO,411,0,0,Front-end collision when the other driver ran a red light at Main St; police report filed.,0
545.89,HEALTH,800,1,1,"Total loss, no documentation available.",1
3424.67,PROPERTY,667,0,1,Lightning strike damaged HVAC unit on August 11; technician assessment attached.,0
2518.81,LIFE,591,0,0,Lightning strike damaged HVAC unit on June 24; technician assessment attached.,0
3828.19,PROPERTY,1151,1,1,Tree branch fell during the storm on June 24 and dented the roof above the garage.,0
4324.17,AUTO,778,0,1,"Items missing after recent move, exact value uncertain.",1
902.83,AUTO,1071,0,1,Rear-end collision at the intersection of Pine Rd and Cedar Lane; minor whiplash and bumper damage.,0
358.9,AUTO,780,1,0,Lightning strike damaged HVAC unit on April 3; technician assessment attached.,0
1060.48,PROPERTY,1496,1,0,Backyard fence damaged by neighbour's tree falling during high winds on July 5.,0
4398.98,AUTO,705,0,0,"Deer collision on the highway near exit 161; airbag deployed, vehicle towed.",0
1051.52,AUTO,1194,1,0,"Slipped on icy steps at the front entrance; sprained ankle, ER visit at City General.",0
903.21,AUTO,919,0,0,"Minor parking lot collision at Walmart; both drivers exchanged details, insurance info noted.",1
292.55,AUTO,1202,0,0,"Burglary while on vacation; entry through the back window, electronics and jewellery taken, police report #PR-23879.",0
10432.15,PROPERTY,1328,1,0,"Deer collision on the highway near exit 185; airbag deployed, vehicle towed.",0
4128.68,HEALTH,340,0,1,"Slipped on icy steps at the front entrance; sprained ankle, ER visit at Mercy General.",0
3904.54,HEALTH,453,1,0,Tree branch fell during the storm on May 18 and dented the roof above the garage.,0
4758.68,PROPERTY,453,0,2,"Kitchen fire started from an unattended pan, contained by smoke detector and extinguisher.",0
3218.62,AUTO,730,1,0,Rear-end collision at the intersection of Elm Blvd and Birch St; minor whiplash and bumper damage.,0
1416.11,AUTO,738,1,0,Lightning strike damaged HVAC unit on August 11; technician assessment attached.,1
1534.92,AUTO,6,0,0,"Items stolen, no witnesses, cash and electronics gone.",1
1179.02,HEALTH,1343,1,1,"Kitchen fire started from an unattended pan, contained by smoke detector and extinguisher.",0
25203.57,HEALTH,1289,1,3,"Damage occurred while alone, nobody saw, no police report.",1
3152.38,AUTO,901,0,1,"Slipped on icy steps at the front entrance; sprained ankle, ER visit at Riverside Medical.",0
1137.06,LIFE,459,1,1,Lightning strike damaged HVAC unit on August 11; technician assessment attached.,0
2879.86,AUTO,1240,0,0,"Vehicle stolen, no GPS data, no security footage available.",0
657.95,AUTO,407,0,0,"Minor parking lot collision at Home Depot; both drivers exchanged details, insurance info noted.",0
8139.68,HEALTH,459,0,0,"Sudden mechanical failure, vehicle written off, no third party.",1
933.49,PROPERTY,1496,0,2,"Bicycle accident; broken collarbone, treated at City General, X-rays and follow-up scheduled.",0
2984.2,HEALTH,1385,1,0,Front-end collision when the other driver ran a red light at Oak Ave; police report filed.,0
5249.97,LIFE,877,1,0,"Kitchen fire started from an unattended pan, contained by smoke detector and extinguisher.",0
2656.51,AUTO,254,1,2,"Burglary while on vacation; entry through the back window, electronics and jewellery taken, police report #PR-78875.",0
1987.18,HEALTH,185,0,0,Lightning strike damaged HVAC unit on May 18; technician assessment attached.,0
1827.68,PROPERTY,1446,0,2,"Minor parking lot collision at Costco; both drivers exchanged details, insurance info noted.",0
1708.82,HEALTH,399,0,0,"Deer collision on the highway near exit 76; airbag deployed, vehicle towed.",0
1015.67,AUTO,1022,0,0,Front-end collision when the other driver ran a red light at 5th Ave; police report filed.,0
1153.45,LIFE,530,1,1,Lightning strike damaged HVAC unit on June 24; technician assessment attached.,0
7939.38,AUTO,745,1,2,"Deer collision on the highway near exit 180; airbag deployed, vehicle towed.",0
1622.08,HEALTH,1479,1,0,"Kitchen fire started from an unattended pan, contained by smoke detector and extinguisher.",0
824.03,PROPERTY,889,1,2,Car was damaged.,0
1078.91,PROPERTY,646,0,1,"Minor parking lot collision at Costco; both drivers exchanged details, insurance info noted.",0
5433.67,LIFE,624,0,2,"Bicycle accident; broken collarbone, treated at City General, X-rays and follow-up scheduled.",0
3553.21,PROPERTY,345,1,1,Rear-end collision at the intersection of Oak Ave and Birch St; minor whiplash and bumper damage.,0
3166.33,AUTO,835,1,1,Rear-end collision at the intersection of Elm Blvd and Birch St; minor whiplash and bumper damage.,1
1397.55,PROPERTY,855,0,2,"Burglary while on vacation; entry through the back window, electronics and jewellery taken, police report #PR-27706.",0
3207.87,HEALTH,143,0,0,"Minor parking lot collision at Walmart; both drivers exchanged details, insurance info noted.",0
949.98,HEALTH,607,1,1,"Items stolen, no witnesses, cash and electronics gone.",0
1394.63,AUTO,967,0,0,"Bicycle accident; broken collarbone, treated at Mercy General, X-rays and follow-up scheduled.",0
4768.58,PROPERTY,83,1,1,Rear-end collision at the intersection of Main St and Birch St; minor whiplash and bumper damage.,0
4334.14,HEALTH,1464,0,1,Tree branch fell during the storm on March 12 and dented the roof above the garage.,0
677.28,PROPERTY,1291,1,0,"Pipe burst in basement; water damage to flooring and stored items, plumber invoice attached.",0
768.53,AUTO,955,0,2,"Side-swipe accident on highway; dashcam footage available, other driver's insurance contacted.",0
2015.66,AUTO,24,1,3,"Stolen valuables, all cash, no inventory list.",1
10159.17,HEALTH,777,1,0,Hailstorm on March 12 caused dents on the hood and cracked the windshield.,0
266.25,AUTO,1347,0,2,Rear-end collision at the intersection of Oak Ave and Birch St; minor whiplash and bumper damage.,0
2388.29,HEALTH,35,1,0,"Stolen valuables, all cash, no inventory list.",0
456.67,AUTO,1187,1,0,"Burglary while on vacation; entry through the back window, electronics and jewellery taken, police report #PR-18689.",0
958.79,HEALTH,1259,1,0,"Deer collision on the highway near exit 185; airbag deployed, vehicle towed.",0
1255.85,AUTO,114,1,1,Tree branch fell during the storm on April 3 and dented the roof above the garage.,0
1187.36,AUTO,346,1,1,Car was damaged.,0
1060.19,HEALTH,1085,0,0,Front-end collision when the other driver ran a red light at Main St; police report filed.,0
1821.12,AUTO,1367,0,1,Lightning strike damaged HVAC unit on April 3; technician assessment attached.,0
1058.64,AUTO,1156,0,0,"Slipped on icy steps at the front entrance; sprained ankle, ER visit at City General.",0
418.86,AUTO,788,1,0,"Side-swipe accident on highway; dashcam footage available, other driver's insurance contacted.",0
3943.68,AUTO,903,1,0,"Total loss, no documentation available.",1
3838.64,HEALTH,787,1,0,Front-end collision when the other driver ran a red light at 5th Ave; police report filed.,0
4201.41,AUTO,866,0,1,"Slipped on icy steps at the front entrance; sprained ankle, ER visit at St. Luke's.",0
387.33,AUTO,1156,1,0,"Bicycle accident; broken collarbone, treated at Riverside Medical, X-rays and follow-up scheduled.",0
2437.96,HEALTH,75,1,2,"Items stolen, no witnesses, cash and electronics gone.",1
3554.53,HEALTH,315,0,0,"Kitchen fire started from an unattended pan, contained by smoke detector and extinguisher.",0
644.71,HEALTH,90,1,0,"Side-swipe accident on highway; dashcam footage available, other driver's insurance contacted.",0
1824.7,AUTO,1194,0,0,"Slipped on icy steps at the front entrance; sprained ankle, ER visit at St. Luke's.",0
1609.59,PROPERTY,1091,1,0,"Bicycle accident; broken collarbone, treated at St. Luke's, X-rays and follow-up scheduled.",0
11408.92,HEALTH,80,1,1,Water damage in the kitchen ceiling from a burst pipe in the upstairs bathroom on April 3.,0
12388.15,AUTO,159,1,0,Rear-end collision at the intersection of Elm Blvd and Birch St; minor whiplash and bumper damage.,0
342.28,PROPERTY,398,0,1,"House contents destroyed, fire of unknown origin, no smoke alarm activated.",1
21893.1,HEALTH,363,0,0,Backyard fence damaged by neighbour's tree falling during high winds on August 11.,0
723.99,HEALTH,779,1,1,"Minor parking lot collision at Costco; both drivers exchanged details, insurance info noted.",0
4820.69,PROPERTY,748,1,0,Rear-end collision at the intersection of 5th Ave and Cedar Lane; minor whiplash and bumper damage.,0
4771.89,AUTO,537,0,0,Backyard fence damaged by neighbour's tree falling during high winds on August 11.,0
668.01,PROPERTY,247,0,0,Car was damaged.,1
2960.96,HEALTH,974,1,0,"Deer collision on the highway near exit 116; airbag deployed, vehicle towed.",0
1623.71,AUTO,1184,1,0,Backyard fence damaged by neighbour's tree falling during high winds on August 11.,0
3147.39,AUTO,960,0,0,"Pipe burst in basement; water damage to flooring and stored items, plumber invoice attached.",0
2277.13,AUTO,1211,0,0,Hailstorm on April 3 caused dents on the hood and cracked the windshield.,0
5980.98,PROPERTY,1371,1,0,"Slipped on icy steps at the front entrance; sprained ankle, ER visit at Riverside Medical.",0
1949.64,AUTO,1263,1,2,"Kitchen fire started from an unattended pan, contained by smoke detector and extinguisher.",0
1528.63,AUTO,977,1,0,"Property damage but no witnesses, claim is for full replacement value.",1
5410.32,HEALTH,75,1,1,"Deer collision on the highway near exit 71; airbag deployed, vehicle towed.",0
3230.51,PROPERTY,502,0,0,"Side-swipe accident on highway; dashcam footage available, other driver's insurance contacted.",0
3758.64,AUTO,642,1,1,Hailstorm on May 18 caused dents on the hood and cracked the windshield.,0
930.21,PROPERTY,1069,0,0,Lightning strike damaged HVAC unit on March 12; technician assessment attached.,0
635.71,HEALTH,1270,1,0,"Total loss, no documentation available.",1
1024.83,PROPERTY,960,0,0,Water damage in the kitchen ceiling from a burst pipe in the upstairs bathroom on March 12.,0
971.83,AUTO,545,0,0,Hailstorm on August 11 caused dents on the hood and cracked the windshield.,0
3968.72,AUTO,1181,0,0,"Deer collision on the highway near exit 61; airbag deployed, vehicle towed.",0
4798.14,HEALTH,1044,0,1,Hailstorm on August 11 caused dents on the hood and cracked the windshield.,0
1548.23,AUTO,1197,1,1,"House contents destroyed, fire of unknown origin, no smoke alarm activated.",0
7562.21,HEALTH,884,1,0,"Deer collision on the highway near exit 86; airbag deployed, vehicle towed.",0
7104.4,AUTO,970,1,0,"Slipped on icy steps at the front entrance; sprained ankle, ER visit at St. Luke's.",0
2306.3,PROPERTY,521,1,0,Water damage in the kitchen ceiling from a burst pipe in the upstairs bathroom on June 24.,0
794.81,PROPERTY,600,1,1,"Bicycle accident; broken collarbone, treated at City General, X-rays and follow-up scheduled.",0
8737.48,PROPERTY,415,0,0,Front-end collision when the other driver ran a red light at Pine Rd; police report filed.,0
1701.02,LIFE,386,1,0,Water damage in the kitchen ceiling from a burst pipe in the upstairs bathroom on July 5.,0
2051.17,PROPERTY,979,0,0,Rear-end collision at the intersection of Pine Rd and Cedar Lane; minor whiplash and bumper damage.,0
1287.42,HEALTH,576,0,0,Tree branch fell during the storm on May 18 and dented the roof above the garage.,0
742.64,AUTO,201,0,0,Hailstorm on August 11 caused dents on the hood and cracked the windshield.,0
416.28,PROPERTY,53,0,0,"Kitchen fire started from an unattended pan, contained by smoke detector and extinguisher.",0
3404.55,PROPERTY,1290,1,1,"Deer collision on the highway near exit 183; airbag deployed, vehicle towed.",0
826.0,LIFE,653,0,0,"Burglary while on vacation; entry through the back window, electronics and jewellery taken, police report #PR-26330.",0
38543.06,PROPERTY,865,0,0,"Slipped on icy steps at the front entrance; sprained ankle, ER visit at Riverside Medical.",0
610.29,AUTO,1357,1,0,Car was damaged.,0
514.2,PROPERTY,168,0,0,"Slipped on icy steps at the front entrance; sprained ankle, ER visit at Riverside Medical.",0
3011.33,PROPERTY,1406,1,0,"Lost expensive jewellery, no receipt, not sure when.",1
8344.13,HEALTH,1055,0,0,"Pipe burst in basement; water damage to flooring and stored items, plumber invoice attached.",0
1928.68,PROPERTY,960,1,2,"Sudden mechanical failure, vehicle written off, no third party.",0
3204.28,HEALTH,647,1,0,"Lost expensive jewellery, no receipt, not sure when.",1
286.13,PROPERTY,1059,0,0,Rear-end collision at the intersection of 5th Ave and Cedar Lane; minor whiplash and bumper damage.,0
918.27,AUTO,306,1,0,"Minor parking lot collision at Costco; both drivers exchanged details, insurance info noted.",0
617.94,PROPERTY,453,1,0,Lightning strike damaged HVAC unit on March 12; technician assessment attached.,0
271.77,AUTO,1441,0,0,"Pipe burst in basement; water damage to flooring and stored items, plumber invoice attached.",0
2032.42,AUTO,414,1,0,"Pipe burst in basement; water damage to flooring and stored items, plumber invoice attached.",0
191.94,AUTO,1079,1,0,Water damage in the kitchen ceiling from a burst pipe in the upstairs bathroom on August 11.,0
481.93,HEALTH,1395,0,1,"Bicycle accident; broken collarbone, treated at St. Luke's, X-rays and follow-up scheduled.",0
1056.59,AUTO,889,0,1,Hailstorm on July 5 caused dents on the hood and cracked the windshield.,0
787.38,LIFE,447,0,0,Water damage in the kitchen ceiling from a burst pipe in the upstairs bathroom on August 11.,0
2687.61,HEALTH,1273,1,0,"Slipped on icy steps at the front entrance; sprained ankle, ER visit at Riverside Medical.",0
2454.26,PROPERTY,1239,1,0,"Deer collision on the highway near exit 165; airbag deployed, vehicle towed.",0
4419.57,AUTO,816,1,0,"Cash and gold coins stolen from home safe, exact amounts approximate.",1
3836.76,AUTO,173,1,0,Hailstorm on April 3 caused dents on the hood and cracked the windshield.,0
5657.93,PROPERTY,662,0,0,"Side-swipe accident on highway; dashcam footage available, other driver's insurance contacted.",0
1804.58,PROPERTY,648,1,0,"Fire damage, unknown cause, total loss.",1
2449.08,HEALTH,284,1,0,Water damage in the kitchen ceiling from a burst pipe in the upstairs bathroom on August 11.,0
3015.48,PROPERTY,603,1,1,"Pipe burst in basement; water damage to flooring and stored items, plumber invoice attached.",0
2083.19,PROPERTY,230,0,2,Rear-end collision at the intersection of Oak Ave and Walnut Rd; minor whiplash and bumper damage.,0
1215.37,HEALTH,1039,0,1,"Bicycle accident; broken collarbone, treated at Mercy General, X-rays and follow-up scheduled.",0
1296.67,LIFE,648,0,0,"Fire damage, unknown cause, total loss.",0
798.27,PROPERTY,1096,1,1,"Slipped on icy steps at the front entrance; sprained ankle, ER visit at Riverside Medical.",0
2756.22,HEALTH,684,1,0,Lightning strike damaged HVAC unit on July 5; technician assessment attached.,0
1645.8,AUTO,1070,0,0,"Kitchen fire started from an unattended pan, contained by smoke detector and extinguisher.",0
931.53,AUTO,1100,0,0,Tree branch fell during the storm on June 24 and dented the roof above the garage.,0
932.39,AUTO,241,0,0,"Minor parking lot collision at Walmart; both drivers exchanged details, insurance info noted.",0
538.94,PROPERTY,663,1,1,Hailstorm on July 5 caused dents on the hood and cracked the windshield.,0
4811.87,PROPERTY,1125,1,0,Front-end collision when the other driver ran a red light at Pine Rd; police report filed.,0
1955.92,AUTO,890,0,0,Tree branch fell during the storm on August 11 and dented the roof above the garage.,0
762.96,HEALTH,333,1,2,"Minor parking lot collision at Home Depot; both drivers exchanged details, insurance info noted.",0
4058.41,AUTO,1248,0,0,Rear-end collision at the intersection of 5th Ave and Cedar Lane; minor whiplash and bumper damage.,0
1032.31,AUTO,300,1,0,Tree branch fell during the storm on August 11 and dented the roof above the garage.,0
442.97,PROPERTY,1490,1,0,Front-end collision when the other driver ran a red light at Main St; police report filed.,0
5020.19,HEALTH,1060,0,1,Lightning strike damaged HVAC unit on April 3; technician assessment attached.,0
1056.7,AUTO,484,1,1,"Bicycle accident; broken collarbone, treated at City General, X-rays and follow-up scheduled.",0
1201.23,HEALTH,292,1,1,"Burglary while on vacation; entry through the back window, electronics and jewellery taken, police report #PR-65890.",0
1884.05,AUTO,1353,1,0,"Deer collision on the highway near exit 68; airbag deployed, vehicle towed.",0
5667.99,PROPERTY,785,1,0,"Bicycle accident; broken collarbone, treated at City General, X-rays and follow-up scheduled.",0
1844.64,LIFE,1209,1,0,Rear-end collision at the intersection of Oak Ave and Cedar Lane; minor whiplash and bumper damage.,0
545.05,HEALTH,1247,0,1,Water damage in the kitchen ceiling from a burst pipe in the upstairs bathroom on August 11.,0
3114.67,HEALTH,102,1,1,"Bicycle accident; broken collarbone, treated at Mercy General, X-rays and follow-up scheduled.",0
1113.22,AUTO,1025,1,0,Tree branch fell during the storm on July 5 and dented the roof above the garage.,0
11943.28,HEALTH,501,0,0,Water damage in the kitchen ceiling from a burst pipe in the upstairs bathroom on June 24.,0
1806.02,AUTO,1361,1,0,"Side-swipe accident on highway; dashcam footage available, other driver's insurance contacted.",0
193.44,AUTO,329,1,1,"Kitchen fire started from an unattended pan, contained by smoke detector and extinguisher.",0
2584.7,PROPERTY,51,0,0,Rear-end collision at the intersection of Elm Blvd and Birch St; minor whiplash and bumper damage.,0
12639.7,HEALTH,996,1,0,"Minor parking lot collision at Walmart; both drivers exchanged details, insurance info noted.",0
8742.23,HEALTH,828,0,2,"Side-swipe accident on highway; dashcam footage available, other driver's insurance contacted.",0
11281.89,AUTO,833,1,0,"Lost expensive jewellery, no receipt, not sure when.",0
652.13,PROPERTY,395,1,0,Front-end collision when the other driver ran a red light at Main St; police report filed.,0
4501.44,AUTO,742,0,0,Backyard fence damaged by neighbour's tree falling during high winds on May 18.,0
878.32,HEALTH,1446,1,1,"Pipe burst in basement; water damage to flooring and stored items, plumber invoice attached.",0
2262.64,PROPERTY,1145,0,2,Front-end collision when the other driver ran a red light at Pine Rd; police report filed.,0
506.26,HEALTH,1477,1,1,Water damage in the kitchen ceiling from a burst pipe in the upstairs bathroom on May 18.,0
949.13,PROPERTY,500,1,0,Tree branch fell during the storm on June 24 and dented the roof above the garage.,0
919.43,AUTO,1305,0,0,"Burglary while on vacation; entry through the back window, electronics and jewellery taken, police report #PR-48974.",0
4440.65,PROPERTY,574,1,0,"Slipped on icy steps at the front entrance; sprained ankle, ER visit at Riverside Medical.",0
4026.77,LIFE,1403,0,1,"Side-swipe accident on highway; dashcam footage available, other driver's insurance contacted.",0
2384.68,HEALTH,1298,1,2,"Slipped on icy steps at the front entrance; sprained ankle, ER visit at St. Luke's.",0
468.52,HEALTH,247,1,0,"Kitchen fire started from an unattended pan, contained by smoke detector and extinguisher.",0
1323.93,AUTO,1458,1,0,"Burglary while on vacation; entry through the back window, electronics and jewellery taken, police report #PR-60627.",0
857.38,PROPERTY,911,0,0,"Kitchen fire started from an unattended pan, contained by smoke detector and extinguisher.",0
4314.24,PROPERTY,1164,1,1,Lightning strike damaged HVAC unit on July 5; technician assessment attached.,0
5873.38,PROPERTY,868,1,1,"Minor parking lot collision at Walmart; both drivers exchanged details, insurance info noted.",0
5199.85,PROPERTY,326,1,1,Lightning strike damaged HVAC unit on May 18; technician assessment attached.,0
849.61,HEALTH,1477,1,2,"Pipe burst in basement; water damage to flooring and stored items, plumber invoice attached.",0
116.8,HEALTH,169,1,0,"Kitchen fire started from an unattended pan, contained by smoke detector and extinguisher.",0
308.91,AUTO,1213,0,1,Lightning strike damaged HVAC unit on August 11; technician assessment attached.,0
7492.27,PROPERTY,314,0,0,"Pipe burst in basement; water damage to flooring and stored items, plumber invoice attached.",0
1210.45,PROPERTY,1178,1,0,Backyard fence damaged by neighbour's tree falling during high winds on July 5.,0
853.44,HEALTH,634,0,0,"Burglary while on vacation; entry through the back window, electronics and jewellery taken, police report #PR-93524.",0
9345.59,AUTO,355,1,0,"Burglary while on vacation; entry through the back window, electronics and jewellery taken, police report #PR-21087.",0
6407.09,HEALTH,355,1,0,"Pipe burst in basement; water damage to flooring and stored items, plumber invoice attached.",0
1852.79,PROPERTY,480,1,1,"Items stolen, no witnesses, cash and electronics gone.",0
1348.3,PROPERTY,1351,1,2,"Deer collision on the highway near exit 94; airbag deployed, vehicle towed.",0
1584.3,AUTO,1154,1,1,Rear-end collision at the intersection of Elm Blvd and Cedar Lane; minor whiplash and bumper damage.,0
2269.16,AUTO,1006,1,0,"Side-swipe accident on highway; dashcam footage available, other driver's insurance contacted.",0
8955.72,HEALTH,945,1,2,"Lost expensive jewellery, no receipt, not sure when.",1
2758.57,AUTO,625,0,1,"Side-swipe accident on highway; dashcam footage available, other driver's insurance contacted.",0
3736.96,LIFE,1352,0,1,Water damage in the kitchen ceiling from a burst pipe in the upstairs bathroom on April 3.,0
5821.25,HEALTH,411,0,0,"Deer collision on the highway near exit 56; airbag deployed, vehicle towed.",0
561.34,HEALTH,1414,1,1,"Lost expensive jewellery, no receipt, not sure when.",0
3846.28,AUTO,571,0,0,"Pipe burst in basement; water damage to flooring and stored items, plumber invoice attached.",0
1346.73,HEALTH,512,1,2,Tree branch fell during the storm on March 12 and dented the roof above the garage.,0
146.04,LIFE,714,1,1,"Damage occurred while alone, nobody saw, no police report.",1
215.26,HEALTH,1123,0,0,Backyard fence damaged by neighbour's tree falling during high winds on June 24.,0
653.2,AUTO,1071,1,1,"Bicycle accident; broken collarbone, treated at Riverside Medical, X-rays and follow-up scheduled.",0
3075.5,AUTO,1150,0,0,Tree branch fell during the storm on August 11 and dented the roof above the garage.,0
2025.96,LIFE,134,1,2,Water damage in the kitchen ceiling from a burst pipe in the upstairs bathroom on May 18.,0
2174.09,LIFE,242,1,0,"Lost expensive jewellery, no receipt, not sure when.",0
12720.16,AUTO,1273,0,2,Backyard fence damaged by neighbour's tree falling during high winds on April 3.,0
508.22,HEALTH,1471,0,0,Hailstorm on June 24 caused dents on the hood and cracked the windshield.,0
1759.12,AUTO,192,1,0,Water damage in the kitchen ceiling from a burst pipe in the upstairs bathroom on May 18.,0
2451.45,HEALTH,1356,0,0,Water damage in the kitchen ceiling from a burst pipe in the upstairs bathroom on May 18.,0
865.86,AUTO,394,1,0,Lightning strike damaged HVAC unit on April 3; technician assessment attached.,0
1859.99,PROPERTY,1468,1,1,"Minor parking lot collision at Home Depot; both drivers exchanged details, insurance info noted.",0
365.06,PROPERTY,1490,0,1,Lightning strike damaged HVAC unit on August 11; technician assessment attached.,0
7404.97,AUTO,955,0,0,"Slipped on icy steps at the front entrance; sprained ankle, ER visit at St. Luke's.",0
914.51,HEALTH,286,0,0,Tree branch fell during the storm on March 12 and dented the roof above the garage.,0
13785.88,AUTO,1182,1,0,Tree branch fell during the storm on March 12 and dented the roof above the garage.,0
1750.27,AUTO,152,1,0,"Pipe burst in basement; water damage to flooring and stored items, plumber invoice attached.",0
5054.6,AUTO,502,0,1,Water damage in the kitchen ceiling from a burst pipe in the upstairs bathroom on May 18.,0
1714.19,AUTO,957,1,1,"Bicycle accident; broken collarbone, treated at Mercy General, X-rays and follow-up scheduled.",0
1753.3,LIFE,102,1,0,Rear-end collision at the intersection of 5th Ave and Walnut Rd; minor whiplash and bumper damage.,0
1008.25,AUTO,590,1,2,"Pipe burst in basement; water damage to flooring and stored items, plumber invoice attached.",0
2036.78,PROPERTY,1196,0,1,Tree branch fell during the storm on April 3 and dented the roof above the garage.,0
2484.93,AUTO,138,0,1,"Bicycle accident; broken collarbone, treated at St. Luke's, X-rays and follow-up scheduled.",0
825.3,HEALTH,550,0,0,"Kitchen fire started from an unattended pan, contained by smoke detector and extinguisher.",0
1595.52,HEALTH,6,1,2,Water damage in the kitchen ceiling from a burst pipe in the upstairs bathroom on August 11.,0
982.3,PROPERTY,987,1,0,"Kitchen fire started from an unattended pan, contained by smoke detector and extinguisher.",0
18027.69,AUTO,119,0,1,"Items stolen, no witnesses, cash and electronics gone.",1
1652.87,AUTO,422,0,0,Water damage in the kitchen ceiling from a burst pipe in the upstairs bathroom on August 11.,0
8478.02,PROPERTY,784,1,0,"Kitchen fire started from an unattended pan, contained by smoke detector and extinguisher.",0
1486.79,PROPERTY,322,0,0,"Cash and gold coins stolen from home safe, exact amounts approximate.",1
2343.23,HEALTH,347,1,0,"Slipped on icy steps at the front entrance; sprained ankle, ER visit at Riverside Medical.",0
482.33,AUTO,1252,1,1,"Deer collision on the highway near exit 155; airbag deployed, vehicle towed.",0
1156.24,AUTO,1166,0,0,Car was damaged.,1
2231.74,PROPERTY,122,1,0,Tree branch fell during the storm on April 3 and dented the roof above the garage.,0
8830.83,HEALTH,1286,0,1,"Kitchen fire started from an unattended pan, contained by smoke detector and extinguisher.",0
2257.43,HEALTH,702,1,0,Hailstorm on June 24 caused dents on the hood and cracked the windshield.,0
7213.58,AUTO,218,0,1,Tree branch fell during the storm on August 11 and dented the roof above the garage.,0
3431.42,AUTO,1360,1,1,Hailstorm on August 11 caused dents on the hood and cracked the windshield.,0
9204.07,PROPERTY,506,1,1,"Slipped on icy steps at the front entrance; sprained ankle, ER visit at Mercy General.",0
1704.38,PROPERTY,489,0,1,Water damage in the kitchen ceiling from a burst pipe in the upstairs bathroom on April 3.,0
19736.45,AUTO,220,1,0,Hailstorm on August 11 caused dents on the hood and cracked the windshield.,0
1112.77,PROPERTY,1329,1,0,Front-end collision when the other driver ran a red light at Elm Blvd; police report filed.,0
840.11,HEALTH,430,1,1,"Deer collision on the highway near exit 175; airbag deployed, vehicle towed.",0
539.12,AUTO,888,0,0,"Burglary while on vacation; entry through the back window, electronics and jewellery taken, police report #PR-93638.",0
18602.01,AUTO,359,0,0,Rear-end collision at the intersection of 5th Ave and Maple Ave; minor whiplash and bumper damage.,0
4102.89,PROPERTY,1343,0,1,"Pipe burst in basement; water damage to flooring and stored items, plumber invoice attached.",0
1294.5,AUTO,1180,1,1,Water damage in the kitchen ceiling from a burst pipe in the upstairs bathroom on April 3.,0
6304.52,HEALTH,755,1,1,Lightning strike damaged HVAC unit on June 24; technician assessment attached.,0
3596.41,PROPERTY,518,0,0,"Deer collision on the highway near exit 144; airbag deployed, vehicle towed.",0
12914.78,AUTO,982,1,0,"Kitchen fire started from an unattended pan, contained by smoke detector and extinguisher.",0
384.59,PROPERTY,743,0,0,"Side-swipe accident on highway; dashcam footage available, other driver's insurance contacted.",0
1386.64,AUTO,1411,1,1,"Pipe burst in basement; water damage to flooring and stored items, plumber invoice attached.",0
1138.51,HEALTH,1011,1,0,"Lost expensive jewellery, no receipt, not sure when.",0
251.22,HEALTH,41,1,0,"Side-swipe accident on highway; dashcam footage available, other driver's insurance contacted.",0
5220.39,HEALTH,1233,1,0,Water damage in the kitchen ceiling from a burst pipe in the upstairs bathroom on July 5.,0
1379.68,HEALTH,290,0,0,Rear-end collision at the intersection of 5th Ave and Birch St; minor whiplash and bumper damage.,0
3788.14,HEALTH,452,1,1,Front-end collision when the other driver ran a red light at Pine Rd; police report filed.,0
19144.52,PROPERTY,654,1,0,Front-end collision when the other driver ran a red light at Pine Rd; police report filed.,0
1269.98,PROPERTY,314,0,0,"Fire damage, unknown cause, total loss.",1
1186.6,PROPERTY,1413,1,3,Hailstorm on April 3 caused dents on the hood and cracked the windshield.,0
2035.84,AUTO,1467,1,0,Lightning strike damaged HVAC unit on June 24; technician assessment attached.,0
4852.49,HEALTH,234,1,0,Rear-end collision at the intersection of Pine Rd and Cedar Lane; minor whiplash and bumper damage.,0
1025.86,HEALTH,480,1,1,Front-end collision when the other driver ran a red light at Pine Rd; police report filed.,0
962.02,AUTO,556,0,1,"Side-swipe accident on highway; dashcam footage available, other driver's insurance contacted.",0
5204.03,PROPERTY,1006,1,1,"House contents destroyed, fire of unknown origin, no smoke alarm activated.",0
2640.28,AUTO,897,0,1,Rear-end collision at the intersection of 5th Ave and Birch St; minor whiplash and bumper damage.,0
233.99,AUTO,1017,0,1,"Burglary while on vacation; entry through the back window, electronics and jewellery taken, police report #PR-14598.",0
530.92,AUTO,47,1,1,Lightning strike damaged HVAC unit on April 3; technician assessment attached.,0
8113.1,AUTO,771,0,0,"Burglary while on vacation; entry through the back window, electronics and jewellery taken, police report #PR-32208.",0
2702.49,AUTO,317,0,0,"Pipe burst in basement; water damage to flooring and stored items, plumber invoice attached.",0
843.71,HEALTH,343,1,0,Backyard fence damaged by neighbour's tree falling during high winds on May 18.,0
1524.76,HEALTH,1162,0,0,"Burglary while on vacation; entry through the back window, electronics and jewellery taken, police report #PR-20737.",0
1832.13,AUTO,213,1,1,Front-end collision when the other driver ran a red light at Elm Blvd; police report filed.,0
3773.41,AUTO,48,1,0,"Slipped on icy steps at the front entrance; sprained ankle, ER visit at Mercy General.",0
464.86,PROPERTY,731,1,0,"Deer collision on the highway near exit 94; airbag deployed, vehicle towed.",0
779.81,AUTO,1103,0,0,Rear-end collision at the intersection of Pine Rd and Walnut Rd; minor whiplash and bumper damage.,0
2375.48,HEALTH,766,1,0,"Kitchen fire started from an unattended pan, contained by smoke detector and extinguisher.",0
1636.26,HEALTH,242,1,1,Hailstorm on July 5 caused dents on the hood and cracked the windshield.,0
3203.05,HEALTH,1160,1,2,"Kitchen fire started from an unattended pan, contained by smoke detector and extinguisher.",0
528.74,PROPERTY,573,0,1,"Pipe burst in basement; water damage to flooring and stored items, plumber invoice attached.",1
2584.09,HEALTH,1065,0,0,Backyard fence damaged by neighbour's tree falling during high winds on April 3.,0
5386.14,LIFE,303,1,0,"Pipe burst in basement; water damage to flooring and stored items, plumber invoice attached.",0
2941.92,PROPERTY,1368,0,1,"Pipe burst in basement; water damage to flooring and stored items, plumber invoice attached.",0
2077.9,AUTO,426,1,0,Water damage in the kitchen ceiling from a burst pipe in the upstairs bathroom on August 11.,0
1642.73,AUTO,1456,1,0,"Pipe burst in basement; water damage to flooring and stored items, plumber invoice attached.",0
784.58,AUTO,566,1,0,Front-end collision when the other driver ran a red light at Pine Rd; police report filed.,0
1682.44,AUTO,1092,1,1,Tree branch fell during the storm on April 3 and dented the roof above the garage.,0
6372.24,HEALTH,753,1,0,Tree branch fell during the storm on March 12 and dented the roof above the garage.,0
1605.15,AUTO,115,1,1,Hailstorm on April 3 caused dents on the hood and cracked the windshield.,0
742.63,AUTO,148,1,0,Rear-end collision at the intersection of 5th Ave and Birch St; minor whiplash and bumper damage.,0
1105.17,AUTO,608,0,0,"Burglary while on vacation; entry through the back window, electronics and jewellery taken, police report #PR-31806.",0
2210.23,HEALTH,290,1,2,"Deer collision on the highway near exit 139; airbag deployed, vehicle towed.",0
1244.5,HEALTH,913,1,1,Backyard fence damaged by neighbour's tree falling during high winds on May 18.,0
2937.47,LIFE,207,1,1,Hailstorm on August 11 caused dents on the hood and cracked the windshield.,0
3049.84,AUTO,885,0,1,"Slipped on icy steps at the front entrance; sprained ankle, ER visit at Mercy General.",0
4398.34,AUTO,308,0,0,"Damage occurred while alone, nobody saw, no police report.",1
7506.76,LIFE,272,1,0,Water damage in the kitchen ceiling from a burst pipe in the upstairs bathroom on July 5.,0
4894.46,HEALTH,551,0,0,"Deer collision on the highway near exit 182; airbag deployed, vehicle towed.",0
710.35,HEALTH,874,1,0,"Pipe burst in basement; water damage to flooring and stored items, plumber invoice attached.",0
732.5,HEALTH,599,1,2,Rear-end collision at the intersection of Oak Ave and Birch St; minor whiplash and bumper damage.,0
1676.11,AUTO,525,0,1,"Burglary while on vacation; entry through the back window, electronics and jewellery taken, police report #PR-34236.",0
1151.5,PROPERTY,510,0,1,"Deer collision on the highway near exit 194; airbag deployed, vehicle towed.",0
579.21,HEALTH,509,1,0,"Damage occurred while alone, nobody saw, no police report.",1
1162.48,HEALTH,606,0,0,"Slipped on icy steps at the front entrance; sprained ankle, ER visit at Riverside Medical.",0
1124.94,HEALTH,1251,1,0,Hailstorm on April 3 caused dents on the hood and cracked the windshield.,0
923.48,AUTO,867,1,0,Tree branch fell during the storm on June 24 and dented the roof above the garage.,0
1318.45,AUTO,633,1,0,"Minor parking lot collision at Home Depot; both drivers exchanged details, insurance info noted.",0
5874.94,PROPERTY,1124,1,0,"Bicycle accident; broken collarbone, treated at St. Luke's, X-rays and follow-up scheduled.",0
2206.67,HEALTH,791,0,0,"Kitchen fire started from an unattended pan, contained by smoke detector and extinguisher.",0
21414.19,AUTO,1423,1,1,Front-end collision when the other driver ran a red light at Oak Ave; police report filed.,0
2144.17,AUTO,844,0,1,Rear-end collision at the intersection of Pine Rd and Maple Ave; minor whiplash and bumper damage.,0
1352.8,PROPERTY,324,0,3,Front-end collision when the other driver ran a red light at 5th Ave; police report filed.,0
1815.53,AUTO,844,1,1,Front-end collision when the other driver ran a red light at Elm Blvd; police report filed.,0
2336.69,HEALTH,1160,0,0,"Pipe burst in basement; water damage to flooring and stored items, plumber invoice attached.",0
2794.07,HEALTH,320,0,1,"Deer collision on the highway near exit 158; airbag deployed, vehicle towed.",0
14424.9,PROPERTY,304,1,0,"Slipped on icy steps at the front entrance; sprained ankle, ER visit at Mercy General.",0
776.41,HEALTH,899,0,1,"Deer collision on the highway near exit 45; airbag deployed, vehicle towed.",0
4268.62,PROPERTY,1326,0,1,Front-end collision when the other driver ran a red light at Oak Ave; police report filed.,0
2225.53,AUTO,502,1,0,"Vehicle stolen, no GPS data, no security footage available.",1
375.74,PROPERTY,760,1,0,"Pipe burst in basement; water damage to flooring and stored items, plumber invoice attached.",0
3907.68,PROPERTY,982,1,0,Water damage in the kitchen ceiling from a burst pipe in the upstairs bathroom on March 12.,0
6422.89,HEALTH,995,1,2,Water damage in the kitchen ceiling from a burst pipe in the upstairs bathroom on July 5.,0
767.26,HEALTH,219,1,0,"Burglary while on vacation; entry through the back window, electronics and jewellery taken, police report #PR-23289.",0
1791.96,AUTO,593,0,1,Rear-end collision at the intersection of Oak Ave and Walnut Rd; minor whiplash and bumper damage.,0
322.03,HEALTH,1491,1,0,Rear-end collision at the intersection of Oak Ave and Walnut Rd; minor whiplash and bumper damage.,0
513.47,AUTO,1332,0,0,"Minor parking lot collision at Costco; both drivers exchanged details, insurance info noted.",0
5156.58,AUTO,1158,1,1,Tree branch fell during the storm on March 12 and dented the roof above the garage.,0
1134.09,LIFE,37,1,0,"Bicycle accident; broken collarbone, treated at Mercy General, X-rays and follow-up scheduled.",0
596.57,AUTO,626,0,2,"Items stolen, no witnesses, cash and electronics gone.",1
2274.37,HEALTH,77,1,2,"Bicycle accident; broken collarbone, treated at Mercy General, X-rays and follow-up scheduled.",0
1072.33,AUTO,452,1,1,"Deer collision on the highway near exit 87; airbag deployed, vehicle towed.",0
1129.1,AUTO,1297,0,0,"Minor parking lot collision at Home Depot; both drivers exchanged details, insurance info noted.",0
3786.99,AUTO,582,1,1,"Cash and gold coins stolen from home safe, exact amounts approximate.",0
565.81,AUTO,253,1,0,"Kitchen fire started from an unattended pan, contained by smoke detector and extinguisher.",0
731.16,HEALTH,1082,0,1,"Bicycle accident; broken collarbone, treated at St. Luke's, X-rays and follow-up scheduled.",0
2109.23,LIFE,1138,0,0,"Pipe burst in basement; water damage to flooring and stored items, plumber invoice attached.",0
4766.7,HEALTH,983,1,1,"Burglary while on vacation; entry through the back window, electronics and jewellery taken, police report #PR-79488.",0
6236.41,LIFE,1213,1,2,Rear-end collision at the intersection of Oak Ave and Cedar Lane; minor whiplash and bumper damage.,0
929.77,HEALTH,1053,1,1,"Minor parking lot collision at Walmart; both drivers exchanged details, insurance info noted.",0
4616.43,HEALTH,952,1,0,"Kitchen fire started from an unattended pan, contained by smoke detector and extinguisher.",0
825.39,AUTO,1333,1,1,"Deer collision on the highway near exit 89; airbag deployed, vehicle towed.",0
11228.49,AUTO,486,0,0,"Vehicle stolen, no GPS data, no security footage available.",0
581.86,PROPERTY,684,0,0,Lightning strike damaged HVAC unit on May 18; technician assessment attached.,0
6825.9,HEALTH,845,1,0,Water damage in the kitchen ceiling from a burst pipe in the upstairs bathroom on July 5.,0
937.78,HEALTH,1004,1,0,Car was damaged.,0
13537.87,PROPERTY,715,1,0,"Minor parking lot collision at Home Depot; both drivers exchanged details, insurance info noted.",0
3266.0,AUTO,662,1,0,"Pipe burst in basement; water damage to flooring and stored items, plumber invoice attached.",0
654.57,PROPERTY,248,0,0,"House contents destroyed, fire of unknown origin, no smoke alarm activated.",1
1072.51,AUTO,957,1,0,"Side-swipe accident on highway; dashcam footage available, other driver's insurance contacted.",0
3948.86,PROPERTY,186,1,0,Tree branch fell during the storm on August 11 and dented the roof above the garage.,0
5180.44,AUTO,712,1,1,"Minor parking lot collision at Costco; both drivers exchanged details, insurance info noted.",0
1684.6,AUTO,614,0,1,Water damage in the kitchen ceiling from a burst pipe in the upstairs bathroom on May 18.,0
1890.62,HEALTH,1165,0,2,Backyard fence damaged by neighbour's tree falling during high winds on July 5.,0
3859.73,AUTO,715,1,2,Tree branch fell during the storm on April 3 and dented the roof above the garage.,0
2062.76,PROPERTY,8,1,0,"Damage occurred while alone, nobody saw, no police report.",0
495.96,HEALTH,759,1,0,"Minor parking lot collision at Walmart; both drivers exchanged details, insurance info noted.",0
801.93,AUTO,324,1,2,Tree branch fell during the storm on June 24 and dented the roof above the garage.,0
2287.28,AUTO,570,1,1,"Bicycle accident; broken collarbone, treated at St. Luke's, X-rays and follow-up scheduled.",0
6096.57,PROPERTY,445,0,1,"Minor parking lot collision at Walmart; both drivers exchanged details, insurance info noted.",0
9099.57,HEALTH,250,1,0,"Stolen valuables, all cash, no inventory list.",0
3942.34,PROPERTY,1418,1,1,"Kitchen fire started from an unattended pan, contained by smoke detector and extinguisher.",0
2409.78,AUTO,381,1,1,"Slipped on icy steps at the front entrance; sprained ankle, ER visit at St. Luke's.",0
3823.09,PROPERTY,761,0,0,Lightning strike damaged HVAC unit on April 3; technician assessment attached.,0
928.2,HEALTH,1242,1,0,"Items missing after recent move, exact value uncertain.",1
1551.18,HEALTH,547,0,0,Car was damaged.,1
793.04,AUTO,1406,1,0,"Bicycle accident; broken collarbone, treated at St. Luke's, X-rays and follow-up scheduled.",0
518.66,AUTO,607,1,1,"Bicycle accident; broken collarbone, treated at City General, X-rays and follow-up scheduled.",0
2523.87,LIFE,1420,1,0,"Side-swipe accident on highway; dashcam footage available, other driver's insurance contacted.",0
2176.59,LIFE,678,1,0,Water damage in the kitchen ceiling from a burst pipe in the upstairs bathroom on March 12.,0
3596.27,AUTO,22,1,0,"Deer collision on the highway near exit 85; airbag deployed, vehicle towed.",0
3121.63,PROPERTY,1301,0,0,Front-end collision when the other driver ran a red light at 5th Ave; police report filed.,0
2304.56,AUTO,1296,0,1,"Damage occurred while alone, nobody saw, no police report.",1
3154.6,AUTO,1443,1,1,Backyard fence damaged by neighbour's tree falling during high winds on April 3.,0
1732.49,AUTO,186,1,1,"Pipe burst in basement; water damage to flooring and stored items, plumber invoice attached.",0
2732.28,AUTO,1266,1,0,"Bicycle accident; broken collarbone, treated at St. Luke's, X-rays and follow-up scheduled.",0
874.68,AUTO,513,0,0,Front-end collision when the other driver ran a red light at Oak Ave; police report filed.,0
2616.8,AUTO,1262,0,2,"Burglary while on vacation; entry through the back window, electronics and jewellery taken, police report #PR-72420.",0
3527.76,AUTO,1445,1,0,Water damage in the kitchen ceiling from a burst pipe in the upstairs bathroom on June 24.,0
925.49,PROPERTY,299,1,1,Rear-end collision at the intersection of 5th Ave and Walnut Rd; minor whiplash and bumper damage.,0
1904.23,PROPERTY,557,1,1,"Kitchen fire started from an unattended pan, contained by smoke detector and extinguisher.",0
969.13,HEALTH,403,1,1,Lightning strike damaged HVAC unit on July 5; technician assessment attached.,0
1067.95,AUTO,457,0,0,"Bicycle accident; broken collarbone, treated at St. Luke's, X-rays and follow-up scheduled.",1
587.03,PROPERTY,894,0,1,Lightning strike damaged HVAC unit on April 3; technician assessment attached.,0
6411.03,AUTO,619,0,1,Lightning strike damaged HVAC unit on June 24; technician assessment attached.,0
5248.43,PROPERTY,984,1,0,"Vehicle disappeared from parking lot, no security camera footage.",1
3094.66,HEALTH,1011,0,0,Car was damaged.,1
12993.39,AUTO,304,0,0,"Burglary while on vacation; entry through the back window, electronics and jewellery taken, police report #PR-69472.",0
1496.31,AUTO,66,1,0,Backyard fence damaged by neighbour's tree falling during high winds on June 24.,0
37487.48,PROPERTY,1119,0,1,"Kitchen fire started from an unattended pan, contained by smoke detector and extinguisher.",0
1440.1,PROPERTY,273,1,0,"Pipe burst in basement; water damage to flooring and stored items, plumber invoice attached.",0
2333.66,HEALTH,300,0,1,"Bicycle accident; broken collarbone, treated at Mercy General, X-rays and follow-up scheduled.",0
1214.66,LIFE,902,0,1,Water damage in the kitchen ceiling from a burst pipe in the upstairs bathroom on May 18.,1
2623.66,PROPERTY,395,0,0,Lightning strike damaged HVAC unit on April 3; technician assessment attached.,0
4169.76,AUTO,285,1,0,"Deer collision on the highway near exit 65; airbag deployed, vehicle towed.",0
1613.38,PROPERTY,460,1,2,"Vehicle disappeared from parking lot, no security camera footage.",0
10686.32,AUTO,784,1,0,"Minor parking lot collision at Target; both drivers exchanged details, insurance info noted.",0
2296.52,HEALTH,1269,1,2,Front-end collision when the other driver ran a red light at Main St; police report filed.,0
2369.62,AUTO,1483,0,0,"Deer collision on the highway near exit 147; airbag deployed, vehicle towed.",0
728.51,LIFE,1098,1,0,Lightning strike damaged HVAC unit on August 11; technician assessment attached.,0
2747.64,PROPERTY,1348,0,0,Water damage in the kitchen ceiling from a burst pipe in the upstairs bathroom on August 11.,0
1581.25,AUTO,796,1,0,"Burglary while on vacation; entry through the back window, electronics and jewellery taken, police report #PR-68068.",0
984.13,AUTO,613,1,0,Backyard fence damaged by neighbour's tree falling during high winds on April 3.,0
831.74,HEALTH,1229,0,0,"Items missing after recent move, exact value uncertain.",1
26154.16,PROPERTY,454,1,2,"Burglary while on vacation; entry through the back window, electronics and jewellery taken, police report #PR-15831.",0
1389.25,PROPERTY,1219,1,1,Water damage in the kitchen ceiling from a burst pipe in the upstairs bathroom on June 24.,0
421.16,AUTO,1497,0,1,Car was damaged.,1
899.45,HEALTH,585,0,2,"Kitchen fire started from an unattended pan, contained by smoke detector and extinguisher.",0
1717.17,HEALTH,950,1,0,Backyard fence damaged by neighbour's tree falling during high winds on May 18.,0
3123.37,AUTO,1172,1,0,Tree branch fell during the storm on August 11 and dented the roof above the garage.,0
3148.86,HEALTH,1175,0,0,"Kitchen fire started from an unattended pan, contained by smoke detector and extinguisher.",0
3556.79,AUTO,310,1,0,"Slipped on icy steps at the front entrance; sprained ankle, ER visit at City General.",0
948.74,AUTO,1443,0,0,"Pipe burst in basement; water damage to flooring and stored items, plumber invoice attached.",0
2541.32,HEALTH,755,1,0,"Deer collision on the highway near exit 50; airbag deployed, vehicle towed.",0
752.91,PROPERTY,63,0,0,"Burglary while on vacation; entry through the back window, electronics and jewellery taken, police report #PR-36051.",0
972.97,AUTO,178,1,1,"Side-swipe accident on highway; dashcam footage available, other driver's insurance contacted.",0
722.19,AUTO,1091,1,1,"Deer collision on the highway near exit 113; airbag deployed, vehicle towed.",0
550.93,PROPERTY,640,1,0,Tree branch fell during the storm on May 18 and dented the roof above the garage.,0
5240.7,PROPERTY,162,1,0,Rear-end collision at the intersection of Elm Blvd and Walnut Rd; minor whiplash and bumper damage.,0
3599.72,HEALTH,781,1,1,"Burglary while on vacation; entry through the back window, electronics and jewellery taken, police report #PR-86846.",0
4801.41,AUTO,899,0,1,"Kitchen fire started from an unattended pan, contained by smoke detector and extinguisher.",0
1880.54,HEALTH,120,0,0,"Kitchen fire started from an unattended pan, contained by smoke detector and extinguisher.",0
3931.62,HEALTH,525,1,0,"Cash and gold coins stolen from home safe, exact amounts approximate.",1
310.66,HEALTH,694,0,0,"Items missing after recent move, exact value uncertain.",1
4285.91,AUTO,1170,1,0,"Deer collision on the highway near exit 198; airbag deployed, vehicle towed.",0
2158.39,AUTO,977,0,1,Backyard fence damaged by neighbour's tree falling during high winds on June 24.,0
3385.0,AUTO,131,1,0,"Deer collision on the highway near exit 65; airbag deployed, vehicle towed.",0
2643.93,PROPERTY,921,1,0,Lightning strike damaged HVAC unit on August 11; technician assessment attached.,1
673.81,AUTO,1353,1,2,"Deer collision on the highway near exit 128; airbag deployed, vehicle towed.",0
404.22,AUTO,82,1,0,Rear-end collision at the intersection of Elm Blvd and Walnut Rd; minor whiplash and bumper damage.,0
887.09,HEALTH,1479,1,1,Water damage in the kitchen ceiling from a burst pipe in the upstairs bathroom on April 3.,1
3180.89,PROPERTY,143,1,2,Front-end collision when the other driver ran a red light at 5th Ave; police report filed.,0
3605.05,AUTO,934,1,0,Lightning strike damaged HVAC unit on August 11; technician assessment attached.,0
460.38,HEALTH,527,1,0,"Burglary while on vacation; entry through the back window, electronics and jewellery taken, police report #PR-50151.",0
677.83,HEALTH,1096,0,0,"Kitchen fire started from an unattended pan, contained by smoke detector and extinguisher.",0
877.23,AUTO,1264,0,0,"Bicycle accident; broken collarbone, treated at City General, X-rays and follow-up scheduled.",0
1264.83,LIFE,1277,0,0,"Minor parking lot collision at Home Depot; both drivers exchanged details, insurance info noted.",0
463.1,PROPERTY,1304,1,0,"Burglary while on vacation; entry through the back window, electronics and jewellery taken, police report #PR-24678.",0
436.13,AUTO,1224,1,1,Rear-end collision at the intersection of Pine Rd and Walnut Rd; minor whiplash and bumper damage.,0
794.86,AUTO,465,0,1,Backyard fence damaged by neighbour's tree falling during high winds on August 11.,0
1970.92,AUTO,698,1,0,Water damage in the kitchen ceiling from a burst pipe in the upstairs bathroom on July 5.,0
555.24,AUTO,1078,0,0,"Minor parking lot collision at Costco; both drivers exchanged details, insurance info noted.",0
1610.33,HEALTH,253,1,1,"Pipe burst in basement; water damage to flooring and stored items, plumber invoice attached.",0
5211.13,PROPERTY,866,1,1,Water damage in the kitchen ceiling from a burst pipe in the upstairs bathroom on May 18.,0
491.87,PROPERTY,795,1,1,"Burglary while on vacation; entry through the back window, electronics and jewellery taken, police report #PR-51060.",0
1470.79,AUTO,1475,0,0,"Bicycle accident; broken collarbone, treated at City General, X-rays and follow-up scheduled.",0
5037.96,HEALTH,75,1,0,Backyard fence damaged by neighbour's tree falling during high winds on August 11.,0
1190.03,AUTO,142,1,1,"Burglary while on vacation; entry through the back window, electronics and jewellery taken, police report #PR-21392.",0
1018.75,HEALTH,46,0,1,"Side-swipe accident on highway; dashcam footage available, other driver's insurance contacted.",0
5787.73,AUTO,822,1,1,"Side-swipe accident on highway; dashcam footage available, other driver's insurance contacted.",0
1331.15,PROPERTY,826,1,2,Rear-end collision at the intersection of Elm Blvd and Birch St; minor whiplash and bumper damage.,0
5456.13,PROPERTY,889,0,1,"Burglary while on vacation; entry through the back window, electronics and jewellery taken, police report #PR-14273.",0
2776.55,AUTO,363,1,0,Tree branch fell during the storm on July 5 and dented the roof above the garage.,0
1283.26,HEALTH,462,1,0,"Items stolen, no witnesses, cash and electronics gone.",1
2921.03,HEALTH,625,1,0,"Burglary while on vacation; entry through the back window, electronics and jewellery taken, police report #PR-52659.",0
2491.02,PROPERTY,71,1,0,"Pipe burst in basement; water damage to flooring and stored items, plumber invoice attached.",0
5018.48,HEALTH,1128,0,1,Front-end collision when the other driver ran a red light at 5th Ave; police report filed.,0
1044.88,AUTO,79,1,1,"Bicycle accident; broken collarbone, treated at St. Luke's, X-rays and follow-up scheduled.",0
1884.1,HEALTH,1000,0,1,"Burglary while on vacation; entry through the back window, electronics and jewellery taken, police report #PR-81500.",0
1700.17,AUTO,680,1,1,"Pipe burst in basement; water damage to flooring and stored items, plumber invoice attached.",0
3656.08,HEALTH,1498,1,1,"Side-swipe accident on highway; dashcam footage available, other driver's insurance contacted.",0
648.6,AUTO,1039,0,1,"Kitchen fire started from an unattended pan, contained by smoke detector and extinguisher.",0
4998.92,HEALTH,713,1,0,"Kitchen fire started from an unattended pan, contained by smoke detector and extinguisher.",0
2882.26,PROPERTY,1050,0,1,"Slipped on icy steps at the front entrance; sprained ankle, ER visit at Riverside Medical.",0
484.48,AUTO,176,1,0,"Slipped on icy steps at the front entrance; sprained ankle, ER visit at Riverside Medical.",0
6052.72,HEALTH,272,1,0,Backyard fence damaged by neighbour's tree falling during high winds on May 18.,0
16883.52,PROPERTY,748,1,0,Front-end collision when the other driver ran a red light at 5th Ave; police report filed.,0
4923.79,AUTO,1287,1,2,Water damage in the kitchen ceiling from a burst pipe in the upstairs bathroom on June 24.,0
7532.52,HEALTH,1230,1,1,"Slipped on icy steps at the front entrance; sprained ankle, ER visit at Riverside Medical.",0
1969.18,HEALTH,566,1,1,"Pipe burst in basement; water damage to flooring and stored items, plumber invoice attached.",0
343.26,AUTO,426,0,0,"Kitchen fire started from an unattended pan, contained by smoke detector and extinguisher.",0
285.97,PROPERTY,1446,1,0,Hailstorm on May 18 caused dents on the hood and cracked the windshield.,0
2333.4,HEALTH,848,0,1,Water damage in the kitchen ceiling from a burst pipe in the upstairs bathroom on March 12.,0
1000.27,HEALTH,178,0,1,Front-end collision when the other driver ran a red light at Oak Ave; police report filed.,0
724.46,AUTO,338,0,1,"Cash and gold coins stolen from home safe, exact amounts approximate.",1
1698.08,AUTO,1254,1,1,"Kitchen fire started from an unattended pan, contained by smoke detector and extinguisher.",0
3346.22,AUTO,1347,1,2,Backyard fence damaged by neighbour's tree falling during high winds on March 12.,0
422.95,PROPERTY,1362,0,1,"Bicycle accident; broken collarbone, treated at Riverside Medical, X-rays and follow-up scheduled.",0
1154.15,PROPERTY,11,0,0,"Side-swipe accident on highway; dashcam footage available, other driver's insurance contacted.",0
8183.46,PROPERTY,1234,1,0,"Damage occurred while alone, nobody saw, no police report.",1
616.9,AUTO,168,1,1,"Side-swipe accident on highway; dashcam footage available, other driver's insurance contacted.",0
4314.61,HEALTH,1213,1,0,"Stolen valuables, all cash, no inventory list.",1
1113.51,PROPERTY,1322,1,1,Front-end collision when the other driver ran a red light at Pine Rd; police report filed.,0
3120.64,HEALTH,542,1,1,"Vehicle disappeared from parking lot, no security camera footage.",0
5417.16,AUTO,291,0,0,"Kitchen fire started from an unattended pan, contained by smoke detector and extinguisher.",0
3794.4,PROPERTY,1070,1,1,Hailstorm on July 5 caused dents on the hood and cracked the windshield.,1
4487.99,AUTO,103,1,0,Hailstorm on April 3 caused dents on the hood and cracked the windshield.,0
571.58,AUTO,869,0,1,"Cash and gold coins stolen from home safe, exact amounts approximate.",1
5506.36,PROPERTY,498,1,0,Rear-end collision at the intersection of Oak Ave and Birch St; minor whiplash and bumper damage.,0
770.71,HEALTH,637,1,2,"Minor parking lot collision at Costco; both drivers exchanged details, insurance info noted.",0
2343.83,AUTO,1238,1,0,"Burglary while on vacation; entry through the back window, electronics and jewellery taken, police report #PR-90872.",0
2340.8,HEALTH,1489,1,0,"Burglary while on vacation; entry through the back window, electronics and jewellery taken, police report #PR-52450.",0
2936.94,LIFE,603,0,1,"Side-swipe accident on highway; dashcam footage available, other driver's insurance contacted.",0
2532.49,AUTO,436,1,0,"Cash and gold coins stolen from home safe, exact amounts approximate.",0
777.58,PROPERTY,1251,0,0,Backyard fence damaged by neighbour's tree falling during high winds on March 12.,0
468.78,AUTO,620,0,1,Lightning strike damaged HVAC unit on August 11; technician assessment attached.,0
4325.78,AUTO,300,1,0,"Bicycle accident; broken collarbone, treated at City General, X-rays and follow-up scheduled.",0
2177.29,HEALTH,1354,0,0,"Kitchen fire started from an unattended pan, contained by smoke detector and extinguisher.",0
5706.59,HEALTH,1487,1,0,"Pipe burst in basement; water damage to flooring and stored items, plumber invoice attached.",0
1728.95,AUTO,434,0,0,Rear-end collision at the intersection of Main St and Birch St; minor whiplash and bumper damage.,0
443.56,HEALTH,237,1,1,Front-end collision when the other driver ran a red light at Main St; police report filed.,0
4751.09,HEALTH,229,1,0,Backyard fence damaged by neighbour's tree falling during high winds on March 12.,0
1248.41,HEALTH,898,1,1,Water damage in the kitchen ceiling from a burst pipe in the upstairs bathroom on April 3.,0
2545.3,PROPERTY,465,1,1,"Bicycle accident; broken collarbone, treated at St. Luke's, X-rays and follow-up scheduled.",0
946.28,PROPERTY,935,1,3,"Minor parking lot collision at Home Depot; both drivers exchanged details, insurance info noted.",0
9360.95,HEALTH,1139,1,0,"Bicycle accident; broken collarbone, treated at City General, X-rays and follow-up scheduled.",0
752.53,HEALTH,9,1,1,"Kitchen fire started from an unattended pan, contained by smoke detector and extinguisher.",0
1290.22,HEALTH,1289,0,0,Water damage in the kitchen ceiling from a burst pipe in the upstairs bathroom on April 3.,0
2013.14,HEALTH,44,1,0,"Bicycle accident; broken collarbone, treated at St. Luke's, X-rays and follow-up scheduled.",0
606.57,AUTO,172,0,0,Lightning strike damaged HVAC unit on May 18; technician assessment attached.,0
2516.24,AUTO,1087,1,0,"Pipe burst in basement; water damage to flooring and stored items, plumber invoice attached.",0
9062.59,AUTO,932,1,0,"Side-swipe accident on highway; dashcam footage available, other driver's insurance contacted.",0
1107.14,AUTO,1467,1,1,"Deer collision on the highway near exit 98; airbag deployed, vehicle towed.",0
2684.21,LIFE,851,1,0,"Pipe burst in basement; water damage to flooring and stored items, plumber invoice attached.",0
115.65,HEALTH,626,0,0,"Cash and gold coins stolen from home safe, exact amounts approximate.",1
1739.01,HEALTH,1003,1,1,"Pipe burst in basement; water damage to flooring and stored items, plumber invoice attached.",0
1322.07,HEALTH,1143,0,1,"Kitchen fire started from an unattended pan, contained by smoke detector and extinguisher.",0
797.52,HEALTH,1006,0,1,"Burglary while on vacation; entry through the back window, electronics and jewellery taken, police report #PR-46481.",0
5331.83,HEALTH,556,1,1,"Deer collision on the highway near exit 133; airbag deployed, vehicle towed.",0
1304.74,HEALTH,1439,0,0,"Damage occurred while alone, nobody saw, no police report.",1
1514.02,PROPERTY,453,1,0,Rear-end collision at the intersection of Elm Blvd and Walnut Rd; minor whiplash and bumper damage.,0
1239.93,AUTO,520,1,1,"Kitchen fire started from an unattended pan, contained by smoke detector and extinguisher.",0
265.92,HEALTH,417,1,0,Hailstorm on March 12 caused dents on the hood and cracked the windshield.,0
582.9,HEALTH,450,0,1,"Minor parking lot collision at Home Depot; both drivers exchanged details, insurance info noted.",0
4727.22,PROPERTY,320,0,0,"Side-swipe accident on highway; dashcam footage available, other driver's insurance contacted.",0
219.21,LIFE,872,0,2,Lightning strike damaged HVAC unit on May 18; technician assessment attached.,0
840.24,PROPERTY,1093,1,0,"Broken items, unwitnessed accident at home.",0
1212.31,HEALTH,644,0,0,"Minor parking lot collision at Home Depot; both drivers exchanged details, insurance info noted.",0
10338.42,AUTO,1384,0,0,"Side-swipe accident on highway; dashcam footage available, other driver's insurance contacted.",0
3899.5,HEALTH,711,1,0,Water damage in the kitchen ceiling from a burst pipe in the upstairs bathroom on July 5.,0
1035.7,PROPERTY,701,1,0,"Pipe burst in basement; water damage to flooring and stored items, plumber invoice attached.",0
6664.26,PROPERTY,104,1,0,"Side-swipe accident on highway; dashcam footage available, other driver's insurance contacted.",0
862.2,PROPERTY,1355,0,0,Water damage in the kitchen ceiling from a burst pipe in the upstairs bathroom on June 24.,0
4959.7,AUTO,223,1,0,Water damage in the kitchen ceiling from a burst pipe in the upstairs bathroom on May 18.,0
464.57,PROPERTY,247,0,0,Front-end collision when the other driver ran a red light at 5th Ave; police report filed.,0
5288.33,PROPERTY,1403,0,0,Backyard fence damaged by neighbour's tree falling during high winds on June 24.,0
1204.56,HEALTH,779,1,0,Backyard fence damaged by neighbour's tree falling during high winds on August 11.,0
646.45,HEALTH,103,1,0,Lightning strike damaged HVAC unit on March 12; technician assessment attached.,0
1455.14,HEALTH,663,1,0,"Sudden mechanical failure, vehicle written off, no third party.",0
2385.93,HEALTH,885,0,0,"Burglary while on vacation; entry through the back window, electronics and jewellery taken, police report #PR-30402.",0
1102.41,AUTO,16,1,0,Hailstorm on May 18 caused dents on the hood and cracked the windshield.,0
3146.21,AUTO,1132,1,1,Backyard fence damaged by neighbour's tree falling during high winds on March 12.,0
1009.29,PROPERTY,1003,0,0,Tree branch fell during the storm on April 3 and dented the roof above the garage.,0
3362.27,PROPERTY,18,1,0,"Slipped on icy steps at the front entrance; sprained ankle, ER visit at St. Luke's.",0
2813.61,PROPERTY,928,0,0,Front-end collision when the other driver ran a red light at Main St; police report filed.,0
1701.18,AUTO,334,0,0,Front-end collision when the other driver ran a red light at 5th Ave; police report filed.,0
1162.84,AUTO,1101,1,0,Hailstorm on July 5 caused dents on the hood and cracked the windshield.,0
2103.88,AUTO,566,0,0,"House contents destroyed, fire of unknown origin, no smoke alarm activated.",1
3134.59,PROPERTY,304,1,2,Front-end collision when the other driver ran a red light at Oak Ave; police report filed.,0
14211.39,HEALTH,760,0,0,"Deer collision on the highway near exit 83; airbag deployed, vehicle towed.",0
4625.87,LIFE,665,1,1,"Pipe burst in basement; water damage to flooring and stored items, plumber invoice attached.",0
4798.17,AUTO,513,1,2,"Burglary while on vacation; entry through the back window, electronics and jewellery taken, police report #PR-64768.",0
39676.41,HEALTH,1317,1,0,Front-end collision when the other driver ran a red light at 5th Ave; police report filed.,0
3028.91,PROPERTY,973,1,0,Water damage in the kitchen ceiling from a burst pipe in the upstairs bathroom on July 5.,0
2935.53,AUTO,731,1,1,"Minor parking lot collision at Costco; both drivers exchanged details, insurance info noted.",0
3655.6,LIFE,340,0,1,"Total loss, no documentation available.",1
659.2,HEALTH,853,0,2,"Side-swipe accident on highway; dashcam footage available, other driver's insurance contacted.",0
1159.91,AUTO,39,1,0,"Cash and gold coins stolen from home safe, exact amounts approximate.",0
1089.89,AUTO,1327,1,0,"Slipped on icy steps at the front entrance; sprained ankle, ER visit at Mercy General.",0
3455.13,PROPERTY,3,0,1,"Vehicle stolen, no GPS data, no security footage available.",1
1519.03,HEALTH,1048,1,0,"Pipe burst in basement; water damage to flooring and stored items, plumber invoice attached.",0
2076.05,PROPERTY,518,0,1,"Bicycle accident; broken collarbone, treated at City General, X-rays and follow-up scheduled.",0
5363.94,PROPERTY,1078,0,0,"Cash and gold coins stolen from home safe, exact amounts approximate.",1
4286.18,HEALTH,543,1,1,Tree branch fell during the storm on June 24 and dented the roof above the garage.,0
1538.06,PROPERTY,40,1,1,"Broken items, unwitnessed accident at home.",0
925.2,PROPERTY,1422,1,0,"Side-swipe accident on highway; dashcam footage available, other driver's insurance contacted.",0
5626.68,AUTO,1149,0,0,Backyard fence damaged by neighbour's tree falling during high winds on July 5.,0
3920.17,PROPERTY,68,1,0,Front-end collision when the other driver ran a red light at Main St; police report filed.,0
362.76,AUTO,50,1,0,"Bicycle accident; broken collarbone, treated at Mercy General, X-rays and follow-up scheduled.",0
1321.93,AUTO,795,0,1,"Pipe burst in basement; water damage to flooring and stored items, plumber invoice attached.",0
2133.49,HEALTH,1434,1,0,Hailstorm on April 3 caused dents on the hood and cracked the windshield.,0
3939.58,PROPERTY,867,0,0,Hailstorm on June 24 caused dents on the hood and cracked the windshield.,0
4492.22,AUTO,17,0,0,Lightning strike damaged HVAC unit on June 24; technician assessment attached.,0
2401.64,HEALTH,1049,0,0,"Slipped on icy steps at the front entrance; sprained ankle, ER visit at St. Luke's.",0
3246.22,HEALTH,642,0,1,"Side-swipe accident on highway; dashcam footage available, other driver's insurance contacted.",0
1927.8,AUTO,958,0,0,"Burglary while on vacation; entry through the back window, electronics and jewellery taken, police report #PR-34356.",0
921.63,PROPERTY,526,1,0,"Deer collision on the highway near exit 24; airbag deployed, vehicle towed.",0
1392.33,PROPERTY,13,1,0,"Side-swipe accident on highway; dashcam footage available, other driver's insurance contacted.",0
1842.71,AUTO,28,0,0,"Side-swipe accident on highway; dashcam footage available, other driver's insurance contacted.",0
1746.42,AUTO,948,1,1,Tree branch fell during the storm on May 18 and dented the roof above the garage.,0
274.36,LIFE,953,0,1,Water damage in the kitchen ceiling from a burst pipe in the upstairs bathroom on June 24.,0
1215.02,AUTO,484,1,1,Front-end collision when the other driver ran a red light at 5th Ave; police report filed.,0
1912.57,AUTO,124,1,1,"Burglary while on vacation; entry through the back window, electronics and jewellery taken, police report #PR-50429.",0
1364.62,LIFE,1159,1,0,Rear-end collision at the intersection of Pine Rd and Maple Ave; minor whiplash and bumper damage.,0
1412.58,PROPERTY,227,1,1,"House contents destroyed, fire of unknown origin, no smoke alarm activated.",1
2945.37,HEALTH,283,0,0,"Damage occurred while alone, nobody saw, no police report.",0
614.64,HEALTH,679,0,0,"Kitchen fire started from an unattended pan, contained by smoke detector and extinguisher.",0
354.94,PROPERTY,1074,1,0,Backyard fence damaged by neighbour's tree falling during high winds on August 11.,0
1276.44,HEALTH,1492,1,1,"Deer collision on the highway near exit 80; airbag deployed, vehicle towed.",0
3882.03,HEALTH,938,1,0,Rear-end collision at the intersection of 5th Ave and Birch St; minor whiplash and bumper damage.,0
9774.7,PROPERTY,1440,1,0,"Cash and gold coins stolen from home safe, exact amounts approximate.",1
3952.6,HEALTH,978,0,1,Water damage in the kitchen ceiling from a burst pipe in the upstairs bathroom on April 3.,0
416.44,HEALTH,1271,1,1,"Kitchen fire started from an unattended pan, contained by smoke detector and extinguisher.",0
1433.15,AUTO,264,1,0,Backyard fence damaged by neighbour's tree falling during high winds on May 18.,0
2337.03,HEALTH,85,0,0,Water damage in the kitchen ceiling from a burst pipe in the upstairs bathroom on May 18.,0
2159.41,HEALTH,1004,0,0,"Burglary while on vacation; entry through the back window, electronics and jewellery taken, police report #PR-52748.",0
3100.46,AUTO,1462,1,1,Tree branch fell during the storm on June 24 and dented the roof above the garage.,0
722.67,HEALTH,1105,0,0,Backyard fence damaged by neighbour's tree falling during high winds on June 24.,0
1929.36,PROPERTY,515,1,0,"Side-swipe accident on highway; dashcam footage available, other driver's insurance contacted.",0
2752.66,HEALTH,734,1,1,"Bicycle accident; broken collarbone, treated at City General, X-rays and follow-up scheduled.",0
4128.51,AUTO,169,1,1,Hailstorm on May 18 caused dents on the hood and cracked the windshield.,0
807.77,AUTO,511,1,0,Tree branch fell during the storm on July 5 and dented the roof above the garage.,0
1280.29,AUTO,1024,1,0,"Pipe burst in basement; water damage to flooring and stored items, plumber invoice attached.",0
121.05,PROPERTY,250,1,0,"Slipped on icy steps at the front entrance; sprained ankle, ER visit at Mercy General.",0
971.21,HEALTH,722,1,1,Hailstorm on August 11 caused dents on the hood and cracked the windshield.,0
1070.18,AUTO,435,0,0,"Side-swipe accident on highway; dashcam footage available, other driver's insurance contacted.",0
652.24,PROPERTY,736,1,1,"Side-swipe accident on highway; dashcam footage available, other driver's insurance contacted.",0
2133.7,AUTO,1145,0,0,Rear-end collision at the intersection of 5th Ave and Cedar Lane; minor whiplash and bumper damage.,0
1709.67,AUTO,1327,0,1,Backyard fence damaged by neighbour's tree falling during high winds on March 12.,0
188.82,PROPERTY,614,1,1,"Vehicle disappeared from parking lot, no security camera footage.",0
2242.86,HEALTH,1240,0,1,"Burglary while on vacation; entry through the back window, electronics and jewellery taken, police report #PR-24992.",0
714.57,PROPERTY,1054,0,0,Tree branch fell during the storm on July 5 and dented the roof above the garage.,0
2938.6,PROPERTY,1382,0,1,Front-end collision when the other driver ran a red light at 5th Ave; police report filed.,0
501.77,PROPERTY,1110,1,0,"Deer collision on the highway near exit 127; airbag deployed, vehicle towed.",0
1863.12,AUTO,826,1,0,Front-end collision when the other driver ran a red light at Oak Ave; police report filed.,0
1362.17,PROPERTY,1011,0,0,"Pipe burst in basement; water damage to flooring and stored items, plumber invoice attached.",1
2448.18,PROPERTY,477,1,0,Rear-end collision at the intersection of Oak Ave and Walnut Rd; minor whiplash and bumper damage.,0
2048.16,AUTO,1010,0,0,Front-end collision when the other driver ran a red light at Pine Rd; police report filed.,0
1400.85,PROPERTY,1063,1,0,Tree branch fell during the storm on June 24 and dented the roof above the garage.,0
389.06,HEALTH,916,0,3,"Burglary while on vacation; entry through the back window, electronics and jewellery taken, police report #PR-91233.",0
412.73,PROPERTY,155,1,0,"Kitchen fire started from an unattended pan, contained by smoke detector and extinguisher.",0
1008.39,HEALTH,778,1,0,"Bicycle accident; broken collarbone, treated at St. Luke's, X-rays and follow-up scheduled.",0
1793.13,HEALTH,1066,1,0,Tree branch fell during the storm on May 18 and dented the roof above the garage.,0
984.12,AUTO,297,1,0,"Slipped on icy steps at the front entrance; sprained ankle, ER visit at Riverside Medical.",0
3378.58,PROPERTY,1181,0,1,"Minor parking lot collision at Target; both drivers exchanged details, insurance info noted.",0
1367.55,HEALTH,1264,1,0,Tree branch fell during the storm on March 12 and dented the roof above the garage.,0
688.83,AUTO,808,1,0,Backyard fence damaged by neighbour's tree falling during high winds on July 5.,0
1369.09,AUTO,1446,1,0,Hailstorm on August 11 caused dents on the hood and cracked the windshield.,0
2266.2,PROPERTY,1286,0,0,Rear-end collision at the intersection of Main St and Cedar Lane; minor whiplash and bumper damage.,0
2502.1,AUTO,700,0,0,Rear-end collision at the intersection of Elm Blvd and Birch St; minor whiplash and bumper damage.,0
11829.82,HEALTH,1326,0,1,"Deer collision on the highway near exit 31; airbag deployed, vehicle towed.",0
926.2,HEALTH,1399,0,0,"Side-swipe accident on highway; dashcam footage available, other driver's insurance contacted.",0
1679.95,AUTO,163,1,2,"Total loss, no documentation available.",1
2768.67,HEALTH,1496,1,0,"Pipe burst in basement; water damage to flooring and stored items, plumber invoice attached.",0
1766.18,AUTO,8,0,0,"Items stolen, no witnesses, cash and electronics gone.",1
1095.96,PROPERTY,729,1,1,Water damage in the kitchen ceiling from a burst pipe in the upstairs bathroom on June 24.,0
384.04,PROPERTY,1407,1,1,"Deer collision on the highway near exit 179; airbag deployed, vehicle towed.",0
1084.82,AUTO,1086,0,1,Front-end collision when the other driver ran a red light at Oak Ave; police report filed.,0
617.88,HEALTH,400,1,0,Front-end collision when the other driver ran a red light at Pine Rd; police report filed.,0
321.63,HEALTH,966,1,0,"Kitchen fire started from an unattended pan, contained by smoke detector and extinguisher.",0
815.92,LIFE,322,0,0,Tree branch fell during the storm on July 5 and dented the roof above the garage.,0
634.55,AUTO,356,1,0,Rear-end collision at the intersection of Elm Blvd and Birch St; minor whiplash and bumper damage.,0
3241.48,HEALTH,1367,0,0,"Deer collision on the highway near exit 72; airbag deployed, vehicle towed.",0
3298.07,PROPERTY,71,0,1,"Property damage but no witnesses, claim is for full replacement value.",1
732.25,AUTO,1443,1,0,"Property damage but no witnesses, claim is for full replacement value.",0
1393.78,HEALTH,680,1,1,"Deer collision on the highway near exit 170; airbag deployed, vehicle towed.",0
281.96,AUTO,98,1,0,Tree branch fell during the storm on May 18 and dented the roof above the garage.,0
1102.86,HEALTH,1181,0,1,"Sudden mechanical failure, vehicle written off, no third party.",1
2694.54,AUTO,73,1,0,Lightning strike damaged HVAC unit on August 11; technician assessment attached.,0
4125.48,LIFE,488,1,1,"Slipped on icy steps at the front entrance; sprained ankle, ER visit at St. Luke's.",0
886.21,HEALTH,361,1,0,Tree branch fell during the storm on July 5 and dented the roof above the garage.,0
5176.35,AUTO,1176,1,1,"Bicycle accident; broken collarbone, treated at Riverside Medical, X-rays and follow-up scheduled.",0
397.15,PROPERTY,595,1,0,"Slipped on icy steps at the front entrance; sprained ankle, ER visit at St. Luke's.",0
519.24,PROPERTY,982,1,1,"Deer collision on the highway near exit 42; airbag deployed, vehicle towed.",0
3676.3,HEALTH,109,1,0,Backyard fence damaged by neighbour's tree falling during high winds on July 5.,0
9615.4,PROPERTY,1043,1,0,Rear-end collision at the intersection of Oak Ave and Walnut Rd; minor whiplash and bumper damage.,0
2961.44,AUTO,1066,1,0,"Pipe burst in basement; water damage to flooring and stored items, plumber invoice attached.",0
1736.55,HEALTH,429,1,2,Backyard fence damaged by neighbour's tree falling during high winds on June 24.,0
201.3,AUTO,1322,1,0,Backyard fence damaged by neighbour's tree falling during high winds on July 5.,0
239.26,AUTO,705,0,0,Lightning strike damaged HVAC unit on July 5; technician assessment attached.,1
2057.83,PROPERTY,1001,0,1,Hailstorm on June 24 caused dents on the hood and cracked the windshield.,0
1263.87,PROPERTY,273,0,1,Water damage in the kitchen ceiling from a burst pipe in the upstairs bathroom on June 24.,0
598.34,AUTO,1399,1,0,"Minor parking lot collision at Costco; both drivers exchanged details, insurance info noted.",0
1930.5,AUTO,370,0,2,Hailstorm on April 3 caused dents on the hood and cracked the windshield.,0
2028.66,PROPERTY,939,0,0,"Pipe burst in basement; water damage to flooring and stored items, plumber invoice attached.",0
4649.04,AUTO,135,1,1,Backyard fence damaged by neighbour's tree falling during high winds on March 12.,0
2072.69,AUTO,68,0,1,"Total loss, no documentation available.",1
6175.8,AUTO,191,1,1,"Deer collision on the highway near exit 139; airbag deployed, vehicle towed.",0
1822.55,AUTO,1414,1,0,Backyard fence damaged by neighbour's tree falling during high winds on July 5.,0
1611.09,AUTO,316,0,0,"Slipped on icy steps at the front entrance; sprained ankle, ER visit at Mercy General.",0
5241.23,LIFE,1319,0,1,"Kitchen fire started from an unattended pan, contained by smoke detector and extinguisher.",0
679.64,AUTO,870,1,0,Hailstorm on June 24 caused dents on the hood and cracked the windshield.,0
30165.3,HEALTH,133,1,1,"Side-swipe accident on highway; dashcam footage available, other driver's insurance contacted.",0
2631.36,PROPERTY,662,1,1,"Slipped on icy steps at the front entrance; sprained ankle, ER visit at City General.",0
2646.07,HEALTH,719,0,1,"Pipe burst in basement; water damage to flooring and stored items, plumber invoice attached.",0
3056.71,PROPERTY,401,1,0,"Items stolen, no witnesses, cash and electronics gone.",1
11815.13,HEALTH,906,1,0,"Cash and gold coins stolen from home safe, exact amounts approximate.",1
3993.84,HEALTH,1291,1,0,Lightning strike damaged HVAC unit on March 12; technician assessment attached.,0
363.2,HEALTH,1325,1,1,Water damage in the kitchen ceiling from a burst pipe in the upstairs bathroom on May 18.,0
7357.46,PROPERTY,788,1,0,"Deer collision on the highway near exit 98; airbag deployed, vehicle towed.",0
1285.76,PROPERTY,1340,1,0,Water damage in the kitchen ceiling from a burst pipe in the upstairs bathroom on August 11.,0
2012.54,PROPERTY,1384,1,1,"Burglary while on vacation; entry through the back window, electronics and jewellery taken, police report #PR-36309.",0
503.08,AUTO,132,1,1,"Kitchen fire started from an unattended pan, contained by smoke detector and extinguisher.",0
3060.1,HEALTH,952,1,0,Backyard fence damaged by neighbour's tree falling during high winds on June 24.,0
942.58,PROPERTY,1160,1,0,"Pipe burst in basement; water damage to flooring and stored items, plumber invoice attached.",0
1998.53,AUTO,24,1,0,Front-end collision when the other driver ran a red light at Pine Rd; police report filed.,0
1360.9,PROPERTY,905,1,1,"Deer collision on the highway near exit 36; airbag deployed, vehicle towed.",0
12394.56,AUTO,1370,1,1,"Vehicle stolen, no GPS data, no security footage available.",1
13124.82,AUTO,403,0,1,Backyard fence damaged by neighbour's tree falling during high winds on April 3.,0
1894.13,PROPERTY,1286,1,1,Tree branch fell during the storm on April 3 and dented the roof above the garage.,0
1927.5,AUTO,1400,0,0,"Bicycle accident; broken collarbone, treated at St. Luke's, X-rays and follow-up scheduled.",0
1244.58,HEALTH,953,0,0,"Pipe burst in basement; water damage to flooring and stored items, plumber invoice attached.",0
5464.38,AUTO,944,1,0,Rear-end collision at the intersection of Elm Blvd and Walnut Rd; minor whiplash and bumper damage.,0
1301.25,PROPERTY,802,0,0,"Slipped on icy steps at the front entrance; sprained ankle, ER visit at City General.",0
1186.38,HEALTH,614,1,0,"Kitchen fire started from an unattended pan, contained by smoke detector and extinguisher.",0
4810.68,HEALTH,679,0,0,"Items stolen, no witnesses, cash and electronics gone.",1
1055.43,PROPERTY,784,0,0,Lightning strike damaged HVAC unit on March 12; technician assessment attached.,0
1741.05,HEALTH,723,0,0,"Broken items, unwitnessed accident at home.",1
371.92,PROPERTY,1239,1,2,Water damage in the kitchen ceiling from a burst pipe in the upstairs bathroom on June 24.,0
3656.24,PROPERTY,1154,1,3,Lightning strike damaged HVAC unit on March 12; technician assessment attached.,0
12592.63,HEALTH,522,0,0,"Bicycle accident; broken collarbone, treated at St. Luke's, X-rays and follow-up scheduled.",0
3719.06,LIFE,770,1,0,Water damage in the kitchen ceiling from a burst pipe in the upstairs bathroom on March 12.,0
7799.38,HEALTH,323,1,1,"Side-swipe accident on highway; dashcam footage available, other driver's insurance contacted.",0
775.8,AUTO,264,0,1,"Bicycle accident; broken collarbone, treated at City General, X-rays and follow-up scheduled.",0
2290.04,AUTO,553,0,1,"Damage occurred while alone, nobody saw, no police report.",1
704.04,HEALTH,88,0,2,"Pipe burst in basement; water damage to flooring and stored items, plumber invoice attached.",0
1439.76,AUTO,1282,0,1,"Items stolen, no witnesses, cash and electronics gone.",0
3913.59,HEALTH,190,0,0,Car was damaged.,1
2001.84,AUTO,490,1,1,Water damage in the kitchen ceiling from a burst pipe in the upstairs bathroom on May 18.,0
440.26,HEALTH,377,1,0,"Burglary while on vacation; entry through the back window, electronics and jewellery taken, police report #PR-47553.",0
485.4,AUTO,311,1,1,"Minor parking lot collision at Costco; both drivers exchanged details, insurance info noted.",0
454.34,PROPERTY,552,1,0,Water damage in the kitchen ceiling from a burst pipe in the upstairs bathroom on June 24.,0
2955.59,AUTO,1079,1,0,"Deer collision on the highway near exit 12; airbag deployed, vehicle towed.",0
14241.2,AUTO,1338,0,0,"Deer collision on the highway near exit 102; airbag deployed, vehicle towed.",0
7061.82,HEALTH,283,0,0,"Minor parking lot collision at Costco; both drivers exchanged details, insurance info noted.",0
271.51,HEALTH,359,1,0,"Burglary while on vacation; entry through the back window, electronics and jewellery taken, police report #PR-40949.",0
7488.14,HEALTH,704,0,1,"Pipe burst in basement; water damage to flooring and stored items, plumber invoice attached.",0
4611.92,HEALTH,480,0,0,Lightning strike damaged HVAC unit on June 24; technician assessment attached.,0
385.56,AUTO,1200,1,0,"Kitchen fire started from an unattended pan, contained by smoke detector and extinguisher.",0
1335.15,PROPERTY,335,0,0,Rear-end collision at the intersection of Elm Blvd and Maple Ave; minor whiplash and bumper damage.,0
5407.39,HEALTH,604,0,1,Front-end collision when the other driver ran a red light at Oak Ave; police report filed.,0
3135.15,AUTO,819,1,0,Tree branch fell during the storm on March 12 and dented the roof above the garage.,0
488.29,PROPERTY,572,0,0,"Burglary while on vacation; entry through the back window, electronics and jewellery taken, police report #PR-11289.",0
3330.05,HEALTH,926,0,0,"Pipe burst in basement; water damage to flooring and stored items, plumber invoice attached.",0
213.26,HEALTH,1199,0,0,"Pipe burst in basement; water damage to flooring and stored items, plumber invoice attached.",0
1446.9,HEALTH,798,1,0,Hailstorm on August 11 caused dents on the hood and cracked the windshield.,0
5641.79,HEALTH,685,1,0,"Minor parking lot collision at Home Depot; both drivers exchanged details, insurance info noted.",0
1841.61,HEALTH,1427,1,0,Hailstorm on July 5 caused dents on the hood and cracked the windshield.,0
1097.8,AUTO,1472,1,0,"House contents destroyed, fire of unknown origin, no smoke alarm activated.",1
4399.94,AUTO,1493,0,1,Lightning strike damaged HVAC unit on July 5; technician assessment attached.,0
4792.23,LIFE,25,0,0,"Minor parking lot collision at Home Depot; both drivers exchanged details, insurance info noted.",0
6701.19,HEALTH,1256,1,0,Rear-end collision at the intersection of 5th Ave and Birch St; minor whiplash and bumper damage.,0
4334.42,HEALTH,1348,0,0,Front-end collision when the other driver ran a red light at 5th Ave; police report filed.,0
5331.43,AUTO,1208,0,0,Tree branch fell during the storm on April 3 and dented the roof above the garage.,0
3762.76,PROPERTY,1124,1,0,Lightning strike damaged HVAC unit on May 18; technician assessment attached.,0
2357.9,AUTO,549,1,0,"Kitchen fire started from an unattended pan, contained by smoke detector and extinguisher.",0
1977.34,AUTO,1089,1,0,Rear-end collision at the intersection of Elm Blvd and Walnut Rd; minor whiplash and bumper damage.,0
1426.16,AUTO,870,1,0,Backyard fence damaged by neighbour's tree falling during high winds on May 18.,0
537.88,PROPERTY,1247,1,2,Backyard fence damaged by neighbour's tree falling during high winds on April 3.,0
695.54,HEALTH,527,1,1,Car was damaged.,0
1363.74,AUTO,1114,1,0,Backyard fence damaged by neighbour's tree falling during high winds on March 12.,0
2301.81,AUTO,1176,0,0,Lightning strike damaged HVAC unit on July 5; technician assessment attached.,0
7637.4,HEALTH,1250,1,1,"Bicycle accident; broken collarbone, treated at Mercy General, X-rays and follow-up scheduled.",0
1734.03,HEALTH,258,0,1,Rear-end collision at the intersection of Elm Blvd and Birch St; minor whiplash and bumper damage.,0
4931.88,HEALTH,1295,1,0,"Kitchen fire started from an unattended pan, contained by smoke detector and extinguisher.",0
5320.46,AUTO,325,1,0,Lightning strike damaged HVAC unit on August 11; technician assessment attached.,0
1434.47,PROPERTY,1405,1,0,Hailstorm on August 11 caused dents on the hood and cracked the windshield.,0
3277.02,PROPERTY,59,0,1,"Bicycle accident; broken collarbone, treated at Mercy General, X-rays and follow-up scheduled.",0
1417.25,HEALTH,336,1,0,"Side-swipe accident on highway; dashcam footage available, other driver's insurance contacted.",0
6782.74,AUTO,913,0,0,Lightning strike damaged HVAC unit on July 5; technician assessment attached.,0
3414.69,HEALTH,815,0,1,"Minor parking lot collision at Target; both drivers exchanged details, insurance info noted.",0
549.78,AUTO,1033,1,0,Tree branch fell during the storm on July 5 and dented the roof above the garage.,0
2124.99,AUTO,605,1,0,"Bicycle accident; broken collarbone, treated at City General, X-rays and follow-up scheduled.",0
9396.68,AUTO,6,1,0,"Total loss, no documentation available.",1
1508.35,PROPERTY,926,0,0,Car was damaged.,0
2829.1,HEALTH,766,0,0,Front-end collision when the other driver ran a red light at Oak Ave; police report filed.,0
3120.91,PROPERTY,763,1,1,Backyard fence damaged by neighbour's tree falling during high winds on July 5.,0
641.22,HEALTH,565,0,0,Front-end collision when the other driver ran a red light at Main St; police report filed.,0
3013.05,HEALTH,1335,1,0,Rear-end collision at the intersection of Elm Blvd and Walnut Rd; minor whiplash and bumper damage.,0
448.61,AUTO,1188,0,0,"Cash and gold coins stolen from home safe, exact amounts approximate.",0
967.17,HEALTH,272,0,0,Rear-end collision at the intersection of Elm Blvd and Cedar Lane; minor whiplash and bumper damage.,0
5301.38,AUTO,59,1,1,"Deer collision on the highway near exit 155; airbag deployed, vehicle towed.",0
2583.13,HEALTH,272,1,0,Rear-end collision at the intersection of 5th Ave and Maple Ave; minor whiplash and bumper damage.,0
1333.45,AUTO,73,1,0,Front-end collision when the other driver ran a red light at Main St; police report filed.,1
2825.56,AUTO,1064,0,0,"Kitchen fire started from an unattended pan, contained by smoke detector and extinguisher.",1
1702.59,HEALTH,930,0,2,"Minor parking lot collision at Target; both drivers exchanged details, insurance info noted.",0
1830.93,AUTO,695,1,2,Water damage in the kitchen ceiling from a burst pipe in the upstairs bathroom on July 5.,0
3487.07,AUTO,887,1,0,"Pipe burst in basement; water damage to flooring and stored items, plumber invoice attached.",0
873.61,LIFE,1212,0,1,Lightning strike damaged HVAC unit on March 12; technician assessment attached.,0
1882.46,AUTO,1246,0,0,"Slipped on icy steps at the front entrance; sprained ankle, ER visit at City General.",0
1323.1,AUTO,652,1,1,"Deer collision on the highway near exit 105; airbag deployed, vehicle towed.",0
370.33,AUTO,888,1,0,"Deer collision on the highway near exit 119; airbag deployed, vehicle towed.",0
720.21,AUTO,865,0,0,"Burglary while on vacation; entry through the back window, electronics and jewellery taken, police report #PR-84875.",0
8675.05,HEALTH,1424,0,0,Tree branch fell during the storm on July 5 and dented the roof above the garage.,0
2656.39,AUTO,1142,0,0,"Minor parking lot collision at Home Depot; both drivers exchanged details, insurance info noted.",0
481.26,HEALTH,472,0,0,"Side-swipe accident on highway; dashcam footage available, other driver's insurance contacted.",0
387.47,HEALTH,1330,0,0,"Deer collision on the highway near exit 181; airbag deployed, vehicle towed.",0
1616.21,AUTO,597,0,0,"Side-swipe accident on highway; dashcam footage available, other driver's insurance contacted.",0
8614.37,PROPERTY,1136,0,0,"Minor parking lot collision at Walmart; both drivers exchanged details, insurance info noted.",0
1500.03,LIFE,1466,0,0,Front-end collision when the other driver ran a red light at Elm Blvd; police report filed.,0
6680.84,AUTO,1213,1,0,Backyard fence damaged by neighbour's tree falling during high winds on June 24.,0
2570.69,AUTO,162,1,0,"Slipped on icy steps at the front entrance; sprained ankle, ER visit at St. Luke's.",0
2896.48,AUTO,309,1,1,Front-end collision when the other driver ran a red light at Elm Blvd; police report filed.,0
475.46,AUTO,1194,0,1,Rear-end collision at the intersection of Elm Blvd and Maple Ave; minor whiplash and bumper damage.,0
4617.1,HEALTH,185,1,0,"Slipped on icy steps at the front entrance; sprained ankle, ER visit at St. Luke's.",0
1293.45,HEALTH,18,1,0,Lightning strike damaged HVAC unit on July 5; technician assessment attached.,1
4285.93,HEALTH,387,1,0,Backyard fence damaged by neighbour's tree falling during high winds on June 24.,0
800.98,AUTO,730,0,0,"Pipe burst in basement; water damage to flooring and stored items, plumber invoice attached.",0
2158.24,AUTO,193,0,2,"Property damage but no witnesses, claim is for full replacement value.",0
2570.88,LIFE,230,1,1,"Side-swipe accident on highway; dashcam footage available, other driver's insurance contacted.",0
1549.93,PROPERTY,508,0,1,"Burglary while on vacation; entry through the back window, electronics and jewellery taken, police report #PR-88577.",0
2709.57,AUTO,898,0,0,Lightning strike damaged HVAC unit on July 5; technician assessment attached.,0
1385.2,HEALTH,817,0,0,"Bicycle accident; broken collarbone, treated at City General, X-rays and follow-up scheduled.",0
944.77,HEALTH,1197,1,0,"Side-swipe accident on highway; dashcam footage available, other driver's insurance contacted.",0
9004.53,HEALTH,1471,1,0,"Burglary while on vacation; entry through the back window, electronics and jewellery taken, police report #PR-24622.",0
5161.35,HEALTH,50,0,0,"Minor parking lot collision at Target; both drivers exchanged details, insurance info noted.",0
844.83,PROPERTY,1032,1,1,Water damage in the kitchen ceiling from a burst pipe in the upstairs bathroom on April 3.,0
3192.13,AUTO,246,1,1,Water damage in the kitchen ceiling from a burst pipe in the upstairs bathroom on May 18.,0
860.33,AUTO,541,0,0,"Slipped on icy steps at the front entrance; sprained ankle, ER visit at Riverside Medical.",0
552.98,LIFE,514,1,1,"Slipped on icy steps at the front entrance; sprained ankle, ER visit at St. Luke's.",0
5083.78,AUTO,1051,0,2,"Side-swipe accident on highway; dashcam footage available, other driver's insurance contacted.",0
328.95,AUTO,384,1,0,Backyard fence damaged by neighbour's tree falling during high winds on May 18.,0
4568.11,PROPERTY,1341,1,0,Backyard fence damaged by neighbour's tree falling during high winds on March 12.,0
1404.28,PROPERTY,575,1,0,Front-end collision when the other driver ran a red light at Pine Rd; police report filed.,0
1463.31,HEALTH,1222,1,2,Front-end collision when the other driver ran a red light at Elm Blvd; police report filed.,0
2723.71,PROPERTY,1427,0,2,"Side-swipe accident on highway; dashcam footage available, other driver's insurance contacted.",1
3233.11,HEALTH,766,1,0,Rear-end collision at the intersection of Main St and Birch St; minor whiplash and bumper damage.,0
791.28,AUTO,152,1,1,Water damage in the kitchen ceiling from a burst pipe in the upstairs bathroom on April 3.,0
3706.06,HEALTH,1052,1,0,"Pipe burst in basement; water damage to flooring and stored items, plumber invoice attached.",0
2025.09,PROPERTY,635,1,0,"Minor parking lot collision at Home Depot; both drivers exchanged details, insurance info noted.",0
514.89,PROPERTY,508,0,0,"Items missing after recent move, exact value uncertain.",1
1525.57,AUTO,686,0,0,Front-end collision when the other driver ran a red light at Pine Rd; police report filed.,0
7195.99,AUTO,450,0,1,Tree branch fell during the storm on May 18 and dented the roof above the garage.,0
9668.17,PROPERTY,421,1,1,Lightning strike damaged HVAC unit on May 18; technician assessment attached.,0
3704.67,AUTO,1484,1,1,"Kitchen fire started from an unattended pan, contained by smoke detector and extinguisher.",0
549.86,AUTO,418,1,0,"Minor parking lot collision at Target; both drivers exchanged details, insurance info noted.",0
2953.09,PROPERTY,688,0,0,Front-end collision when the other driver ran a red light at Main St; police report filed.,0
4233.82,HEALTH,1072,0,0,Lightning strike damaged HVAC unit on June 24; technician assessment attached.,0
3735.77,AUTO,332,0,1,Hailstorm on March 12 caused dents on the hood and cracked the windshield.,0
3963.78,AUTO,927,1,0,Tree branch fell during the storm on August 11 and dented the roof above the garage.,0
2599.99,AUTO,1343,1,2,Front-end collision when the other driver ran a red light at 5th Ave; police report filed.,0
1681.75,PROPERTY,1219,1,0,"Deer collision on the highway near exit 116; airbag deployed, vehicle towed.",0
984.01,HEALTH,43,1,0,"Slipped on icy steps at the front entrance; sprained ankle, ER visit at Mercy General.",0
270.99,AUTO,608,1,0,"Bicycle accident; broken collarbone, treated at Riverside Medical, X-rays and follow-up scheduled.",0
2539.3,AUTO,1,0,2,"Items missing after recent move, exact value uncertain.",1
2177.76,AUTO,910,0,0,Hailstorm on May 18 caused dents on the hood and cracked the windshield.,0
3157.63,AUTO,488,0,0,"Pipe burst in basement; water damage to flooring and stored items, plumber invoice attached.",0
474.59,AUTO,1340,0,0,Rear-end collision at the intersection of 5th Ave and Cedar Lane; minor whiplash and bumper damage.,0
3446.16,HEALTH,264,1,0,"Side-swipe accident on highway; dashcam footage available, other driver's insurance contacted.",0
14108.67,AUTO,1277,0,1,"Side-swipe accident on highway; dashcam footage available, other driver's insurance contacted.",0
1955.6,AUTO,514,1,1,"Sudden mechanical failure, vehicle written off, no third party.",0
1699.92,HEALTH,1380,1,0,"Kitchen fire started from an unattended pan, contained by smoke detector and extinguisher.",0
2462.67,HEALTH,300,1,1,"Side-swipe accident on highway; dashcam footage available, other driver's insurance contacted.",0
13798.8,AUTO,404,1,0,"Pipe burst in basement; water damage to flooring and stored items, plumber invoice attached.",0
649.6,AUTO,527,0,3,"Pipe burst in basement; water damage to flooring and stored items, plumber invoice attached.",0
2215.44,AUTO,1478,1,0,"Minor parking lot collision at Costco; both drivers exchanged details, insurance info noted.",0
812.68,AUTO,1101,0,0,"Stolen valuables, all cash, no inventory list.",1
1046.28,PROPERTY,1224,1,0,Rear-end collision at the intersection of Main St and Birch St; minor whiplash and bumper damage.,0
1720.57,AUTO,829,1,0,"Slipped on icy steps at the front entrance; sprained ankle, ER visit at Mercy General.",0
6955.75,PROPERTY,1192,0,1,Backyard fence damaged by neighbour's tree falling during high winds on May 18.,0
10948.86,PROPERTY,940,0,0,Water damage in the kitchen ceiling from a burst pipe in the upstairs bathroom on May 18.,0
2830.31,AUTO,1001,1,2,Rear-end collision at the intersection of Elm Blvd and Walnut Rd; minor whiplash and bumper damage.,0
1240.67,AUTO,1255,1,1,Rear-end collision at the intersection of Elm Blvd and Cedar Lane; minor whiplash and bumper damage.,0
21867.11,AUTO,1474,1,0,Lightning strike damaged HVAC unit on March 12; technician assessment attached.,0
1179.03,AUTO,864,1,0,Front-end collision when the other driver ran a red light at 5th Ave; police report filed.,0
1021.33,HEALTH,662,1,1,Rear-end collision at the intersection of 5th Ave and Maple Ave; minor whiplash and bumper damage.,0
306.45,AUTO,980,1,1,"Kitchen fire started from an unattended pan, contained by smoke detector and extinguisher.",0
7303.37,PROPERTY,1112,0,0,"Pipe burst in basement; water damage to flooring and stored items, plumber invoice attached.",0
4761.16,HEALTH,1479,1,0,"Bicycle accident; broken collarbone, treated at Mercy General, X-rays and follow-up scheduled.",0
20288.42,PROPERTY,1048,1,3,Hailstorm on July 5 caused dents on the hood and cracked the windshield.,0
450.55,PROPERTY,1431,1,0,"Kitchen fire started from an unattended pan, contained by smoke detector and extinguisher.",0
7771.13,HEALTH,1098,1,0,"Bicycle accident; broken collarbone, treated at St. Luke's, X-rays and follow-up scheduled.",0
1939.4,PROPERTY,1427,1,0,Hailstorm on April 3 caused dents on the hood and cracked the windshield.,0
4048.49,LIFE,1127,1,0,"Pipe burst in basement; water damage to flooring and stored items, plumber invoice attached.",0
348.01,AUTO,1327,1,0,"Burglary while on vacation; entry through the back window, electronics and jewellery taken, police report #PR-64183.",0
7848.53,AUTO,286,0,0,"Stolen valuables, all cash, no inventory list.",0
3969.98,AUTO,1488,1,0,Front-end collision when the other driver ran a red light at Oak Ave; police report filed.,0
1739.04,AUTO,524,0,2,"Property damage but no witnesses, claim is for full replacement value.",1
3446.49,HEALTH,1196,1,0,"Kitchen fire started from an unattended pan, contained by smoke detector and extinguisher.",0
840.93,AUTO,588,0,1,"House contents destroyed, fire of unknown origin, no smoke alarm activated.",1
1012.89,HEALTH,687,1,0,Rear-end collision at the intersection of Main St and Walnut Rd; minor whiplash and bumper damage.,0
1137.46,PROPERTY,1122,1,0,"Total loss, no documentation available.",1
283.52,AUTO,811,0,0,Lightning strike damaged HVAC unit on March 12; technician assessment attached.,0
4280.21,HEALTH,1074,1,2,Tree branch fell during the storm on August 11 and dented the roof above the garage.,0
5952.66,AUTO,119,1,1,"Bicycle accident; broken collarbone, treated at Mercy General, X-rays and follow-up scheduled.",0
896.64,PROPERTY,1250,0,0,"House contents destroyed, fire of unknown origin, no smoke alarm activated.",1
2561.13,HEALTH,613,1,1,Lightning strike damaged HVAC unit on May 18; technician assessment attached.,0
1386.39,AUTO,1182,1,1,Lightning strike damaged HVAC unit on March 12; technician assessment attached.,0
2510.59,HEALTH,429,1,0,"Deer collision on the highway near exit 186; airbag deployed, vehicle towed.",0
965.28,AUTO,894,1,0,Water damage in the kitchen ceiling from a burst pipe in the upstairs bathroom on May 18.,0
747.38,PROPERTY,882,0,0,"Side-swipe accident on highway; dashcam footage available, other driver's insurance contacted.",0
5177.49,HEALTH,210,0,0,"Burglary while on vacation; entry through the back window, electronics and jewellery taken, police report #PR-80710.",0
1696.17,HEALTH,711,0,0,"Bicycle accident; broken collarbone, treated at City General, X-rays and follow-up scheduled.",0
13658.39,HEALTH,953,1,0,"Slipped on icy steps at the front entrance; sprained ankle, ER visit at Mercy General.",0
1893.74,PROPERTY,1254,0,0,"Kitchen fire started from an unattended pan, contained by smoke detector and extinguisher.",0
716.17,PROPERTY,1330,0,1,Hailstorm on April 3 caused dents on the hood and cracked the windshield.,0
6166.83,HEALTH,577,1,0,"Minor parking lot collision at Home Depot; both drivers exchanged details, insurance info noted.",0
3397.52,PROPERTY,965,0,2,"Bicycle accident; broken collarbone, treated at Mercy General, X-rays and follow-up scheduled.",0
3740.12,HEALTH,262,1,0,"Pipe burst in basement; water damage to flooring and stored items, plumber invoice attached.",0
5946.75,PROPERTY,1343,1,0,Rear-end collision at the intersection of 5th Ave and Cedar Lane; minor whiplash and bumper damage.,0
941.25,PROPERTY,1302,0,1,"Burglary while on vacation; entry through the back window, electronics and jewellery taken, police report #PR-74325.",0
1592.0,AUTO,1498,0,0,"Bicycle accident; broken collarbone, treated at Riverside Medical, X-rays and follow-up scheduled.",0
1523.17,AUTO,729,0,1,Lightning strike damaged HVAC unit on March 12; technician assessment attached.,0
497.33,AUTO,539,1,0,"Minor parking lot collision at Walmart; both drivers exchanged details, insurance info noted.",0
1389.1,AUTO,1137,0,0,"Bicycle accident; broken collarbone, treated at Mercy General, X-rays and follow-up scheduled.",0
6880.04,AUTO,1085,1,0,"Property damage but no witnesses, claim is for full replacement value.",1
2292.36,AUTO,318,1,0,Rear-end collision at the intersection of Main St and Cedar Lane; minor whiplash and bumper damage.,0
470.57,HEALTH,810,0,0,Lightning strike damaged HVAC unit on July 5; technician assessment attached.,0
381.52,AUTO,966,1,1,"Items stolen, no witnesses, cash and electronics gone.",1
9554.58,AUTO,683,1,1,"Kitchen fire started from an unattended pan, contained by smoke detector and extinguisher.",0
1651.9,HEALTH,557,0,0,"Pipe burst in basement; water damage to flooring and stored items, plumber invoice attached.",0
946.33,AUTO,360,1,0,"Pipe burst in basement; water damage to flooring and stored items, plumber invoice attached.",0
1374.72,HEALTH,617,0,1,Tree branch fell during the storm on July 5 and dented the roof above the garage.,0
412.69,PROPERTY,369,1,0,"Slipped on icy steps at the front entrance; sprained ankle, ER visit at Riverside Medical.",0
7503.28,LIFE,451,0,0,Hailstorm on April 3 caused dents on the hood and cracked the windshield.,0
1220.42,HEALTH,278,1,1,"Deer collision on the highway near exit 93; airbag deployed, vehicle towed.",0
7096.82,AUTO,565,1,0,"Kitchen fire started from an unattended pan, contained by smoke detector and extinguisher.",0
1903.88,AUTO,947,1,0,Tree branch fell during the storm on August 11 and dented the roof above the garage.,0
7551.73,LIFE,567,1,1,Hailstorm on April 3 caused dents on the hood and cracked the windshield.,0
2337.17,HEALTH,213,0,0,"Minor parking lot collision at Target; both drivers exchanged details, insurance info noted.",0
4243.88,PROPERTY,1201,1,1,"Lost expensive jewellery, no receipt, not sure when.",1
3711.14,HEALTH,647,0,0,Water damage in the kitchen ceiling from a burst pipe in the upstairs bathroom on August 11.,0
3372.1,AUTO,876,0,0,Backyard fence damaged by neighbour's tree falling during high winds on August 11.,0
2560.44,HEALTH,785,0,1,"Kitchen fire started from an unattended pan, contained by smoke detector and extinguisher.",0
1432.46,PROPERTY,759,1,2,Front-end collision when the other driver ran a red light at Oak Ave; police report filed.,0
12276.41,PROPERTY,657,1,0,Hailstorm on June 24 caused dents on the hood and cracked the windshield.,0
730.01,AUTO,1133,0,0,"Bicycle accident; broken collarbone, treated at St. Luke's, X-rays and follow-up scheduled.",0
1815.85,HEALTH,1282,1,0,"Items missing after recent move, exact value uncertain.",0
1835.16,AUTO,1355,1,0,"Side-swipe accident on highway; dashcam footage available, other driver's insurance contacted.",0
2703.87,LIFE,665,0,0,"Kitchen fire started from an unattended pan, contained by smoke detector and extinguisher.",0
1176.77,AUTO,512,1,0,Hailstorm on May 18 caused dents on the hood and cracked the windshield.,0
2476.86,PROPERTY,125,1,0,Tree branch fell during the storm on June 24 and dented the roof above the garage.,0
1527.15,AUTO,664,1,1,"Damage occurred while alone, nobody saw, no police report.",1
371.69,HEALTH,1488,1,0,"Burglary while on vacation; entry through the back window, electronics and jewellery taken, police report #PR-85118.",1
1825.4,HEALTH,391,1,0,"Pipe burst in basement; water damage to flooring and stored items, plumber invoice attached.",0
601.5,AUTO,1267,0,1,"Bicycle accident; broken collarbone, treated at St. Luke's, X-rays and follow-up scheduled.",0
319.14,PROPERTY,1135,1,1,"Items stolen, no witnesses, cash and electronics gone.",0
2073.25,PROPERTY,990,0,0,Tree branch fell during the storm on April 3 and dented the roof above the garage.,0
2945.06,PROPERTY,848,0,1,Rear-end collision at the intersection of 5th Ave and Cedar Lane; minor whiplash and bumper damage.,0
3061.62,AUTO,1134,0,1,"Damage occurred while alone, nobody saw, no police report.",1
3188.07,PROPERTY,148,1,0,"Burglary while on vacation; entry through the back window, electronics and jewellery taken, police report #PR-72373.",0
261.76,HEALTH,193,1,0,"Burglary while on vacation; entry through the back window, electronics and jewellery taken, police report #PR-93825.",0
463.58,HEALTH,294,1,2,Backyard fence damaged by neighbour's tree falling during high winds on June 24.,0
13010.62,HEALTH,1149,0,0,"Minor parking lot collision at Home Depot; both drivers exchanged details, insurance info noted.",0
634.47,HEALTH,648,1,0,"Vehicle stolen, no GPS data, no security footage available.",1
3330.38,AUTO,312,0,1,"Pipe burst in basement; water damage to flooring and stored items, plumber invoice attached.",0
909.65,HEALTH,68,1,0,"Bicycle accident; broken collarbone, treated at Riverside Medical, X-rays and follow-up scheduled.",0
1957.99,AUTO,733,0,0,"Vehicle stolen, no GPS data, no security footage available.",1
959.82,AUTO,598,1,1,Front-end collision when the other driver ran a red light at Elm Blvd; police report filed.,0
3170.17,AUTO,267,1,1,"Pipe burst in basement; water damage to flooring and stored items, plumber invoice attached.",0
2073.05,AUTO,35,1,0,Backyard fence damaged by neighbour's tree falling during high winds on July 5.,0
1154.83,PROPERTY,1130,1,0,Rear-end collision at the intersection of Elm Blvd and Maple Ave; minor whiplash and bumper damage.,0
632.59,HEALTH,1169,1,0,"Side-swipe accident on highway; dashcam footage available, other driver's insurance contacted.",0
2363.21,AUTO,369,1,0,Front-end collision when the other driver ran a red light at Elm Blvd; police report filed.,0
537.69,PROPERTY,741,1,0,"Burglary while on vacation; entry through the back window, electronics and jewellery taken, police report #PR-59439.",0
2772.43,PROPERTY,380,1,0,Backyard fence damaged by neighbour's tree falling during high winds on March 12.,0
24996.35,PROPERTY,613,1,0,Lightning strike damaged HVAC unit on July 5; technician assessment attached.,0
6975.58,PROPERTY,164,1,1,Hailstorm on April 3 caused dents on the hood and cracked the windshield.,0
3708.37,LIFE,1419,1,0,Rear-end collision at the intersection of Main St and Cedar Lane; minor whiplash and bumper damage.,0
1659.7,HEALTH,1081,1,1,Hailstorm on June 24 caused dents on the hood and cracked the windshield.,0
260.15,LIFE,1351,1,0,Water damage in the kitchen ceiling from a burst pipe in the upstairs bathroom on July 5.,0
481.89,PROPERTY,444,0,1,"Deer collision on the highway near exit 54; airbag deployed, vehicle towed.",0
6521.06,AUTO,1309,1,0,Hailstorm on May 18 caused dents on the hood and cracked the windshield.,0
820.77,PROPERTY,777,1,3,Car was damaged.,1
898.52,PROPERTY,298,1,1,Water damage in the kitchen ceiling from a burst pipe in the upstairs bathroom on June 24.,0
1532.03,PROPERTY,499,1,0,Front-end collision when the other driver ran a red light at Main St; police report filed.,0
625.13,PROPERTY,1217,0,0,"Kitchen fire started from an unattended pan, contained by smoke detector and extinguisher.",0
530.19,AUTO,1162,1,1,"Side-swipe accident on highway; dashcam footage available, other driver's insurance contacted.",0
1719.05,HEALTH,1080,1,2,Tree branch fell during the storm on April 3 and dented the roof above the garage.,0
741.35,HEALTH,340,0,0,Tree branch fell during the storm on April 3 and dented the roof above the garage.,0
861.76,PROPERTY,971,1,1,"Pipe burst in basement; water damage to flooring and stored items, plumber invoice attached.",0
827.83,PROPERTY,1411,0,1,Lightning strike damaged HVAC unit on July 5; technician assessment attached.,0
3048.36,PROPERTY,74,1,0,Backyard fence damaged by neighbour's tree falling during high winds on June 24.,0
1433.5,PROPERTY,482,1,0,"Damage occurred while alone, nobody saw, no police report.",0
1512.36,LIFE,121,1,0,Lightning strike damaged HVAC unit on July 5; technician assessment attached.,0
3284.42,AUTO,156,0,1,"Kitchen fire started from an unattended pan, contained by smoke detector and extinguisher.",0
1568.63,LIFE,1496,0,0,"Items missing after recent move, exact value uncertain.",1
1368.88,AUTO,361,0,2,"Vehicle stolen, no GPS data, no security footage available.",0
2894.16,HEALTH,269,1,1,"Burglary while on vacation; entry through the back window, electronics and jewellery taken, police report #PR-49333.",0
3526.98,AUTO,111,1,1,Tree branch fell during the storm on May 18 and dented the roof above the garage.,0
1560.76,HEALTH,1471,1,1,"Deer collision on the highway near exit 74; airbag deployed, vehicle towed.",0
1959.82,AUTO,703,1,1,Backyard fence damaged by neighbour's tree falling during high winds on March 12.,0
827.34,AUTO,1187,0,1,Lightning strike damaged HVAC unit on July 5; technician assessment attached.,0
764.57,HEALTH,376,0,0,Backyard fence damaged by neighbour's tree falling during high winds on April 3.,0
3901.62,PROPERTY,961,1,3,Front-end collision when the other driver ran a red light at Pine Rd; police report filed.,0
2821.27,AUTO,1329,1,1,"Slipped on icy steps at the front entrance; sprained ankle, ER visit at City General.",0
2850.64,HEALTH,1007,0,1,Hailstorm on March 12 caused dents on the hood and cracked the windshield.,0
2394.32,AUTO,776,1,1,Tree branch fell during the storm on July 5 and dented the roof above the garage.,0
1893.54,AUTO,316,1,1,Lightning strike damaged HVAC unit on June 24; technician assessment attached.,0
3627.91,AUTO,350,0,2,"Sudden mechanical failure, vehicle written off, no third party.",0
4605.97,HEALTH,895,0,1,Tree branch fell during the storm on June 24 and dented the roof above the garage.,0
4497.28,PROPERTY,677,1,0,Water damage in the kitchen ceiling from a burst pipe in the upstairs bathroom on August 11.,0
1634.71,HEALTH,70,0,0,Front-end collision when the other driver ran a red light at Main St; police report filed.,0
7237.22,PROPERTY,294,1,0,"Sudden mechanical failure, vehicle written off, no third party.",0
2272.1,HEALTH,648,1,0,"Side-swipe accident on highway; dashcam footage available, other driver's insurance contacted.",0
3402.88,PROPERTY,268,1,0,Water damage in the kitchen ceiling from a burst pipe in the upstairs bathroom on July 5.,0
2397.27,LIFE,831,0,0,"Burglary while on vacation; entry through the back window, electronics and jewellery taken, police report #PR-95305.",0
2314.63,AUTO,451,0,0,"Property damage but no witnesses, claim is for full replacement value.",0
866.31,AUTO,437,1,1,"Deer collision on the highway near exit 39; airbag deployed, vehicle towed.",0
3645.87,AUTO,163,0,2,"Burglary while on vacation; entry through the back window, electronics and jewellery taken, police report #PR-95824.",0
31110.31,HEALTH,755,1,0,"Deer collision on the highway near exit 34; airbag deployed, vehicle towed.",0
1242.9,HEALTH,283,1,0,Water damage in the kitchen ceiling from a burst pipe in the upstairs bathroom on July 5.,0
1941.07,AUTO,945,1,2,"Burglary while on vacation; entry through the back window, electronics and jewellery taken, police report #PR-21870.",0
1157.24,PROPERTY,1407,1,0,Tree branch fell during the storm on August 11 and dented the roof above the garage.,1
1109.85,LIFE,1368,0,0,Lightning strike damaged HVAC unit on August 11; technician assessment attached.,0
8471.39,AUTO,1000,1,0,"Items stolen, no witnesses, cash and electronics gone.",0
922.45,AUTO,1211,1,1,"Slipped on icy steps at the front entrance; sprained ankle, ER visit at Mercy General.",0
1125.43,AUTO,1381,0,0,Front-end collision when the other driver ran a red light at Pine Rd; police report filed.,0
369.63,AUTO,1022,0,0,Front-end collision when the other driver ran a red light at Main St; police report filed.,0
847.58,PROPERTY,386,1,0,Car was damaged.,1
327.54,HEALTH,751,1,0,"Deer collision on the highway near exit 66; airbag deployed, vehicle towed.",0
3400.93,AUTO,1285,0,0,Rear-end collision at the intersection of 5th Ave and Cedar Lane; minor whiplash and bumper damage.,0
29723.62,HEALTH,1002,0,0,"Bicycle accident; broken collarbone, treated at Mercy General, X-rays and follow-up scheduled.",0
1253.03,AUTO,544,1,0,"Side-swipe accident on highway; dashcam footage available, other driver's insurance contacted.",0
341.46,HEALTH,253,1,1,"Pipe burst in basement; water damage to flooring and stored items, plumber invoice attached.",0
4447.07,HEALTH,217,1,0,"Kitchen fire started from an unattended pan, contained by smoke detector and extinguisher.",0
874.0,HEALTH,566,0,0,Hailstorm on April 3 caused dents on the hood and cracked the windshield.,0
6629.91,HEALTH,1207,0,1,"Deer collision on the highway near exit 61; airbag deployed, vehicle towed.",0
1363.72,PROPERTY,829,1,0,Water damage in the kitchen ceiling from a burst pipe in the upstairs bathroom on May 18.,0
961.2,AUTO,90,1,0,"Pipe burst in basement; water damage to flooring and stored items, plumber invoice attached.",0
1513.29,PROPERTY,1377,1,1,"Pipe burst in basement; water damage to flooring and stored items, plumber invoice attached.",0
3857.51,AUTO,607,1,1,Tree branch fell during the storm on August 11 and dented the roof above the garage.,0
1440.26,AUTO,586,1,0,Water damage in the kitchen ceiling from a burst pipe in the upstairs bathroom on June 24.,0
1100.23,PROPERTY,1229,0,0,"Stolen valuables, all cash, no inventory list.",1
1482.03,HEALTH,566,0,1,"Minor parking lot collision at Walmart; both drivers exchanged details, insurance info noted.",0
506.81,AUTO,926,0,0,"Pipe burst in basement; water damage to flooring and stored items, plumber invoice attached.",0
2689.29,HEALTH,1381,0,1,"House contents destroyed, fire of unknown origin, no smoke alarm activated.",0
302.86,PROPERTY,777,1,0,Tree branch fell during the storm on July 5 and dented the roof above the garage.,0
1159.66,PROPERTY,921,0,1,Hailstorm on July 5 caused dents on the hood and cracked the windshield.,0
3863.72,HEALTH,531,1,0,Backyard fence damaged by neighbour's tree falling during high winds on May 18.,0
2448.05,AUTO,1336,0,1,"Side-swipe accident on highway; dashcam footage available, other driver's insurance contacted.",0
3262.73,HEALTH,113,1,0,"Pipe burst in basement; water damage to flooring and stored items, plumber invoice attached.",0
1694.18,AUTO,415,0,0,"Kitchen fire started from an unattended pan, contained by smoke detector and extinguisher.",0
5824.02,AUTO,1486,0,0,"Burglary while on vacation; entry through the back window, electronics and jewellery taken, police report #PR-99345.",0
4558.27,HEALTH,726,0,0,Hailstorm on May 18 caused dents on the hood and cracked the windshield.,0
2824.65,PROPERTY,262,1,0,"Deer collision on the highway near exit 50; airbag deployed, vehicle towed.",0
4571.27,AUTO,621,1,0,Water damage in the kitchen ceiling from a burst pipe in the upstairs bathroom on April 3.,0
3829.25,PROPERTY,383,1,0,Tree branch fell during the storm on March 12 and dented the roof above the garage.,0
1165.07,PROPERTY,788,1,0,Water damage in the kitchen ceiling from a burst pipe in the upstairs bathroom on March 12.,0
471.59,PROPERTY,354,1,0,Backyard fence damaged by neighbour's tree falling during high winds on July 5.,0
2752.77,AUTO,599,1,0,Rear-end collision at the intersection of Oak Ave and Birch St; minor whiplash and bumper damage.,0
3121.56,AUTO,1362,0,1,Tree branch fell during the storm on June 24 and dented the roof above the garage.,0
5380.15,AUTO,124,0,0,Backyard fence damaged by neighbour's tree falling during high winds on August 11.,0
708.87,AUTO,1145,1,1,Water damage in the kitchen ceiling from a burst pipe in the upstairs bathroom on June 24.,0
730.38,AUTO,118,1,2,Lightning strike damaged HVAC unit on June 24; technician assessment attached.,0
2863.79,AUTO,686,1,0,Hailstorm on April 3 caused dents on the hood and cracked the windshield.,0
1683.84,AUTO,1002,1,0,Backyard fence damaged by neighbour's tree falling during high winds on May 18.,0
274.3,AUTO,1433,1,1,Lightning strike damaged HVAC unit on July 5; technician assessment attached.,0
2630.97,PROPERTY,375,0,2,Tree branch fell during the storm on March 12 and dented the roof above the garage.,0
283.6,PROPERTY,80,1,0,"Cash and gold coins stolen from home safe, exact amounts approximate.",1
702.57,AUTO,1126,1,1,"Slipped on icy steps at the front entrance; sprained ankle, ER visit at St. Luke's.",0
6986.13,PROPERTY,1340,1,0,Front-end collision when the other driver ran a red light at Elm Blvd; police report filed.,0
11213.56,AUTO,848,0,1,Water damage in the kitchen ceiling from a burst pipe in the upstairs bathroom on April 3.,0
536.11,HEALTH,91,0,1,"Damage occurred while alone, nobody saw, no police report.",1
1300.64,PROPERTY,751,0,0,"Deer collision on the highway near exit 30; airbag deployed, vehicle towed.",0
1886.77,HEALTH,587,1,1,"Minor parking lot collision at Walmart; both drivers exchanged details, insurance info noted.",0
10734.59,AUTO,677,1,0,"Vehicle stolen, no GPS data, no security footage available.",1
1104.48,AUTO,81,0,0,Backyard fence damaged by neighbour's tree falling during high winds on April 3.,0
1122.28,HEALTH,476,1,1,Backyard fence damaged by neighbour's tree falling during high winds on May 18.,0
8507.69,HEALTH,1498,1,1,Rear-end collision at the intersection of 5th Ave and Birch St; minor whiplash and bumper damage.,0
1242.91,HEALTH,69,1,0,"Side-swipe accident on highway; dashcam footage available, other driver's insurance contacted.",0
3722.69,HEALTH,1371,1,0,"Deer collision on the highway near exit 74; airbag deployed, vehicle towed.",0
412.76,AUTO,776,1,0,Rear-end collision at the intersection of Oak Ave and Maple Ave; minor whiplash and bumper damage.,0
1523.5,HEALTH,877,1,3,"Kitchen fire started from an unattended pan, contained by smoke detector and extinguisher.",0
343.92,AUTO,1400,1,2,"Side-swipe accident on highway; dashcam footage available, other driver's insurance contacted.",0
629.27,PROPERTY,327,1,1,"Pipe burst in basement; water damage to flooring and stored items, plumber invoice attached.",0
4184.75,PROPERTY,1476,0,0,"Burglary while on vacation; entry through the back window, electronics and jewellery taken, police report #PR-26585.",0
1720.03,HEALTH,415,1,0,"Kitchen fire started from an unattended pan, contained by smoke detector and extinguisher.",0
1314.08,PROPERTY,524,1,0,"Kitchen fire started from an unattended pan, contained by smoke detector and extinguisher.",0
855.13,AUTO,674,1,0,Backyard fence damaged by neighbour's tree falling during high winds on August 11.,0
1450.04,AUTO,902,1,0,Tree branch fell during the storm on June 24 and dented the roof above the garage.,0
2443.32,HEALTH,484,1,0,"Bicycle accident; broken collarbone, treated at Mercy General, X-rays and follow-up scheduled.",0
4831.52,HEALTH,1189,0,1,"Burglary while on vacation; entry through the back window, electronics and jewellery taken, police report #PR-68100.",0
130.95,PROPERTY,32,0,0,Tree branch fell during the storm on April 3 and dented the roof above the garage.,0
787.01,LIFE,1000,0,1,"Vehicle disappeared from parking lot, no security camera footage.",1
2119.84,AUTO,984,0,1,Lightning strike damaged HVAC unit on July 5; technician assessment attached.,0
1637.85,AUTO,802,0,0,"Vehicle disappeared from parking lot, no security camera footage.",1
2706.4,HEALTH,920,1,1,"Bicycle accident; broken collarbone, treated at St. Luke's, X-rays and follow-up scheduled.",0
2362.65,AUTO,1121,0,1,Front-end collision when the other driver ran a red light at 5th Ave; police report filed.,0
1332.93,AUTO,1356,1,0,Backyard fence damaged by neighbour's tree falling during high winds on May 18.,0
1067.58,LIFE,328,1,1,Lightning strike damaged HVAC unit on August 11; technician assessment attached.,0
1414.45,PROPERTY,715,0,0,Water damage in the kitchen ceiling from a burst pipe in the upstairs bathroom on April 3.,0
5702.97,LIFE,843,1,1,"Pipe burst in basement; water damage to flooring and stored items, plumber invoice attached.",0
869.56,AUTO,517,1,0,"House contents destroyed, fire of unknown origin, no smoke alarm activated.",1
1697.98,AUTO,1460,1,0,"Minor parking lot collision at Target; both drivers exchanged details, insurance info noted.",0
2171.87,HEALTH,767,1,0,"Side-swipe accident on highway; dashcam footage available, other driver's insurance contacted.",0
8607.17,PROPERTY,889,0,1,"Bicycle accident; broken collarbone, treated at Mercy General, X-rays and follow-up scheduled.",0
1339.02,AUTO,292,0,0,"Pipe burst in basement; water damage to flooring and stored items, plumber invoice attached.",0
4716.43,AUTO,624,1,0,Backyard fence damaged by neighbour's tree falling during high winds on July 5.,0
6197.98,AUTO,938,0,1,Tree branch fell during the storm on April 3 and dented the roof above the garage.,1
1696.37,PROPERTY,643,1,1,Backyard fence damaged by neighbour's tree falling during high winds on June 24.,0
1464.52,PROPERTY,1155,0,0,"Slipped on icy steps at the front entrance; sprained ankle, ER visit at St. Luke's.",0
1301.08,HEALTH,205,1,1,"Cash and gold coins stolen from home safe, exact amounts approximate.",1
1399.93,AUTO,231,1,1,Lightning strike damaged HVAC unit on April 3; technician assessment attached.,0
4248.15,PROPERTY,509,0,1,"Kitchen fire started from an unattended pan, contained by smoke detector and extinguisher.",0
2277.9,HEALTH,478,0,1,"Deer collision on the highway near exit 196; airbag deployed, vehicle towed.",0
2287.67,AUTO,1223,0,1,"Burglary while on vacation; entry through the back window, electronics and jewellery taken, police report #PR-80765.",0
586.85,AUTO,1301,1,0,Car was damaged.,1
687.12,HEALTH,708,1,0,Water damage in the kitchen ceiling from a burst pipe in the upstairs bathroom on March 12.,0
15420.4,AUTO,758,0,0,Water damage in the kitchen ceiling from a burst pipe in the upstairs bathroom on April 3.,0
1513.49,LIFE,442,1,1,Lightning strike damaged HVAC unit on July 5; technician assessment attached.,0
833.16,HEALTH,798,0,0,"Broken items, unwitnessed accident at home.",0
7563.57,AUTO,1059,1,1,Rear-end collision at the intersection of Pine Rd and Birch St; minor whiplash and bumper damage.,1
2396.61,HEALTH,1083,1,1,Backyard fence damaged by neighbour's tree falling during high winds on June 24.,0
3223.28,HEALTH,1453,1,0,Front-end collision when the other driver ran a red light at Elm Blvd; police report filed.,0
1574.91,AUTO,867,1,0,"Minor parking lot collision at Target; both drivers exchanged details, insurance info noted.",0
1314.65,HEALTH,511,0,0,"Lost expensive jewellery, no receipt, not sure when.",1
1526.01,AUTO,105,0,0,Tree branch fell during the storm on August 11 and dented the roof above the garage.,0
453.62,AUTO,1032,1,1,Water damage in the kitchen ceiling from a burst pipe in the upstairs bathroom on July 5.,0
1655.85,PROPERTY,1206,0,1,"Deer collision on the highway near exit 103; airbag deployed, vehicle towed.",0
2430.94,HEALTH,829,0,1,"Side-swipe accident on highway; dashcam footage available, other driver's insurance contacted.",0
11504.15,AUTO,1384,0,0,Lightning strike damaged HVAC unit on March 12; technician assessment attached.,0
1970.41,AUTO,476,1,0,"Pipe burst in basement; water damage to flooring and stored items, plumber invoice attached.",0
175.18,HEALTH,80,1,0,Water damage in the kitchen ceiling from a burst pipe in the upstairs bathroom on May 18.,0
1645.85,AUTO,950,1,0,"Cash and gold coins stolen from home safe, exact amounts approximate.",0
27987.24,PROPERTY,182,0,0,Rear-end collision at the intersection of Main St and Maple Ave; minor whiplash and bumper damage.,0
4299.98,HEALTH,127,0,0,"Burglary while on vacation; entry through the back window, electronics and jewellery taken, police report #PR-83128.",0
803.61,PROPERTY,1053,0,1,Backyard fence damaged by neighbour's tree falling during high winds on May 18.,0
3265.3,AUTO,652,1,0,Backyard fence damaged by neighbour's tree falling during high winds on March 12.,0
860.91,PROPERTY,907,0,0,"Side-swipe accident on highway; dashcam footage available, other driver's insurance contacted.",0
466.94,AUTO,1121,1,0,Tree branch fell during the storm on March 12 and dented the roof above the garage.,0
1276.19,AUTO,574,1,0,Tree branch fell during the storm on April 3 and dented the roof above the garage.,0
1981.34,AUTO,917,1,1,"Minor parking lot collision at Home Depot; both drivers exchanged details, insurance info noted.",0
278.06,AUTO,809,1,1,Front-end collision when the other driver ran a red light at 5th Ave; police report filed.,0
572.97,PROPERTY,870,1,0,"Cash and gold coins stolen from home safe, exact amounts approximate.",0
1826.83,PROPERTY,1055,1,1,"Pipe burst in basement; water damage to flooring and stored items, plumber invoice attached.",0
1202.1,HEALTH,571,0,0,Hailstorm on July 5 caused dents on the hood and cracked the windshield.,0
2683.32,HEALTH,757,1,0,Tree branch fell during the storm on July 5 and dented the roof above the garage.,0
536.64,HEALTH,887,1,1,"Kitchen fire started from an unattended pan, contained by smoke detector and extinguisher.",0
3692.7,HEALTH,211,1,1,"Deer collision on the highway near exit 141; airbag deployed, vehicle towed.",0
553.49,PROPERTY,318,0,1,Lightning strike damaged HVAC unit on July 5; technician assessment attached.,0
9346.29,HEALTH,135,1,1,Hailstorm on July 5 caused dents on the hood and cracked the windshield.,0
325.14,PROPERTY,297,1,1,"Kitchen fire started from an unattended pan, contained by smoke detector and extinguisher.",0
606.34,AUTO,658,1,2,"Side-swipe accident on highway; dashcam footage available, other driver's insurance contacted.",0
2744.55,LIFE,1406,1,0,"Kitchen fire started from an unattended pan, contained by smoke detector and extinguisher.",0
9549.4,AUTO,1384,1,0,"Minor parking lot collision at Costco; both drivers exchanged details, insurance info noted.",0
2477.59,AUTO,1144,0,2,"Property damage but no witnesses, claim is for full replacement value.",0
3174.35,PROPERTY,837,1,0,"Bicycle accident; broken collarbone, treated at Mercy General, X-rays and follow-up scheduled.",0
1840.03,AUTO,304,0,0,"Stolen valuables, all cash, no inventory list.",1
647.81,AUTO,537,1,0,"Deer collision on the highway near exit 22; airbag deployed, vehicle towed.",0
1107.5,AUTO,1149,1,0,Hailstorm on August 11 caused dents on the hood and cracked the windshield.,0
538.12,HEALTH,1363,0,1,"Lost expensive jewellery, no receipt, not sure when.",1
503.35,PROPERTY,1443,0,2,Front-end collision when the other driver ran a red light at Pine Rd; police report filed.,0
2702.0,PROPERTY,583,1,0,"Bicycle accident; broken collarbone, treated at City General, X-rays and follow-up scheduled.",0
588.06,HEALTH,730,1,0,"Slipped on icy steps at the front entrance; sprained ankle, ER visit at City General.",0
2488.8,LIFE,764,1,0,"Slipped on icy steps at the front entrance; sprained ankle, ER visit at Riverside Medical.",0
491.85,HEALTH,85,0,1,"Broken items, unwitnessed accident at home.",1
2431.79,PROPERTY,175,1,0,"Side-swipe accident on highway; dashcam footage available, other driver's insurance contacted.",0
1109.11,AUTO,68,0,1,Lightning strike damaged HVAC unit on August 11; technician assessment attached.,0
7380.64,HEALTH,1106,0,0,"Damage occurred while alone, nobody saw, no police report.",1
2499.18,AUTO,337,1,1,"Burglary while on vacation; entry through the back window, electronics and jewellery taken, police report #PR-68319.",0
6221.6,AUTO,1050,1,0,Tree branch fell during the storm on March 12 and dented the roof above the garage.,0
849.25,PROPERTY,563,1,0,"Deer collision on the highway near exit 96; airbag deployed, vehicle towed.",0
1912.46,AUTO,1191,0,0,"Slipped on icy steps at the front entrance; sprained ankle, ER visit at St. Luke's.",0
677.84,HEALTH,174,0,0,"Minor parking lot collision at Walmart; both drivers exchanged details, insurance info noted.",0
1195.59,HEALTH,488,1,1,"Side-swipe accident on highway; dashcam footage available, other driver's insurance contacted.",0
1391.16,AUTO,308,0,0,"Burglary while on vacation; entry through the back window, electronics and jewellery taken, police report #PR-15469.",0
874.93,HEALTH,654,0,0,Backyard fence damaged by neighbour's tree falling during high winds on April 3.,0
536.19,HEALTH,843,0,0,Backyard fence damaged by neighbour's tree falling during high winds on August 11.,0
439.87,PROPERTY,253,0,2,"Vehicle disappeared from parking lot, no security camera footage.",1
174.21,AUTO,1000,1,0,"Vehicle stolen, no GPS data, no security footage available.",1
628.7,LIFE,1446,0,0,"Vehicle stolen, no GPS data, no security footage available.",1
3386.3,PROPERTY,65,1,2,Water damage in the kitchen ceiling from a burst pipe in the upstairs bathroom on August 11.,0
365.59,HEALTH,130,1,0,"Kitchen fire started from an unattended pan, contained by smoke detector and extinguisher.",0
460.3,AUTO,1428,1,0,"Vehicle stolen, no GPS data, no security footage available.",0
10838.92,PROPERTY,973,1,0,"Kitchen fire started from an unattended pan, contained by smoke detector and extinguisher.",0
956.71,PROPERTY,1379,1,0,"Minor parking lot collision at Target; both drivers exchanged details, insurance info noted.",0
2492.51,AUTO,1058,1,0,Front-end collision when the other driver ran a red light at Main St; police report filed.,0
3436.87,LIFE,1076,0,0,"Damage occurred while alone, nobody saw, no police report.",0
3507.03,PROPERTY,237,1,0,Front-end collision when the other driver ran a red light at Pine Rd; police report filed.,0
394.53,HEALTH,768,0,0,"Vehicle stolen, no GPS data, no security footage available.",0
1435.03,PROPERTY,548,1,0,"Deer collision on the highway near exit 86; airbag deployed, vehicle towed.",0
358.44,HEALTH,1250,1,0,Hailstorm on April 3 caused dents on the hood and cracked the windshield.,0
20875.22,PROPERTY,65,0,0,"Items missing after recent move, exact value uncertain.",1
366.91,PROPERTY,28,0,0,"Side-swipe accident on highway; dashcam footage available, other driver's insurance contacted.",0
634.07,AUTO,835,0,1,"Kitchen fire started from an unattended pan, contained by smoke detector and extinguisher.",0
638.68,AUTO,1455,0,1,"Pipe burst in basement; water damage to flooring and stored items, plumber invoice attached.",0
404.78,AUTO,1492,1,1,Water damage in the kitchen ceiling from a burst pipe in the upstairs bathroom on March 12.,0
6992.5,PROPERTY,890,0,2,"Vehicle stolen, no GPS data, no security footage available.",0
20382.82,AUTO,645,1,2,"Items stolen, no witnesses, cash and electronics gone.",0
1123.55,PROPERTY,410,1,0,Tree branch fell during the storm on July 5 and dented the roof above the garage.,0
482.79,HEALTH,1485,0,0,Backyard fence damaged by neighbour's tree falling during high winds on March 12.,0
193.07,AUTO,275,0,3,"Sudden mechanical failure, vehicle written off, no third party.",1
1416.42,PROPERTY,190,1,2,Tree branch fell during the storm on May 18 and dented the roof above the garage.,0
1317.69,HEALTH,763,1,1,Backyard fence damaged by neighbour's tree falling during high winds on July 5.,0
942.66,AUTO,589,0,1,"Minor parking lot collision at Target; both drivers exchanged details, insurance info noted.",0
2256.06,AUTO,744,0,0,"Side-swipe accident on highway; dashcam footage available, other driver's insurance contacted.",0
2684.29,AUTO,1353,1,0,"Bicycle accident; broken collarbone, treated at St. Luke's, X-rays and follow-up scheduled.",0
2497.59,AUTO,405,1,1,Tree branch fell during the storm on May 18 and dented the roof above the garage.,0
1318.01,AUTO,1315,0,0,"Pipe burst in basement; water damage to flooring and stored items, plumber invoice attached.",0
600.87,HEALTH,318,1,1,"Minor parking lot collision at Home Depot; both drivers exchanged details, insurance info noted.",0
3518.65,AUTO,486,1,1,"Bicycle accident; broken collarbone, treated at Riverside Medical, X-rays and follow-up scheduled.",0
1830.81,AUTO,7,1,0,"Pipe burst in basement; water damage to flooring and stored items, plumber invoice attached.",0
4395.59,AUTO,1018,0,0,"Kitchen fire started from an unattended pan, contained by smoke detector and extinguisher.",0
3984.14,HEALTH,1287,1,0,Lightning strike damaged HVAC unit on April 3; technician assessment attached.,0
436.26,LIFE,1329,0,1,Front-end collision when the other driver ran a red light at Main St; police report filed.,0
430.86,AUTO,252,1,0,"Side-swipe accident on highway; dashcam footage available, other driver's insurance contacted.",0
849.34,AUTO,1150,0,1,"Side-swipe accident on highway; dashcam footage available, other driver's insurance contacted.",0
628.75,HEALTH,212,1,0,"Pipe burst in basement; water damage to flooring and stored items, plumber invoice attached.",0
3847.78,PROPERTY,943,1,0,"Pipe burst in basement; water damage to flooring and stored items, plumber invoice attached.",0
2569.1,PROPERTY,1053,1,0,"Deer collision on the highway near exit 168; airbag deployed, vehicle towed.",0
5427.23,PROPERTY,229,1,0,"Bicycle accident; broken collarbone, treated at City General, X-rays and follow-up scheduled.",0
2687.82,PROPERTY,166,0,3,Water damage in the kitchen ceiling from a burst pipe in the upstairs bathroom on July 5.,0
2227.53,HEALTH,110,0,0,Front-end collision when the other driver ran a red light at Oak Ave; police report filed.,0
6001.29,LIFE,1062,1,1,"Minor parking lot collision at Walmart; both drivers exchanged details, insurance info noted.",0
2892.07,AUTO,922,0,0,"Slipped on icy steps at the front entrance; sprained ankle, ER visit at Mercy General.",0
1935.46,PROPERTY,179,0,0,"Kitchen fire started from an unattended pan, contained by smoke detector and extinguisher.",0
7946.23,PROPERTY,750,1,0,"Minor parking lot collision at Home Depot; both drivers exchanged details, insurance info noted.",0
2028.76,PROPERTY,1193,0,0,"Slipped on icy steps at the front entrance; sprained ankle, ER visit at City General.",0
1333.63,HEALTH,357,0,0,Water damage in the kitchen ceiling from a burst pipe in the upstairs bathroom on March 12.,0
782.25,PROPERTY,908,1,0,"Vehicle stolen, no GPS data, no security footage available.",0
3651.98,AUTO,439,1,0,"Lost expensive jewellery, no receipt, not sure when.",1
6229.49,HEALTH,392,1,0,Lightning strike damaged HVAC unit on June 24; technician assessment attached.,0
1718.85,AUTO,588,0,0,"Pipe burst in basement; water damage to flooring and stored items, plumber invoice attached.",0
6686.97,HEALTH,528,1,0,"Side-swipe accident on highway; dashcam footage available, other driver's insurance contacted.",0
252.14,HEALTH,743,1,0,"Vehicle disappeared from parking lot, no security camera footage.",1
1710.51,AUTO,308,0,0,"Damage occurred while alone, nobody saw, no police report.",1
1736.98,AUTO,585,1,0,Front-end collision when the other driver ran a red light at Oak Ave; police report filed.,0
873.93,AUTO,933,1,1,"Burglary while on vacation; entry through the back window, electronics and jewellery taken, police report #PR-87665.",0
19611.3,HEALTH,581,1,0,Hailstorm on May 18 caused dents on the hood and cracked the windshield.,0
1692.24,HEALTH,984,0,0,"Kitchen fire started from an unattended pan, contained by smoke detector and extinguisher.",0
1202.63,PROPERTY,174,1,1,Lightning strike damaged HVAC unit on April 3; technician assessment attached.,0
1855.6,AUTO,207,0,0,Water damage in the kitchen ceiling from a burst pipe in the upstairs bathroom on August 11.,0
244.0,PROPERTY,1298,0,0,Tree branch fell during the storm on July 5 and dented the roof above the garage.,0
845.67,HEALTH,693,0,1,Tree branch fell during the storm on May 18 and dented the roof above the garage.,0
4833.08,AUTO,914,1,2,"Property damage but no witnesses, claim is for full replacement value.",0
963.96,AUTO,1109,0,0,Backyard fence damaged by neighbour's tree falling during high winds on June 24.,0
789.28,HEALTH,220,1,0,Hailstorm on August 11 caused dents on the hood and cracked the windshield.,0
6697.74,AUTO,1458,1,0,Lightning strike damaged HVAC unit on April 3; technician assessment attached.,0
6906.75,AUTO,636,0,0,"Slipped on icy steps at the front entrance; sprained ankle, ER visit at Riverside Medical.",0
3032.04,AUTO,1334,1,0,Lightning strike damaged HVAC unit on March 12; technician assessment attached.,0
1146.97,AUTO,625,1,1,Hailstorm on August 11 caused dents on the hood and cracked the windshield.,0
1423.01,AUTO,608,0,1,"Pipe burst in basement; water damage to flooring and stored items, plumber invoice attached.",0
809.04,AUTO,901,1,3,"Burglary while on vacation; entry through the back window, electronics and jewellery taken, police report #PR-10300.",0
668.63,PROPERTY,287,1,0,Front-end collision when the other driver ran a red light at Oak Ave; police report filed.,0
636.24,HEALTH,913,1,1,Water damage in the kitchen ceiling from a burst pipe in the upstairs bathroom on March 12.,0
974.52,HEALTH,1474,1,1,Tree branch fell during the storm on May 18 and dented the roof above the garage.,0
642.44,HEALTH,968,1,0,Rear-end collision at the intersection of Pine Rd and Maple Ave; minor whiplash and bumper damage.,0
378.53,HEALTH,106,1,0,Rear-end collision at the intersection of Pine Rd and Maple Ave; minor whiplash and bumper damage.,0
2251.61,AUTO,1047,0,0,"Bicycle accident; broken collarbone, treated at Mercy General, X-rays and follow-up scheduled.",0
2286.08,AUTO,51,0,0,"Fire damage, unknown cause, total loss.",1
9904.98,AUTO,155,1,1,"Pipe burst in basement; water damage to flooring and stored items, plumber invoice attached.",0
926.73,HEALTH,427,0,0,Car was damaged.,0
2431.1,HEALTH,458,0,0,"Total loss, no documentation available.",0
2471.83,AUTO,6,0,0,"Pipe burst in basement; water damage to flooring and stored items, plumber invoice attached.",0
1402.71,HEALTH,27,1,0,"Minor parking lot collision at Walmart; both drivers exchanged details, insurance info noted.",0
3806.0,LIFE,1184,1,2,Backyard fence damaged by neighbour's tree falling during high winds on July 5.,0
3925.42,AUTO,682,0,0,Water damage in the kitchen ceiling from a burst pipe in the upstairs bathroom on June 24.,0
2508.43,HEALTH,300,0,1,"Property damage but no witnesses, claim is for full replacement value.",0
1400.19,HEALTH,644,0,1,Tree branch fell during the storm on June 24 and dented the roof above the garage.,0
1264.55,PROPERTY,1039,0,1,Lightning strike damaged HVAC unit on July 5; technician assessment attached.,0
460.47,PROPERTY,1101,1,2,Hailstorm on May 18 caused dents on the hood and cracked the windshield.,0
807.61,PROPERTY,432,0,0,"Slipped on icy steps at the front entrance; sprained ankle, ER visit at City General.",0
970.68,AUTO,251,1,0,"Lost expensive jewellery, no receipt, not sure when.",0
587.59,HEALTH,1439,0,0,"Fire damage, unknown cause, total loss.",1
2807.15,PROPERTY,947,0,1,Rear-end collision at the intersection of Oak Ave and Maple Ave; minor whiplash and bumper damage.,0
5982.7,AUTO,1474,1,0,"Deer collision on the highway near exit 90; airbag deployed, vehicle towed.",0
729.19,LIFE,460,0,0,"Pipe burst in basement; water damage to flooring and stored items, plumber invoice attached.",0
2400.52,AUTO,167,0,0,"Bicycle accident; broken collarbone, treated at City General, X-rays and follow-up scheduled.",0
642.84,HEALTH,573,0,1,Hailstorm on August 11 caused dents on the hood and cracked the windshield.,0
1332.85,HEALTH,492,1,1,"Kitchen fire started from an unattended pan, contained by smoke detector and extinguisher.",0
906.57,HEALTH,1079,0,1,"Burglary while on vacation; entry through the back window, electronics and jewellery taken, police report #PR-66501.",0
3300.72,PROPERTY,1074,1,0,Hailstorm on June 24 caused dents on the hood and cracked the windshield.,0
917.1,AUTO,108,1,0,Front-end collision when the other driver ran a red light at Main St; police report filed.,0
4972.41,HEALTH,882,1,2,"Minor parking lot collision at Walmart; both drivers exchanged details, insurance info noted.",0
1414.14,HEALTH,514,1,0,Tree branch fell during the storm on June 24 and dented the roof above the garage.,0
944.26,PROPERTY,922,1,0,Front-end collision when the other driver ran a red light at Oak Ave; police report filed.,0
516.3,HEALTH,587,1,0,"Bicycle accident; broken collarbone, treated at Riverside Medical, X-rays and follow-up scheduled.",0
2329.02,LIFE,806,1,1,"Kitchen fire started from an unattended pan, contained by smoke detector and extinguisher.",0
4425.85,PROPERTY,1073,1,1,"Deer collision on the highway near exit 32; airbag deployed, vehicle towed.",0
2376.35,AUTO,440,1,0,"Broken items, unwitnessed accident at home.",1
16963.71,PROPERTY,299,0,0,"Slipped on icy steps at the front entrance; sprained ankle, ER visit at Mercy General.",0
7553.66,LIFE,1059,1,2,"Bicycle accident; broken collarbone, treated at St. Luke's, X-rays and follow-up scheduled.",0
1329.39,AUTO,1421,0,1,Lightning strike damaged HVAC unit on May 18; technician assessment attached.,0
1315.5,HEALTH,666,1,0,Water damage in the kitchen ceiling from a burst pipe in the upstairs bathroom on April 3.,0
2891.98,AUTO,1496,0,0,"Side-swipe accident on highway; dashcam footage available, other driver's insurance contacted.",0
782.1,HEALTH,278,0,0,"Minor parking lot collision at Costco; both drivers exchanged details, insurance info noted.",0
5803.92,AUTO,1228,0,1,Water damage in the kitchen ceiling from a burst pipe in the upstairs bathroom on March 12.,0
2595.67,PROPERTY,1482,0,0,"Deer collision on the highway near exit 61; airbag deployed, vehicle towed.",0
2336.62,HEALTH,450,0,0,"Pipe burst in basement; water damage to flooring and stored items, plumber invoice attached.",0
3593.76,HEALTH,222,0,1,"Pipe burst in basement; water damage to flooring and stored items, plumber invoice attached.",0
10125.68,AUTO,996,1,1,Lightning strike damaged HVAC unit on May 18; technician assessment attached.,0
2145.13,HEALTH,1304,1,1,"Bicycle accident; broken collarbone, treated at Mercy General, X-rays and follow-up scheduled.",0
1614.79,HEALTH,125,1,0,Rear-end collision at the intersection of 5th Ave and Maple Ave; minor whiplash and bumper damage.,0
8174.05,HEALTH,961,1,1,"Slipped on icy steps at the front entrance; sprained ankle, ER visit at St. Luke's.",0
4757.85,AUTO,1307,0,0,Tree branch fell during the storm on June 24 and dented the roof above the garage.,0
1311.62,AUTO,48,1,1,"Pipe burst in basement; water damage to flooring and stored items, plumber invoice attached.",0
1817.44,HEALTH,774,1,0,"Side-swipe accident on highway; dashcam footage available, other driver's insurance contacted.",0
2198.17,PROPERTY,116,0,1,"Lost expensive jewellery, no receipt, not sure when.",1
2596.22,AUTO,265,1,0,"Bicycle accident; broken collarbone, treated at Mercy General, X-rays and follow-up scheduled.",0
465.63,HEALTH,730,1,0,"Slipped on icy steps at the front entrance; sprained ankle, ER visit at City General.",0
386.65,AUTO,491,1,0,Backyard fence damaged by neighbour's tree falling during high winds on March 12.,0
744.42,PROPERTY,128,0,0,"Minor parking lot collision at Target; both drivers exchanged details, insurance info noted.",0
689.01,AUTO,1201,1,0,Water damage in the kitchen ceiling from a burst pipe in the upstairs bathroom on April 3.,0
949.73,HEALTH,305,0,0,Lightning strike damaged HVAC unit on May 18; technician assessment attached.,0
3410.83,AUTO,1305,1,1,Backyard fence damaged by neighbour's tree falling during high winds on April 3.,0
1527.02,AUTO,265,1,0,Front-end collision when the other driver ran a red light at Oak Ave; police report filed.,0
2200.4,AUTO,780,0,1,"House contents destroyed, fire of unknown origin, no smoke alarm activated.",1
531.5,AUTO,1090,1,1,"Burglary while on vacation; entry through the back window, electronics and jewellery taken, police report #PR-73718.",0
1139.51,HEALTH,720,1,1,Tree branch fell during the storm on March 12 and dented the roof above the garage.,0
3252.76,LIFE,626,1,0,Lightning strike damaged HVAC unit on April 3; technician assessment attached.,0
3277.88,HEALTH,1126,0,0,"Deer collision on the highway near exit 61; airbag deployed, vehicle towed.",0
876.05,PROPERTY,18,1,0,"Kitchen fire started from an unattended pan, contained by smoke detector and extinguisher.",0
2125.29,HEALTH,1239,1,1,Backyard fence damaged by neighbour's tree falling during high winds on July 5.,0
16298.82,AUTO,1035,0,0,Backyard fence damaged by neighbour's tree falling during high winds on August 11.,0
1776.5,AUTO,1147,1,0,"Minor parking lot collision at Walmart; both drivers exchanged details, insurance info noted.",0
903.99,HEALTH,632,1,1,"Pipe burst in basement; water damage to flooring and stored items, plumber invoice attached.",0
1519.65,AUTO,577,0,0,"Burglary while on vacation; entry through the back window, electronics and jewellery taken, police report #PR-66457.",0
1982.63,PROPERTY,858,1,1,"Burglary while on vacation; entry through the back window, electronics and jewellery taken, police report #PR-70985.",0
1554.38,HEALTH,963,0,0,Rear-end collision at the intersection of Pine Rd and Walnut Rd; minor whiplash and bumper damage.,0
1752.23,HEALTH,1387,1,0,"Side-swipe accident on highway; dashcam footage available, other driver's insurance contacted.",0
426.9,HEALTH,1286,1,0,"Side-swipe accident on highway; dashcam footage available, other driver's insurance contacted.",0
690.47,AUTO,81,0,0,Tree branch fell during the storm on April 3 and dented the roof above the garage.,0
1557.23,HEALTH,228,1,0,"Burglary while on vacation; entry through the back window, electronics and jewellery taken, police report #PR-54381.",0
1532.62,AUTO,1419,1,0,"Pipe burst in basement; water damage to flooring and stored items, plumber invoice attached.",0
1026.4,AUTO,582,1,1,"Pipe burst in basement; water damage to flooring and stored items, plumber invoice attached.",0
1514.72,AUTO,870,1,0,Lightning strike damaged HVAC unit on June 24; technician assessment attached.,0
1921.79,AUTO,85,1,2,"Broken items, unwitnessed accident at home.",0
4400.24,HEALTH,157,1,0,"Burglary while on vacation; entry through the back window, electronics and jewellery taken, police report #PR-58027.",0
1637.27,AUTO,613,0,0,Lightning strike damaged HVAC unit on April 3; technician assessment attached.,0
2694.86,AUTO,1076,0,2,Water damage in the kitchen ceiling from a burst pipe in the upstairs bathroom on April 3.,0
1051.95,PROPERTY,1158,1,0,Front-end collision when the other driver ran a red light at Elm Blvd; police report filed.,0
3203.81,LIFE,1342,1,0,"Property damage but no witnesses, claim is for full replacement value.",0
2632.61,HEALTH,296,1,1,Front-end collision when the other driver ran a red light at Elm Blvd; police report filed.,0
4297.62,HEALTH,303,0,0,"Pipe burst in basement; water damage to flooring and stored items, plumber invoice attached.",0
3690.29,PROPERTY,813,1,0,"Minor parking lot collision at Costco; both drivers exchanged details, insurance info noted.",0
3257.57,AUTO,820,0,2,"Burglary while on vacation; entry through the back window, electronics and jewellery taken, police report #PR-99038.",0
1638.58,HEALTH,55,0,1,Lightning strike damaged HVAC unit on May 18; technician assessment attached.,0
2309.85,AUTO,671,1,1,"Side-swipe accident on highway; dashcam footage available, other driver's insurance contacted.",0
5237.03,HEALTH,1346,0,0,"Kitchen fire started from an unattended pan, contained by smoke detector and extinguisher.",0
941.92,LIFE,246,1,0,Tree branch fell during the storm on August 11 and dented the roof above the garage.,0
964.48,PROPERTY,1230,1,0,"Bicycle accident; broken collarbone, treated at St. Luke's, X-rays and follow-up scheduled.",0
2167.72,LIFE,671,1,1,"Deer collision on the highway near exit 177; airbag deployed, vehicle towed.",0
2738.81,PROPERTY,787,1,0,Lightning strike damaged HVAC unit on August 11; technician assessment attached.,0
793.06,HEALTH,962,0,0,"Property damage but no witnesses, claim is for full replacement value.",1
1677.8,PROPERTY,1058,1,0,Lightning strike damaged HVAC unit on June 24; technician assessment attached.,0
1645.83,HEALTH,956,1,0,Hailstorm on June 24 caused dents on the hood and cracked the windshield.,1
197.3,HEALTH,156,0,1,"Bicycle accident; broken collarbone, treated at St. Luke's, X-rays and follow-up scheduled.",0
1451.58,AUTO,443,1,0,"Bicycle accident; broken collarbone, treated at City General, X-rays and follow-up scheduled.",0
1544.85,HEALTH,1267,1,0,Front-end collision when the other driver ran a red light at Elm Blvd; police report filed.,0
1540.26,AUTO,61,0,1,Backyard fence damaged by neighbour's tree falling during high winds on August 11.,0
7449.59,HEALTH,1073,1,0,Tree branch fell during the storm on August 11 and dented the roof above the garage.,0
536.04,AUTO,781,1,0,"Fire damage, unknown cause, total loss.",1
792.65,HEALTH,180,0,0,"Fire damage, unknown cause, total loss.",1
132.66,AUTO,185,0,0,Backyard fence damaged by neighbour's tree falling during high winds on July 5.,0
1117.76,AUTO,1471,1,0,Water damage in the kitchen ceiling from a burst pipe in the upstairs bathroom on August 11.,0
1217.26,HEALTH,47,1,0,Lightning strike damaged HVAC unit on August 11; technician assessment attached.,0
1085.75,AUTO,34,0,1,Hailstorm on May 18 caused dents on the hood and cracked the windshield.,0
5473.52,LIFE,26,0,0,Rear-end collision at the intersection of Main St and Maple Ave; minor whiplash and bumper damage.,0
4275.33,HEALTH,943,0,1,"Vehicle disappeared from parking lot, no security camera footage.",0
1954.44,AUTO,1389,1,0,"Pipe burst in basement; water damage to flooring and stored items, plumber invoice attached.",0
1248.11,AUTO,258,0,1,"Slipped on icy steps at the front entrance; sprained ankle, ER visit at Riverside Medical.",0
5045.19,PROPERTY,1193,1,1,Lightning strike damaged HVAC unit on August 11; technician assessment attached.,0
1772.67,HEALTH,1079,0,1,Front-end collision when the other driver ran a red light at 5th Ave; police report filed.,0
797.7,HEALTH,345,1,0,"Side-swipe accident on highway; dashcam footage available, other driver's insurance contacted.",0
324.98,AUTO,106,1,1,Hailstorm on April 3 caused dents on the hood and cracked the windshield.,0
1162.92,PROPERTY,732,1,0,"Pipe burst in basement; water damage to flooring and stored items, plumber invoice attached.",0
3845.44,PROPERTY,122,0,0,Water damage in the kitchen ceiling from a burst pipe in the upstairs bathroom on March 12.,0
17615.57,AUTO,171,1,0,"House contents destroyed, fire of unknown origin, no smoke alarm activated.",1
1922.94,AUTO,699,1,1,Backyard fence damaged by neighbour's tree falling during high winds on August 11.,0
841.04,AUTO,1223,1,0,"Slipped on icy steps at the front entrance; sprained ankle, ER visit at St. Luke's.",0
552.82,AUTO,1491,0,0,"Kitchen fire started from an unattended pan, contained by smoke detector and extinguisher.",0
3139.93,PROPERTY,942,0,0,Hailstorm on June 24 caused dents on the hood and cracked the windshield.,0
309.63,LIFE,415,1,1,"Kitchen fire started from an unattended pan, contained by smoke detector and extinguisher.",0
3134.88,LIFE,493,0,0,Water damage in the kitchen ceiling from a burst pipe in the upstairs bathroom on March 12.,0
4095.78,PROPERTY,919,1,0,Lightning strike damaged HVAC unit on July 5; technician assessment attached.,0
2796.93,AUTO,260,0,0,"Kitchen fire started from an unattended pan, contained by smoke detector and extinguisher.",0
1451.48,LIFE,778,0,0,Backyard fence damaged by neighbour's tree falling during high winds on July 5.,0
3180.97,AUTO,1153,1,1,"Deer collision on the highway near exit 13; airbag deployed, vehicle towed.",0
2145.09,AUTO,1263,0,0,Water damage in the kitchen ceiling from a burst pipe in the upstairs bathroom on August 11.,0
830.37,HEALTH,89,0,1,Front-end collision when the other driver ran a red light at Main St; police report filed.,0
11503.57,AUTO,433,1,1,Hailstorm on August 11 caused dents on the hood and cracked the windshield.,0
1271.97,PROPERTY,382,1,0,"Slipped on icy steps at the front entrance; sprained ankle, ER visit at St. Luke's.",0
3927.48,LIFE,832,1,0,Tree branch fell during the storm on March 12 and dented the roof above the garage.,0
161.0,PROPERTY,278,0,0,Water damage in the kitchen ceiling from a burst pipe in the upstairs bathroom on July 5.,0
6479.97,PROPERTY,1425,1,1,"Deer collision on the highway near exit 153; airbag deployed, vehicle towed.",0
7853.89,AUTO,1375,1,0,"Burglary while on vacation; entry through the back window, electronics and jewellery taken, police report #PR-70779.",0
1862.8,AUTO,499,0,1,Lightning strike damaged HVAC unit on March 12; technician assessment attached.,0
3161.4,PROPERTY,611,1,0,"Burglary while on vacation; entry through the back window, electronics and jewellery taken, police report #PR-96381.",0
3160.59,HEALTH,659,1,0,"Minor parking lot collision at Home Depot; both drivers exchanged details, insurance info noted.",0
950.72,PROPERTY,64,1,0,Lightning strike damaged HVAC unit on August 11; technician assessment attached.,0
3124.79,AUTO,1333,0,1,Front-end collision when the other driver ran a red light at Main St; police report filed.,0
805.42,AUTO,1169,1,1,"Minor parking lot collision at Home Depot; both drivers exchanged details, insurance info noted.",0
983.62,AUTO,499,1,0,Front-end collision when the other driver ran a red light at Main St; police report filed.,0
5579.99,HEALTH,821,1,0,Water damage in the kitchen ceiling from a burst pipe in the upstairs bathroom on June 24.,0
4791.78,PROPERTY,571,1,0,"Slipped on icy steps at the front entrance; sprained ankle, ER visit at Mercy General.",0
892.14,LIFE,343,1,0,"Slipped on icy steps at the front entrance; sprained ankle, ER visit at City General.",0
868.2,AUTO,456,1,0,"Pipe burst in basement; water damage to flooring and stored items, plumber invoice attached.",0
948.05,HEALTH,161,1,0,"Pipe burst in basement; water damage to flooring and stored items, plumber invoice attached.",0
3761.75,AUTO,1214,1,0,Hailstorm on March 12 caused dents on the hood and cracked the windshield.,0
665.15,AUTO,982,1,0,Rear-end collision at the intersection of Pine Rd and Walnut Rd; minor whiplash and bumper damage.,0
2583.02,AUTO,1395,0,0,Hailstorm on March 12 caused dents on the hood and cracked the windshield.,0
3815.58,HEALTH,10,1,1,"Slipped on icy steps at the front entrance; sprained ankle, ER visit at City General.",0
1655.33,HEALTH,947,0,0,"Side-swipe accident on highway; dashcam footage available, other driver's insurance contacted.",0
4964.48,AUTO,841,1,1,Backyard fence damaged by neighbour's tree falling during high winds on April 3.,0
1333.67,HEALTH,935,1,0,"Burglary while on vacation; entry through the back window, electronics and jewellery taken, police report #PR-20638.",0
1459.93,PROPERTY,1484,1,1,Tree branch fell during the storm on August 11 and dented the roof above the garage.,0
680.45,AUTO,585,0,0,"Bicycle accident; broken collarbone, treated at City General, X-rays and follow-up scheduled.",0
4999.92,AUTO,212,1,0,"Bicycle accident; broken collarbone, treated at St. Luke's, X-rays and follow-up scheduled.",0
840.07,PROPERTY,19,0,0,"Vehicle disappeared from parking lot, no security camera footage.",1
2565.15,PROPERTY,738,1,0,Hailstorm on May 18 caused dents on the hood and cracked the windshield.,0
1683.59,PROPERTY,261,1,0,Lightning strike damaged HVAC unit on June 24; technician assessment attached.,0
630.94,AUTO,212,1,0,"Sudden mechanical failure, vehicle written off, no third party.",0
983.28,HEALTH,222,0,0,Tree branch fell during the storm on May 18 and dented the roof above the garage.,0
7207.46,PROPERTY,416,1,0,"Vehicle stolen, no GPS data, no security footage available.",0
2212.01,AUTO,174,1,0,Tree branch fell during the storm on April 3 and dented the roof above the garage.,0
659.08,HEALTH,729,1,0,"Slipped on icy steps at the front entrance; sprained ankle, ER visit at Riverside Medical.",0
2453.64,LIFE,981,1,0,Backyard fence damaged by neighbour's tree falling during high winds on July 5.,0
1562.26,AUTO,434,1,0,"Kitchen fire started from an unattended pan, contained by smoke detector and extinguisher.",0
57184.97,PROPERTY,205,0,0,"Kitchen fire started from an unattended pan, contained by smoke detector and extinguisher.",0
2404.56,PROPERTY,859,0,2,"Lost expensive jewellery, no receipt, not sure when.",1
1235.68,AUTO,129,1,0,"Pipe burst in basement; water damage to flooring and stored items, plumber invoice attached.",0
7480.3,PROPERTY,1106,1,1,Tree branch fell during the storm on June 24 and dented the roof above the garage.,0
286.85,HEALTH,574,0,2,"Pipe burst in basement; water damage to flooring and stored items, plumber invoice attached.",0
1986.88,PROPERTY,615,1,0,"Burglary while on vacation; entry through the back window, electronics and jewellery taken, police report #PR-93655.",0
13285.5,PROPERTY,374,1,0,"Burglary while on vacation; entry through the back window, electronics and jewellery taken, police report #PR-14108.",0
1609.7,PROPERTY,424,0,0,Rear-end collision at the intersection of Elm Blvd and Walnut Rd; minor whiplash and bumper damage.,0
319.48,AUTO,219,1,0,"Slipped on icy steps at the front entrance; sprained ankle, ER visit at City General.",0
1216.92,PROPERTY,837,1,2,"Slipped on icy steps at the front entrance; sprained ankle, ER visit at St. Luke's.",0
7742.8,PROPERTY,220,1,0,"Pipe burst in basement; water damage to flooring and stored items, plumber invoice attached.",0
2633.5,HEALTH,1021,0,2,"Total loss, no documentation available.",1
781.44,HEALTH,385,1,2,"Vehicle stolen, no GPS data, no security footage available.",1
911.2,AUTO,848,1,0,"Slipped on icy steps at the front entrance; sprained ankle, ER visit at City General.",0
1033.08,PROPERTY,805,1,0,Rear-end collision at the intersection of 5th Ave and Maple Ave; minor whiplash and bumper damage.,0
2594.63,AUTO,950,1,0,Hailstorm on June 24 caused dents on the hood and cracked the windshield.,0
6892.55,AUTO,1137,1,1,"Minor parking lot collision at Target; both drivers exchanged details, insurance info noted.",0
5179.29,PROPERTY,841,0,1,"Side-swipe accident on highway; dashcam footage available, other driver's insurance contacted.",0
2852.67,PROPERTY,1279,1,1,"Minor parking lot collision at Target; both drivers exchanged details, insurance info noted.",0
477.4,LIFE,389,1,0,"Deer collision on the highway near exit 66; airbag deployed, vehicle towed.",0
479.18,HEALTH,1127,0,0,"Broken items, unwitnessed accident at home.",1
3081.75,AUTO,515,0,0,"Bicycle accident; broken collarbone, treated at City General, X-rays and follow-up scheduled.",0
470.84,HEALTH,942,1,0,"Side-swipe accident on highway; dashcam footage available, other driver's insurance contacted.",0
1442.93,AUTO,738,1,0,"Kitchen fire started from an unattended pan, contained by smoke detector and extinguisher.",0
2450.75,PROPERTY,1361,0,0,"Deer collision on the highway near exit 57; airbag deployed, vehicle towed.",0
579.64,HEALTH,407,0,2,"Lost expensive jewellery, no receipt, not sure when.",1
649.2,HEALTH,780,1,0,"Vehicle stolen, no GPS data, no security footage available.",0
1645.63,AUTO,247,0,0,"Burglary while on vacation; entry through the back window, electronics and jewellery taken, police report #PR-76007.",0
2991.86,HEALTH,950,1,0,"Pipe burst in basement; water damage to flooring and stored items, plumber invoice attached.",0
5226.61,PROPERTY,56,1,0,Rear-end collision at the intersection of Main St and Birch St; minor whiplash and bumper damage.,0
3317.79,PROPERTY,618,1,2,Lightning strike damaged HVAC unit on May 18; technician assessment attached.,0
1946.24,AUTO,15,1,2,"Vehicle stolen, no GPS data, no security footage available.",1
857.31,AUTO,491,1,4,"Side-swipe accident on highway; dashcam footage available, other driver's insurance contacted.",0
619.61,AUTO,726,1,0,Tree branch fell during the storm on June 24 and dented the roof above the garage.,0
1084.77,AUTO,498,1,1,"Slipped on icy steps at the front entrance; sprained ankle, ER visit at City General.",0
2724.21,PROPERTY,579,1,0,Lightning strike damaged HVAC unit on March 12; technician assessment attached.,0
2531.64,HEALTH,223,1,0,Lightning strike damaged HVAC unit on April 3; technician assessment attached.,0
221.43,AUTO,1072,1,0,"Side-swipe accident on highway; dashcam footage available, other driver's insurance contacted.",0
824.13,PROPERTY,1195,1,0,"Lost expensive jewellery, no receipt, not sure when.",0
6030.03,AUTO,682,1,1,Water damage in the kitchen ceiling from a burst pipe in the upstairs bathroom on August 11.,0
1957.09,AUTO,83,0,0,Hailstorm on July 5 caused dents on the hood and cracked the windshield.,0
438.34,HEALTH,94,1,0,"Pipe burst in basement; water damage to flooring and stored items, plumber invoice attached.",0
19069.04,AUTO,1012,0,0,Front-end collision when the other driver ran a red light at Oak Ave; police report filed.,0
1756.46,HEALTH,1393,1,2,Lightning strike damaged HVAC unit on August 11; technician assessment attached.,0
2655.36,PROPERTY,1296,1,0,"Bicycle accident; broken collarbone, treated at Riverside Medical, X-rays and follow-up scheduled.",0
2696.0,PROPERTY,608,0,1,"Side-swipe accident on highway; dashcam footage available, other driver's insurance contacted.",0
1251.88,AUTO,746,1,1,Tree branch fell during the storm on April 3 and dented the roof above the garage.,0
873.43,HEALTH,245,0,0,Backyard fence damaged by neighbour's tree falling during high winds on August 11.,0
15088.3,AUTO,106,1,0,Rear-end collision at the intersection of Main St and Birch St; minor whiplash and bumper damage.,0
4930.55,HEALTH,1148,1,1,Water damage in the kitchen ceiling from a burst pipe in the upstairs bathroom on June 24.,0
4113.12,AUTO,643,1,1,Lightning strike damaged HVAC unit on March 12; technician assessment attached.,0
3217.27,HEALTH,745,1,0,"Slipped on icy steps at the front entrance; sprained ankle, ER visit at Riverside Medical.",0
662.94,AUTO,515,1,1,Lightning strike damaged HVAC unit on June 24; technician assessment attached.,0
6486.84,PROPERTY,470,1,0,Backyard fence damaged by neighbour's tree falling during high winds on June 24.,0
778.11,PROPERTY,1478,1,0,"Kitchen fire started from an unattended pan, contained by smoke detector and extinguisher.",0
2400.15,AUTO,1224,0,0,"House contents destroyed, fire of unknown origin, no smoke alarm activated.",1
350.94,PROPERTY,1037,1,0,"Burglary while on vacation; entry through the back window, electronics and jewellery taken, police report #PR-79017.",0
234.9,AUTO,584,1,1,Front-end collision when the other driver ran a red light at 5th Ave; police report filed.,0
2485.65,PROPERTY,1082,0,1,"Burglary while on vacation; entry through the back window, electronics and jewellery taken, police report #PR-90520.",0
805.05,AUTO,509,1,0,"Slipped on icy steps at the front entrance; sprained ankle, ER visit at City General.",0
247.36,AUTO,774,1,0,Backyard fence damaged by neighbour's tree falling during high winds on June 24.,0
3104.5,HEALTH,218,1,1,"Bicycle accident; broken collarbone, treated at City General, X-rays and follow-up scheduled.",0
15064.27,HEALTH,1064,0,0,"Deer collision on the highway near exit 184; airbag deployed, vehicle towed.",0
7255.83,HEALTH,91,1,0,"Deer collision on the highway near exit 164; airbag deployed, vehicle towed.",0
1397.84,HEALTH,1084,1,0,"Pipe burst in basement; water damage to flooring and stored items, plumber invoice attached.",0
1824.11,AUTO,905,0,1,"Minor parking lot collision at Walmart; both drivers exchanged details, insurance info noted.",0
4392.73,AUTO,100,1,0,"Kitchen fire started from an unattended pan, contained by smoke detector and extinguisher.",0
5553.19,HEALTH,759,1,0,Lightning strike damaged HVAC unit on June 24; technician assessment attached.,0
1282.37,HEALTH,334,0,1,"Side-swipe accident on highway; dashcam footage available, other driver's insurance contacted.",0
1870.91,AUTO,714,1,0,Lightning strike damaged HVAC unit on June 24; technician assessment attached.,0
2442.1,AUTO,20,0,1,"Sudden mechanical failure, vehicle written off, no third party.",1
3145.97,HEALTH,1082,1,0,"Burglary while on vacation; entry through the back window, electronics and jewellery taken, police report #PR-50449.",0
1582.76,HEALTH,765,1,1,Tree branch fell during the storm on April 3 and dented the roof above the garage.,0
1603.45,PROPERTY,544,1,1,Water damage in the kitchen ceiling from a burst pipe in the upstairs bathroom on May 18.,0
7185.59,HEALTH,1313,1,0,"Slipped on icy steps at the front entrance; sprained ankle, ER visit at Mercy General.",0
6060.34,HEALTH,967,1,0,Hailstorm on August 11 caused dents on the hood and cracked the windshield.,0
2914.37,HEALTH,914,0,1,"Minor parking lot collision at Target; both drivers exchanged details, insurance info noted.",0
10088.07,AUTO,221,1,1,"Burglary while on vacation; entry through the back window, electronics and jewellery taken, police report #PR-38988.",0
1228.51,AUTO,750,0,0,"Side-swipe accident on highway; dashcam footage available, other driver's insurance contacted.",0
9163.41,AUTO,1051,1,1,Lightning strike damaged HVAC unit on August 11; technician assessment attached.,0
3110.43,PROPERTY,1389,0,1,"Pipe burst in basement; water damage to flooring and stored items, plumber invoice attached.",0
47620.86,AUTO,906,1,2,"Sudden mechanical failure, vehicle written off, no third party.",1
548.68,HEALTH,259,1,1,"Pipe burst in basement; water damage to flooring and stored items, plumber invoice attached.",0
907.46,HEALTH,1017,0,1,"Burglary while on vacation; entry through the back window, electronics and jewellery taken, police report #PR-72261.",0
2748.46,AUTO,112,0,1,"Pipe burst in basement; water damage to flooring and stored items, plumber invoice attached.",0
2689.83,PROPERTY,470,0,1,Front-end collision when the other driver ran a red light at Oak Ave; police report filed.,0
12709.93,HEALTH,1376,0,1,"Fire damage, unknown cause, total loss.",1
926.7,AUTO,1202,1,0,"Kitchen fire started from an unattended pan, contained by smoke detector and extinguisher.",0
4468.99,PROPERTY,1354,1,1,"Minor parking lot collision at Home Depot; both drivers exchanged details, insurance info noted.",0
5781.76,HEALTH,529,1,0,"Side-swipe accident on highway; dashcam footage available, other driver's insurance contacted.",0
3657.91,AUTO,1024,0,1,"Side-swipe accident on highway; dashcam footage available, other driver's insurance contacted.",0
691.6,PROPERTY,1050,1,0,Water damage in the kitchen ceiling from a burst pipe in the upstairs bathroom on March 12.,0
7389.08,HEALTH,369,1,0,Rear-end collision at the intersection of Main St and Birch St; minor whiplash and bumper damage.,0
6181.55,AUTO,1413,0,0,"Minor parking lot collision at Costco; both drivers exchanged details, insurance info noted.",0
3293.1,LIFE,1454,0,0,Rear-end collision at the intersection of Main St and Maple Ave; minor whiplash and bumper damage.,0
2217.97,HEALTH,166,1,0,"Minor parking lot collision at Target; both drivers exchanged details, insurance info noted.",0
2266.76,HEALTH,1148,0,1,"Kitchen fire started from an unattended pan, contained by smoke detector and extinguisher.",0
1671.14,AUTO,672,1,2,Water damage in the kitchen ceiling from a burst pipe in the upstairs bathroom on August 11.,0
3431.61,AUTO,1011,1,1,"Slipped on icy steps at the front entrance; sprained ankle, ER visit at St. Luke's.",0
1865.22,HEALTH,832,1,2,Front-end collision when the other driver ran a red light at Main St; police report filed.,0
773.93,HEALTH,335,0,0,"Burglary while on vacation; entry through the back window, electronics and jewellery taken, police report #PR-11110.",0
633.59,HEALTH,144,0,0,"Slipped on icy steps at the front entrance; sprained ankle, ER visit at Mercy General.",0
852.32,PROPERTY,770,1,0,"Deer collision on the highway near exit 49; airbag deployed, vehicle towed.",0
2257.77,AUTO,1255,1,1,Lightning strike damaged HVAC unit on April 3; technician assessment attached.,0
1759.96,PROPERTY,1234,0,0,Backyard fence damaged by neighbour's tree falling during high winds on April 3.,0
2242.49,PROPERTY,412,1,0,"Burglary while on vacation; entry through the back window, electronics and jewellery taken, police report #PR-94896.",1
2983.38,PROPERTY,1290,0,0,"Total loss, no documentation available.",0
965.53,PROPERTY,534,1,0,"Bicycle accident; broken collarbone, treated at Mercy General, X-rays and follow-up scheduled.",0
7829.55,PROPERTY,842,1,0,Lightning strike damaged HVAC unit on May 18; technician assessment attached.,0
1383.39,AUTO,487,1,0,Backyard fence damaged by neighbour's tree falling during high winds on March 12.,0
1172.12,HEALTH,784,1,0,"Burglary while on vacation; entry through the back window, electronics and jewellery taken, police report #PR-46925.",0
2928.91,LIFE,794,1,0,"House contents destroyed, fire of unknown origin, no smoke alarm activated.",0
288.15,HEALTH,1046,1,0,"Kitchen fire started from an unattended pan, contained by smoke detector and extinguisher.",0
820.13,AUTO,708,0,0,Backyard fence damaged by neighbour's tree falling during high winds on May 18.,0
4822.62,LIFE,792,1,1,"Side-swipe accident on highway; dashcam footage available, other driver's insurance contacted.",0
318.17,AUTO,977,0,0,Hailstorm on August 11 caused dents on the hood and cracked the windshield.,0
5527.96,AUTO,627,0,0,"Slipped on icy steps at the front entrance; sprained ankle, ER visit at Riverside Medical.",0
8193.83,AUTO,787,1,0,"Slipped on icy steps at the front entrance; sprained ankle, ER visit at Mercy General.",0
1249.56,HEALTH,129,0,2,"Deer collision on the highway near exit 120; airbag deployed, vehicle towed.",0
2420.7,HEALTH,1304,0,0,Tree branch fell during the storm on June 24 and dented the roof above the garage.,0
5536.33,HEALTH,189,1,0,Hailstorm on April 3 caused dents on the hood and cracked the windshield.,0
1133.66,PROPERTY,1309,0,1,Front-end collision when the other driver ran a red light at Pine Rd; police report filed.,0
4306.05,HEALTH,1140,1,1,"Minor parking lot collision at Costco; both drivers exchanged details, insurance info noted.",0
924.13,HEALTH,1421,0,1,Lightning strike damaged HVAC unit on August 11; technician assessment attached.,0
1121.47,PROPERTY,37,1,0,"Pipe burst in basement; water damage to flooring and stored items, plumber invoice attached.",0
812.95,PROPERTY,326,1,0,"Deer collision on the highway near exit 96; airbag deployed, vehicle towed.",0
2546.94,AUTO,79,0,0,Water damage in the kitchen ceiling from a burst pipe in the upstairs bathroom on June 24.,0
5755.83,AUTO,626,1,1,Tree branch fell during the storm on July 5 and dented the roof above the garage.,0
1504.01,HEALTH,1357,0,0,Tree branch fell during the storm on April 3 and dented the roof above the garage.,0
507.12,PROPERTY,1149,0,1,"Kitchen fire started from an unattended pan, contained by smoke detector and extinguisher.",0
612.34,HEALTH,1056,0,0,"Stolen valuables, all cash, no inventory list.",1
2682.75,AUTO,1272,0,0,"Vehicle disappeared from parking lot, no security camera footage.",1
11431.37,PROPERTY,7,0,0,"Lost expensive jewellery, no receipt, not sure when.",1
2680.41,HEALTH,1181,1,1,Lightning strike damaged HVAC unit on August 11; technician assessment attached.,0
1227.95,HEALTH,468,1,1,Water damage in the kitchen ceiling from a burst pipe in the upstairs bathroom on July 5.,0
3890.08,PROPERTY,1036,1,0,"Side-swipe accident on highway; dashcam footage available, other driver's insurance contacted.",0
1422.97,PROPERTY,1145,1,1,"Deer collision on the highway near exit 173; airbag deployed, vehicle towed.",0
1238.57,HEALTH,1028,1,0,"Items stolen, no witnesses, cash and electronics gone.",0
693.35,HEALTH,626,0,0,"Burglary while on vacation; entry through the back window, electronics and jewellery taken, police report #PR-33922.",0
7394.18,HEALTH,917,0,0,Backyard fence damaged by neighbour's tree falling during high winds on July 5.,0
142.71,HEALTH,703,1,1,"Slipped on icy steps at the front entrance; sprained ankle, ER visit at Mercy General.",0
4015.27,HEALTH,942,1,0,"Kitchen fire started from an unattended pan, contained by smoke detector and extinguisher.",0
1137.12,PROPERTY,688,0,0,"Vehicle stolen, no GPS data, no security footage available.",1
1199.5,HEALTH,591,0,1,"Burglary while on vacation; entry through the back window, electronics and jewellery taken, police report #PR-44381.",0
9821.36,HEALTH,303,1,1,Tree branch fell during the storm on March 12 and dented the roof above the garage.,0
885.25,AUTO,581,1,0,"Side-swipe accident on highway; dashcam footage available, other driver's insurance contacted.",0
915.92,PROPERTY,1082,1,0,Hailstorm on May 18 caused dents on the hood and cracked the windshield.,0
1587.01,HEALTH,1305,1,0,Tree branch fell during the storm on June 24 and dented the roof above the garage.,0
2734.89,AUTO,155,1,0,"Bicycle accident; broken collarbone, treated at Mercy General, X-rays and follow-up scheduled.",0
1162.29,AUTO,275,0,1,"Damage occurred while alone, nobody saw, no police report.",1
374.71,AUTO,761,1,0,Hailstorm on June 24 caused dents on the hood and cracked the windshield.,0
760.75,LIFE,1054,1,0,Hailstorm on August 11 caused dents on the hood and cracked the windshield.,0
6511.56,PROPERTY,255,1,1,"Kitchen fire started from an unattended pan, contained by smoke detector and extinguisher.",0
1948.43,HEALTH,487,1,1,"Property damage but no witnesses, claim is for full replacement value.",1
2838.66,HEALTH,70,0,0,Water damage in the kitchen ceiling from a burst pipe in the upstairs bathroom on August 11.,0
1392.11,PROPERTY,79,0,0,"Minor parking lot collision at Home Depot; both drivers exchanged details, insurance info noted.",0
934.96,HEALTH,215,0,1,Car was damaged.,0
9677.6,LIFE,1094,0,0,"Kitchen fire started from an unattended pan, contained by smoke detector and extinguisher.",0
1497.88,AUTO,1304,0,0,Backyard fence damaged by neighbour's tree falling during high winds on April 3.,0
1160.53,AUTO,748,1,2,"Burglary while on vacation; entry through the back window, electronics and jewellery taken, police report #PR-93507.",0
5410.75,HEALTH,265,1,2,"Bicycle accident; broken collarbone, treated at Mercy General, X-rays and follow-up scheduled.",0
877.99,AUTO,1382,1,0,"Minor parking lot collision at Costco; both drivers exchanged details, insurance info noted.",0
997.52,HEALTH,418,1,0,Water damage in the kitchen ceiling from a burst pipe in the upstairs bathroom on May 18.,0
1826.66,PROPERTY,232,1,0,"Burglary while on vacation; entry through the back window, electronics and jewellery taken, police report #PR-35968.",0
1808.53,AUTO,208,1,1,"Vehicle stolen, no GPS data, no security footage available.",0
2343.99,HEALTH,530,0,0,"Slipped on icy steps at the front entrance; sprained ankle, ER visit at City General.",0
14642.29,HEALTH,1103,0,0,"Damage occurred while alone, nobody saw, no police report.",1
2530.69,PROPERTY,596,0,1,"Bicycle accident; broken collarbone, treated at Riverside Medical, X-rays and follow-up scheduled.",0
167.66,HEALTH,668,1,0,Hailstorm on May 18 caused dents on the hood and cracked the windshield.,0
2505.64,AUTO,511,0,0,"Items missing after recent move, exact value uncertain.",1
1877.84,HEALTH,1415,0,1,"Side-swipe accident on highway; dashcam footage available, other driver's insurance contacted.",0
1888.33,HEALTH,1025,1,0,Water damage in the kitchen ceiling from a burst pipe in the upstairs bathroom on March 12.,0
2312.18,PROPERTY,996,1,1,"Deer collision on the highway near exit 52; airbag deployed, vehicle towed.",0
1756.93,HEALTH,656,1,1,Car was damaged.,1
1715.38,AUTO,797,1,1,"Cash and gold coins stolen from home safe, exact amounts approximate.",1
3337.72,PROPERTY,1327,1,0,"Lost expensive jewellery, no receipt, not sure when.",0
1051.44,HEALTH,985,1,0,"Side-swipe accident on highway; dashcam footage available, other driver's insurance contacted.",0
700.86,AUTO,1220,0,2,"Pipe burst in basement; water damage to flooring and stored items, plumber invoice attached.",0
37189.49,HEALTH,61,1,0,"Vehicle stolen, no GPS data, no security footage available.",1
883.72,PROPERTY,1289,1,0,"Property damage but no witnesses, claim is for full replacement value.",0
1998.48,PROPERTY,1426,0,0,Front-end collision when the other driver ran a red light at Oak Ave; police report filed.,0
405.18,AUTO,1002,1,0,"Minor parking lot collision at Home Depot; both drivers exchanged details, insurance info noted.",0
2031.38,PROPERTY,1434,1,1,Tree branch fell during the storm on June 24 and dented the roof above the garage.,0
711.07,AUTO,852,1,1,"Minor parking lot collision at Walmart; both drivers exchanged details, insurance info noted.",0
1161.57,HEALTH,414,1,1,Rear-end collision at the intersection of Pine Rd and Walnut Rd; minor whiplash and bumper damage.,0
5141.32,HEALTH,909,0,0,"Burglary while on vacation; entry through the back window, electronics and jewellery taken, police report #PR-15238.",0
2898.68,AUTO,942,0,1,Front-end collision when the other driver ran a red light at Elm Blvd; police report filed.,0
3192.02,AUTO,217,0,3,"Pipe burst in basement; water damage to flooring and stored items, plumber invoice attached.",1
307.6,PROPERTY,303,1,0,"Bicycle accident; broken collarbone, treated at Riverside Medical, X-rays and follow-up scheduled.",0
11349.12,AUTO,437,1,0,"Burglary while on vacation; entry through the back window, electronics and jewellery taken, police report #PR-95150.",1
549.01,PROPERTY,821,1,1,"Burglary while on vacation; entry through the back window, electronics and jewellery taken, police report #PR-98093.",0
8337.85,HEALTH,222,1,0,"Total loss, no documentation available.",1
5021.8,HEALTH,1156,1,0,Water damage in the kitchen ceiling from a burst pipe in the upstairs bathroom on August 11.,0
3220.63,AUTO,165,0,1,"Slipped on icy steps at the front entrance; sprained ankle, ER visit at St. Luke's.",0
768.94,AUTO,1409,0,0,Tree branch fell during the storm on April 3 and dented the roof above the garage.,0
2103.99,AUTO,1014,1,2,"Burglary while on vacation; entry through the back window, electronics and jewellery taken, police report #PR-56577.",0
1128.99,HEALTH,509,1,0,"Bicycle accident; broken collarbone, treated at City General, X-rays and follow-up scheduled.",0
1861.32,LIFE,559,0,1,"Broken items, unwitnessed accident at home.",1
1408.28,PROPERTY,1040,1,0,Backyard fence damaged by neighbour's tree falling during high winds on April 3.,0
235.42,AUTO,134,1,1,"Deer collision on the highway near exit 71; airbag deployed, vehicle towed.",0
5551.28,AUTO,1074,0,0,"Burglary while on vacation; entry through the back window, electronics and jewellery taken, police report #PR-71957.",0
1667.19,AUTO,828,1,0,"Minor parking lot collision at Walmart; both drivers exchanged details, insurance info noted.",0
1113.43,LIFE,332,1,0,"Burglary while on vacation; entry through the back window, electronics and jewellery taken, police report #PR-39402.",0
1032.43,AUTO,1346,1,0,Rear-end collision at the intersection of Pine Rd and Cedar Lane; minor whiplash and bumper damage.,0
2587.53,AUTO,943,0,0,Tree branch fell during the storm on June 24 and dented the roof above the garage.,0
739.7,HEALTH,246,0,2,Rear-end collision at the intersection of Pine Rd and Walnut Rd; minor whiplash and bumper damage.,0
189.58,HEALTH,983,0,0,"Minor parking lot collision at Target; both drivers exchanged details, insurance info noted.",1
2716.58,AUTO,617,1,0,"Pipe burst in basement; water damage to flooring and stored items, plumber invoice attached.",0
3038.45,HEALTH,1146,1,0,Backyard fence damaged by neighbour's tree falling during high winds on August 11.,0
1480.85,AUTO,738,1,0,"Slipped on icy steps at the front entrance; sprained ankle, ER visit at St. Luke's.",0
573.69,AUTO,1499,1,0,Hailstorm on April 3 caused dents on the hood and cracked the windshield.,0
1976.21,AUTO,1391,0,0,"Deer collision on the highway near exit 67; airbag deployed, vehicle towed.",0
417.99,AUTO,61,1,0,"Burglary while on vacation; entry through the back window, electronics and jewellery taken, police report #PR-91969.",0
647.27,LIFE,617,0,0,"Pipe burst in basement; water damage to flooring and stored items, plumber invoice attached.",0
853.46,HEALTH,304,0,2,"Side-swipe accident on highway; dashcam footage available, other driver's insurance contacted.",0
4204.62,PROPERTY,675,1,1,"Deer collision on the highway near exit 39; airbag deployed, vehicle towed.",0
1258.14,AUTO,218,1,0,Hailstorm on April 3 caused dents on the hood and cracked the windshield.,0
1155.32,PROPERTY,803,1,1,"Bicycle accident; broken collarbone, treated at St. Luke's, X-rays and follow-up scheduled.",0
12767.94,LIFE,232,1,0,"Slipped on icy steps at the front entrance; sprained ankle, ER visit at City General.",0
2572.06,AUTO,935,0,2,"Burglary while on vacation; entry through the back window, electronics and jewellery taken, police report #PR-98608.",0
2537.65,LIFE,681,0,0,Tree branch fell during the storm on June 24 and dented the roof above the garage.,0
1249.25,HEALTH,1489,0,1,"Slipped on icy steps at the front entrance; sprained ankle, ER visit at Mercy General.",0
995.88,PROPERTY,1317,1,0,"Minor parking lot collision at Target; both drivers exchanged details, insurance info noted.",0
203.08,AUTO,900,1,1,"Pipe burst in basement; water damage to flooring and stored items, plumber invoice attached.",0
4763.51,HEALTH,673,0,1,"Bicycle accident; broken collarbone, treated at Mercy General, X-rays and follow-up scheduled.",0
2830.79,HEALTH,1074,1,1,"Burglary while on vacation; entry through the back window, electronics and jewellery taken, police report #PR-25330.",0
1511.46,LIFE,1003,1,0,"Minor parking lot collision at Home Depot; both drivers exchanged details, insurance info noted.",0
1576.2,PROPERTY,209,1,1,"Slipped on icy steps at the front entrance; sprained ankle, ER visit at St. Luke's.",0
3774.96,AUTO,565,1,0,"Slipped on icy steps at the front entrance; sprained ankle, ER visit at Mercy General.",0
381.95,PROPERTY,1488,0,0,Rear-end collision at the intersection of Elm Blvd and Walnut Rd; minor whiplash and bumper damage.,0
1002.37,PROPERTY,480,1,0,"Slipped on icy steps at the front entrance; sprained ankle, ER visit at Mercy General.",0
580.39,HEALTH,20,1,1,"Items stolen, no witnesses, cash and electronics gone.",1
10630.78,AUTO,1251,0,1,Rear-end collision at the intersection of 5th Ave and Walnut Rd; minor whiplash and bumper damage.,1
4340.11,AUTO,1399,0,0,Hailstorm on May 18 caused dents on the hood and cracked the windshield.,0
199.8,AUTO,983,1,0,Rear-end collision at the intersection of Elm Blvd and Walnut Rd; minor whiplash and bumper damage.,0
397.91,AUTO,952,1,1,Hailstorm on June 24 caused dents on the hood and cracked the windshield.,0
1583.91,LIFE,526,0,0,"Stolen valuables, all cash, no inventory list.",0
1127.28,AUTO,539,1,0,"Burglary while on vacation; entry through the back window, electronics and jewellery taken, police report #PR-33021.",0
480.88,HEALTH,1371,1,0,Rear-end collision at the intersection of Elm Blvd and Walnut Rd; minor whiplash and bumper damage.,0
12641.78,HEALTH,1287,0,0,"Side-swipe accident on highway; dashcam footage available, other driver's insurance contacted.",0
2471.4,HEALTH,748,0,0,Hailstorm on March 12 caused dents on the hood and cracked the windshield.,0
2906.82,AUTO,470,1,0,Hailstorm on August 11 caused dents on the hood and cracked the windshield.,0
905.05,HEALTH,283,1,1,Lightning strike damaged HVAC unit on March 12; technician assessment attached.,0
3722.96,HEALTH,17,0,1,"Bicycle accident; broken collarbone, treated at St. Luke's, X-rays and follow-up scheduled.",1
1235.92,HEALTH,725,1,1,Tree branch fell during the storm on May 18 and dented the roof above the garage.,0
1361.93,AUTO,831,1,0,"Burglary while on vacation; entry through the back window, electronics and jewellery taken, police report #PR-43397.",0
3330.91,PROPERTY,1012,1,0,"Slipped on icy steps at the front entrance; sprained ankle, ER visit at Mercy General.",0
354.6,AUTO,1207,0,0,"Kitchen fire started from an unattended pan, contained by smoke detector and extinguisher.",0
8928.72,HEALTH,551,0,0,Tree branch fell during the storm on May 18 and dented the roof above the garage.,0
2169.8,HEALTH,251,0,1,Lightning strike damaged HVAC unit on July 5; technician assessment attached.,0
6509.02,AUTO,1265,1,0,"Deer collision on the highway near exit 159; airbag deployed, vehicle towed.",0
616.82,PROPERTY,1143,1,0,Backyard fence damaged by neighbour's tree falling during high winds on May 18.,0
718.26,AUTO,800,1,1,Lightning strike damaged HVAC unit on July 5; technician assessment attached.,0
565.72,PROPERTY,59,0,0,"Property damage but no witnesses, claim is for full replacement value.",1
2322.26,PROPERTY,702,1,0,"Slipped on icy steps at the front entrance; sprained ankle, ER visit at St. Luke's.",0
1931.37,AUTO,929,1,2,Backyard fence damaged by neighbour's tree falling during high winds on June 24.,0
1136.36,AUTO,1288,1,1,"Bicycle accident; broken collarbone, treated at Riverside Medical, X-rays and follow-up scheduled.",0
655.85,AUTO,762,0,0,Front-end collision when the other driver ran a red light at Pine Rd; police report filed.,0
509.49,PROPERTY,694,1,0,"Bicycle accident; broken collarbone, treated at St. Luke's, X-rays and follow-up scheduled.",0
1722.47,HEALTH,570,0,0,Lightning strike damaged HVAC unit on April 3; technician assessment attached.,0
1135.03,AUTO,622,0,1,"Minor parking lot collision at Home Depot; both drivers exchanged details, insurance info noted.",0
910.86,HEALTH,25,1,1,Water damage in the kitchen ceiling from a burst pipe in the upstairs bathroom on March 12.,0
8493.78,AUTO,156,0,0,"Side-swipe accident on highway; dashcam footage available, other driver's insurance contacted.",0
1665.16,HEALTH,1134,0,0,Backyard fence damaged by neighbour's tree falling during high winds on May 18.,0
6438.45,HEALTH,544,1,1,Water damage in the kitchen ceiling from a burst pipe in the upstairs bathroom on July 5.,0
1060.77,AUTO,1276,0,0,Rear-end collision at the intersection of Oak Ave and Maple Ave; minor whiplash and bumper damage.,0
2309.48,PROPERTY,596,1,0,"Bicycle accident; broken collarbone, treated at Riverside Medical, X-rays and follow-up scheduled.",0
1710.47,AUTO,1495,1,0,"Stolen valuables, all cash, no inventory list.",0
331.09,HEALTH,271,1,0,Front-end collision when the other driver ran a red light at Pine Rd; police report filed.,0
7542.72,HEALTH,282,0,1,Backyard fence damaged by neighbour's tree falling during high winds on May 18.,0
1579.47,LIFE,882,1,0,"Kitchen fire started from an unattended pan, contained by smoke detector and extinguisher.",0
3813.94,HEALTH,1204,1,2,"Vehicle disappeared from parking lot, no security camera footage.",1
852.33,PROPERTY,216,0,0,"Deer collision on the highway near exit 150; airbag deployed, vehicle towed.",0
1533.27,AUTO,754,1,1,Rear-end collision at the intersection of Elm Blvd and Cedar Lane; minor whiplash and bumper damage.,0
759.87,PROPERTY,336,1,0,Hailstorm on June 24 caused dents on the hood and cracked the windshield.,0
6222.94,AUTO,1106,0,0,"Bicycle accident; broken collarbone, treated at St. Luke's, X-rays and follow-up scheduled.",0
2468.61,PROPERTY,842,0,0,"Stolen valuables, all cash, no inventory list.",1
2609.86,AUTO,981,1,0,Tree branch fell during the storm on August 11 and dented the roof above the garage.,0
7031.7,LIFE,404,1,1,Tree branch fell during the storm on May 18 and dented the roof above the garage.,0
5746.47,LIFE,434,1,0,"Kitchen fire started from an unattended pan, contained by smoke detector and extinguisher.",0
3886.8,HEALTH,959,0,0,"Burglary while on vacation; entry through the back window, electronics and jewellery taken, police report #PR-70216.",0
436.27,HEALTH,530,0,0,"Bicycle accident; broken collarbone, treated at Riverside Medical, X-rays and follow-up scheduled.",0
901.74,HEALTH,1036,1,2,"Bicycle accident; broken collarbone, treated at City General, X-rays and follow-up scheduled.",0
662.56,AUTO,231,1,1,"Deer collision on the highway near exit 134; airbag deployed, vehicle towed.",0
3742.59,HEALTH,452,0,0,Tree branch fell during the storm on July 5 and dented the roof above the garage.,0
2144.48,HEALTH,153,1,0,"Slipped on icy steps at the front entrance; sprained ankle, ER visit at St. Luke's.",0
450.11,HEALTH,131,0,1,"Stolen valuables, all cash, no inventory list.",0
1497.06,AUTO,394,0,0,Hailstorm on March 12 caused dents on the hood and cracked the windshield.,0
405.81,PROPERTY,734,1,0,Tree branch fell during the storm on March 12 and dented the roof above the garage.,0
1714.44,AUTO,217,0,0,Front-end collision when the other driver ran a red light at 5th Ave; police report filed.,0
345.37,HEALTH,140,1,1,"Kitchen fire started from an unattended pan, contained by smoke detector and extinguisher.",0
3068.14,AUTO,1316,0,0,Hailstorm on April 3 caused dents on the hood and cracked the windshield.,0
2638.49,AUTO,773,1,0,"Deer collision on the highway near exit 107; airbag deployed, vehicle towed.",0
12184.85,AUTO,1073,0,0,Tree branch fell during the storm on July 5 and dented the roof above the garage.,0
4221.19,AUTO,1089,1,0,Tree branch fell during the storm on July 5 and dented the roof above the garage.,0
1184.51,HEALTH,153,1,0,"Minor parking lot collision at Target; both drivers exchanged details, insurance info noted.",0
4097.25,HEALTH,930,1,0,Rear-end collision at the intersection of Main St and Maple Ave; minor whiplash and bumper damage.,0
446.9,HEALTH,1291,1,0,"Pipe burst in basement; water damage to flooring and stored items, plumber invoice attached.",0
690.58,HEALTH,672,1,1,Backyard fence damaged by neighbour's tree falling during high winds on July 5.,0
2522.85,AUTO,1293,0,0,"Pipe burst in basement; water damage to flooring and stored items, plumber invoice attached.",0
208.88,AUTO,1418,1,1,Front-end collision when the other driver ran a red light at 5th Ave; police report filed.,0
1742.09,HEALTH,820,1,0,"Bicycle accident; broken collarbone, treated at St. Luke's, X-rays and follow-up scheduled.",0
651.8,HEALTH,153,1,0,"Minor parking lot collision at Costco; both drivers exchanged details, insurance info noted.",0
2000.81,HEALTH,926,0,0,"Property damage but no witnesses, claim is for full replacement value.",0
615.39,AUTO,1320,0,0,Water damage in the kitchen ceiling from a burst pipe in the upstairs bathroom on July 5.,0
2763.49,PROPERTY,869,0,0,Tree branch fell during the storm on May 18 and dented the roof above the garage.,0
1843.33,AUTO,1200,0,0,"Vehicle stolen, no GPS data, no security footage available.",0
7334.66,HEALTH,803,0,2,"Burglary while on vacation; entry through the back window, electronics and jewellery taken, police report #PR-82404.",0
1820.26,AUTO,630,1,2,"Items stolen, no witnesses, cash and electronics gone.",1
838.28,HEALTH,1418,0,0,"Items missing after recent move, exact value uncertain.",0
1412.5,HEALTH,230,0,1,"Side-swipe accident on highway; dashcam footage available, other driver's insurance contacted.",0
471.43,PROPERTY,671,0,1,Hailstorm on August 11 caused dents on the hood and cracked the windshield.,0
2713.89,AUTO,234,1,1,"House contents destroyed, fire of unknown origin, no smoke alarm activated.",1
3261.2,HEALTH,982,1,0,Water damage in the kitchen ceiling from a burst pipe in the upstairs bathroom on May 18.,0
21358.31,AUTO,1382,0,0,"Fire damage, unknown cause, total loss.",0
970.84,HEALTH,1496,1,1,"Minor parking lot collision at Costco; both drivers exchanged details, insurance info noted.",0
1383.27,AUTO,351,1,0,"Property damage but no witnesses, claim is for full replacement value.",1
1016.62,AUTO,1091,0,1,"Pipe burst in basement; water damage to flooring and stored items, plumber invoice attached.",0
2235.26,PROPERTY,1311,1,1,"Kitchen fire started from an unattended pan, contained by smoke detector and extinguisher.",0
2648.35,AUTO,1250,0,0,Front-end collision when the other driver ran a red light at 5th Ave; police report filed.,0
1714.07,AUTO,755,1,0,Backyard fence damaged by neighbour's tree falling during high winds on April 3.,0
5357.89,PROPERTY,262,1,2,"Side-swipe accident on highway; dashcam footage available, other driver's insurance contacted.",0
975.57,PROPERTY,693,1,1,"Bicycle accident; broken collarbone, treated at Mercy General, X-rays and follow-up scheduled.",0
4847.29,PROPERTY,1164,0,0,"Slipped on icy steps at the front entrance; sprained ankle, ER visit at Riverside Medical.",0
3097.96,AUTO,929,1,0,"Slipped on icy steps at the front entrance; sprained ankle, ER visit at St. Luke's.",0
1786.42,HEALTH,583,0,1,"Pipe burst in basement; water damage to flooring and stored items, plumber invoice attached.",0
1319.57,PROPERTY,323,1,1,Front-end collision when the other driver ran a red light at Oak Ave; police report filed.,0
20469.02,AUTO,978,1,2,Rear-end collision at the intersection of Main St and Walnut Rd; minor whiplash and bumper damage.,1
798.7,PROPERTY,643,0,0,Tree branch fell during the storm on July 5 and dented the roof above the garage.,0
2435.56,AUTO,708,1,1,"Burglary while on vacation; entry through the back window, electronics and jewellery taken, police report #PR-98710.",0
853.87,PROPERTY,1407,1,0,"Minor parking lot collision at Walmart; both drivers exchanged details, insurance info noted.",0
10781.86,HEALTH,14,0,0,Lightning strike damaged HVAC unit on June 24; technician assessment attached.,0
4388.87,HEALTH,358,1,1,Hailstorm on July 5 caused dents on the hood and cracked the windshield.,0
917.5,HEALTH,1379,1,0,"Fire damage, unknown cause, total loss.",1
3018.74,AUTO,1382,0,0,"Minor parking lot collision at Target; both drivers exchanged details, insurance info noted.",0
2339.51,AUTO,454,1,1,Water damage in the kitchen ceiling from a burst pipe in the upstairs bathroom on April 3.,0
1078.55,PROPERTY,1491,1,1,Water damage in the kitchen ceiling from a burst pipe in the upstairs bathroom on May 18.,1
3859.0,HEALTH,318,1,1,"Sudden mechanical failure, vehicle written off, no third party.",0
2668.59,HEALTH,78,0,1,"Slipped on icy steps at the front entrance; sprained ankle, ER visit at Mercy General.",0
2243.29,AUTO,461,1,1,Water damage in the kitchen ceiling from a burst pipe in the upstairs bathroom on June 24.,0
1733.82,HEALTH,797,1,0,"House contents destroyed, fire of unknown origin, no smoke alarm activated.",1
2782.36,AUTO,10,1,0,"Kitchen fire started from an unattended pan, contained by smoke detector and extinguisher.",0
2274.21,AUTO,258,0,0,"Pipe burst in basement; water damage to flooring and stored items, plumber invoice attached.",0
1918.11,PROPERTY,1186,1,2,Rear-end collision at the intersection of Oak Ave and Cedar Lane; minor whiplash and bumper damage.,0
952.4,HEALTH,932,1,0,"Pipe burst in basement; water damage to flooring and stored items, plumber invoice attached.",0
9835.62,HEALTH,908,0,0,"Burglary while on vacation; entry through the back window, electronics and jewellery taken, police report #PR-83028.",0
632.44,LIFE,1484,1,0,"Minor parking lot collision at Target; both drivers exchanged details, insurance info noted.",0
2772.86,AUTO,343,1,0,"Bicycle accident; broken collarbone, treated at St. Luke's, X-rays and follow-up scheduled.",0
1312.59,PROPERTY,1345,1,1,"Side-swipe accident on highway; dashcam footage available, other driver's insurance contacted.",0
10504.38,HEALTH,533,1,0,Hailstorm on May 18 caused dents on the hood and cracked the windshield.,0
732.54,HEALTH,1387,0,1,Lightning strike damaged HVAC unit on July 5; technician assessment attached.,0
866.74,AUTO,1174,1,0,"Bicycle accident; broken collarbone, treated at City General, X-rays and follow-up scheduled.",0
685.52,AUTO,320,0,0,Rear-end collision at the intersection of Pine Rd and Cedar Lane; minor whiplash and bumper damage.,0
2498.55,HEALTH,314,1,0,Tree branch fell during the storm on April 3 and dented the roof above the garage.,0
458.04,AUTO,813,1,0,"Side-swipe accident on highway; dashcam footage available, other driver's insurance contacted.",0
1120.43,AUTO,754,0,0,Rear-end collision at the intersection of Elm Blvd and Maple Ave; minor whiplash and bumper damage.,0
210.11,HEALTH,353,1,1,Front-end collision when the other driver ran a red light at Elm Blvd; police report filed.,0
2299.44,PROPERTY,391,1,0,Water damage in the kitchen ceiling from a burst pipe in the upstairs bathroom on March 12.,0
1096.4,AUTO,1349,0,1,Hailstorm on July 5 caused dents on the hood and cracked the windshield.,0
408.28,PROPERTY,1130,0,0,"House contents destroyed, fire of unknown origin, no smoke alarm activated.",1
5354.05,PROPERTY,287,1,0,"Pipe burst in basement; water damage to flooring and stored items, plumber invoice attached.",0
488.99,PROPERTY,1088,1,0,Hailstorm on August 11 caused dents on the hood and cracked the windshield.,0
4011.59,PROPERTY,231,0,0,"Stolen valuables, all cash, no inventory list.",1
896.91,PROPERTY,668,1,1,"Minor parking lot collision at Costco; both drivers exchanged details, insurance info noted.",0
8969.38,AUTO,19,0,0,Rear-end collision at the intersection of Main St and Birch St; minor whiplash and bumper damage.,1
3825.91,AUTO,974,1,0,Water damage in the kitchen ceiling from a burst pipe in the upstairs bathroom on August 11.,0
659.81,PROPERTY,273,0,0,"Bicycle accident; broken collarbone, treated at St. Luke's, X-rays and follow-up scheduled.",0
722.64,HEALTH,354,0,1,Hailstorm on April 3 caused dents on the hood and cracked the windshield.,0
3312.72,PROPERTY,285,1,1,"Minor parking lot collision at Walmart; both drivers exchanged details, insurance info noted.",0
1390.78,LIFE,275,0,0,"Minor parking lot collision at Costco; both drivers exchanged details, insurance info noted.",0
1526.39,AUTO,117,1,1,Tree branch fell during the storm on March 12 and dented the roof above the garage.,0
6452.6,AUTO,832,0,0,Tree branch fell during the storm on May 18 and dented the roof above the garage.,0
855.18,HEALTH,1301,0,0,"Minor parking lot collision at Home Depot; both drivers exchanged details, insurance info noted.",0
1980.87,AUTO,452,1,0,"Burglary while on vacation; entry through the back window, electronics and jewellery taken, police report #PR-52362.",0
4696.76,HEALTH,1170,1,2,Rear-end collision at the intersection of 5th Ave and Cedar Lane; minor whiplash and bumper damage.,0
4060.73,PROPERTY,815,0,0,"Side-swipe accident on highway; dashcam footage available, other driver's insurance contacted.",0
1541.31,HEALTH,382,1,1,"Deer collision on the highway near exit 10; airbag deployed, vehicle towed.",0
1354.37,AUTO,93,0,1,Front-end collision when the other driver ran a red light at 5th Ave; police report filed.,0
317.72,PROPERTY,1175,1,1,Hailstorm on March 12 caused dents on the hood and cracked the windshield.,0
628.76,AUTO,35,0,0,"Slipped on icy steps at the front entrance; sprained ankle, ER visit at City General.",0
2485.82,PROPERTY,633,1,3,Lightning strike damaged HVAC unit on March 12; technician assessment attached.,0
1575.17,AUTO,52,0,1,"Cash and gold coins stolen from home safe, exact amounts approximate.",0
1948.72,PROPERTY,1163,1,1,Tree branch fell during the storm on June 24 and dented the roof above the garage.,0
5111.53,HEALTH,1484,1,0,Hailstorm on August 11 caused dents on the hood and cracked the windshield.,0
551.52,HEALTH,485,1,2,Rear-end collision at the intersection of 5th Ave and Birch St; minor whiplash and bumper damage.,0
1427.7,HEALTH,471,0,0,"Side-swipe accident on highway; dashcam footage available, other driver's insurance contacted.",0
2183.56,AUTO,847,0,0,"Side-swipe accident on highway; dashcam footage available, other driver's insurance contacted.",0
894.12,HEALTH,753,0,0,"Kitchen fire started from an unattended pan, contained by smoke detector and extinguisher.",0
7566.43,PROPERTY,573,1,0,"Deer collision on the highway near exit 33; airbag deployed, vehicle towed.",0
4485.42,PROPERTY,549,0,1,"Property damage but no witnesses, claim is for full replacement value.",0
2416.64,AUTO,282,1,0,"Burglary while on vacation; entry through the back window, electronics and jewellery taken, police report #PR-84791.",0
10875.11,HEALTH,376,0,1,"Broken items, unwitnessed accident at home.",1
403.87,PROPERTY,878,1,0,Backyard fence damaged by neighbour's tree falling during high winds on April 3.,0
1794.13,PROPERTY,1101,1,0,"Kitchen fire started from an unattended pan, contained by smoke detector and extinguisher.",0
2607.99,HEALTH,1126,1,0,Hailstorm on April 3 caused dents on the hood and cracked the windshield.,0
724.47,AUTO,775,1,0,"Deer collision on the highway near exit 83; airbag deployed, vehicle towed.",0
2442.35,PROPERTY,1129,1,1,"Stolen valuables, all cash, no inventory list.",1
597.9,AUTO,888,1,3,"Deer collision on the highway near exit 168; airbag deployed, vehicle towed.",0
3606.73,AUTO,535,1,2,"Side-swipe accident on highway; dashcam footage available, other driver's insurance contacted.",0
5207.39,PROPERTY,530,1,0,Water damage in the kitchen ceiling from a burst pipe in the upstairs bathroom on July 5.,0
2374.0,AUTO,778,1,2,Water damage in the kitchen ceiling from a burst pipe in the upstairs bathroom on March 12.,0
283.5,PROPERTY,462,0,1,"Deer collision on the highway near exit 91; airbag deployed, vehicle towed.",0
687.6,AUTO,1145,1,1,Lightning strike damaged HVAC unit on June 24; technician assessment attached.,0
3180.23,PROPERTY,278,1,0,Water damage in the kitchen ceiling from a burst pipe in the upstairs bathroom on April 3.,0
1846.78,LIFE,82,0,0,"Deer collision on the highway near exit 38; airbag deployed, vehicle towed.",0
122.24,LIFE,737,0,0,"Burglary while on vacation; entry through the back window, electronics and jewellery taken, police report #PR-85251.",0
6265.6,PROPERTY,108,1,0,"Pipe burst in basement; water damage to flooring and stored items, plumber invoice attached.",0
2072.8,PROPERTY,288,0,0,Front-end collision when the other driver ran a red light at Pine Rd; police report filed.,0
797.06,AUTO,564,1,0,Backyard fence damaged by neighbour's tree falling during high winds on August 11.,0
4890.04,LIFE,7,1,1,"Kitchen fire started from an unattended pan, contained by smoke detector and extinguisher.",0
918.24,PROPERTY,335,0,1,Backyard fence damaged by neighbour's tree falling during high winds on April 3.,0
908.28,HEALTH,817,0,1,"Deer collision on the highway near exit 156; airbag deployed, vehicle towed.",0
2587.25,HEALTH,562,0,0,"Kitchen fire started from an unattended pan, contained by smoke detector and extinguisher.",0
10732.57,AUTO,1344,0,1,"Lost expensive jewellery, no receipt, not sure when.",1
9169.03,HEALTH,141,1,0,Water damage in the kitchen ceiling from a burst pipe in the upstairs bathroom on March 12.,0
2590.77,PROPERTY,1079,1,1,"Deer collision on the highway near exit 168; airbag deployed, vehicle towed.",0
2870.91,HEALTH,888,1,0,"Bicycle accident; broken collarbone, treated at Mercy General, X-rays and follow-up scheduled.",0
3989.81,HEALTH,966,0,1,"Total loss, no documentation available.",0
514.41,HEALTH,1007,1,0,"Deer collision on the highway near exit 34; airbag deployed, vehicle towed.",0
3443.17,AUTO,79,0,0,"Bicycle accident; broken collarbone, treated at Mercy General, X-rays and follow-up scheduled.",0
867.77,LIFE,1187,1,0,Water damage in the kitchen ceiling from a burst pipe in the upstairs bathroom on August 11.,0
2486.12,AUTO,497,0,0,"Kitchen fire started from an unattended pan, contained by smoke detector and extinguisher.",0
1440.19,AUTO,976,1,1,"Deer collision on the highway near exit 86; airbag deployed, vehicle towed.",0
2984.56,AUTO,441,1,1,Front-end collision when the other driver ran a red light at Pine Rd; police report filed.,0
2034.7,PROPERTY,595,0,1,Rear-end collision at the intersection of Elm Blvd and Maple Ave; minor whiplash and bumper damage.,0
83.68,PROPERTY,1050,1,0,Tree branch fell during the storm on May 18 and dented the roof above the garage.,0
2162.22,AUTO,1402,0,0,"Kitchen fire started from an unattended pan, contained by smoke detector and extinguisher.",0
3436.31,AUTO,1317,0,1,"Minor parking lot collision at Walmart; both drivers exchanged details, insurance info noted.",0
2824.05,HEALTH,1089,1,0,Rear-end collision at the intersection of Oak Ave and Maple Ave; minor whiplash and bumper damage.,0
1631.76,AUTO,808,1,0,Water damage in the kitchen ceiling from a burst pipe in the upstairs bathroom on June 24.,0
9340.94,PROPERTY,791,0,0,"Kitchen fire started from an unattended pan, contained by smoke detector and extinguisher.",0
2468.52,AUTO,1448,0,0,"Minor parking lot collision at Home Depot; both drivers exchanged details, insurance info noted.",0
2800.84,HEALTH,311,0,1,Lightning strike damaged HVAC unit on July 5; technician assessment attached.,0
5138.37,AUTO,1431,1,2,Backyard fence damaged by neighbour's tree falling during high winds on August 11.,0
2598.25,HEALTH,973,1,2,"Minor parking lot collision at Costco; both drivers exchanged details, insurance info noted.",0
736.55,HEALTH,924,0,1,"Damage occurred while alone, nobody saw, no police report.",1
157.85,AUTO,887,0,1,"Side-swipe accident on highway; dashcam footage available, other driver's insurance contacted.",0
1122.01,AUTO,1218,1,2,"Pipe burst in basement; water damage to flooring and stored items, plumber invoice attached.",0
3869.75,AUTO,1025,1,0,"Side-swipe accident on highway; dashcam footage available, other driver's insurance contacted.",0
1270.17,AUTO,143,0,2,"Pipe burst in basement; water damage to flooring and stored items, plumber invoice attached.",0
4028.62,LIFE,1171,1,1,"Kitchen fire started from an unattended pan, contained by smoke detector and extinguisher.",0
2097.98,AUTO,1093,0,0,"Bicycle accident; broken collarbone, treated at St. Luke's, X-rays and follow-up scheduled.",0
6555.54,AUTO,1372,0,2,"Minor parking lot collision at Home Depot; both drivers exchanged details, insurance info noted.",0
1345.85,AUTO,1404,1,0,Backyard fence damaged by neighbour's tree falling during high winds on March 12.,0
2885.97,PROPERTY,1423,1,0,"Items stolen, no witnesses, cash and electronics gone.",1
2998.55,PROPERTY,65,0,0,"Kitchen fire started from an unattended pan, contained by smoke detector and extinguisher.",0
8116.07,PROPERTY,945,1,0,Hailstorm on August 11 caused dents on the hood and cracked the windshield.,0
328.11,HEALTH,1401,1,1,"Slipped on icy steps at the front entrance; sprained ankle, ER visit at St. Luke's.",0
1143.21,PROPERTY,1448,1,0,"Burglary while on vacation; entry through the back window, electronics and jewellery taken, police report #PR-85809.",0
4223.91,HEALTH,824,1,0,Hailstorm on April 3 caused dents on the hood and cracked the windshield.,0
8483.65,PROPERTY,1367,1,1,"House contents destroyed, fire of unknown origin, no smoke alarm activated.",0
2298.64,PROPERTY,1320,1,0,"Side-swipe accident on highway; dashcam footage available, other driver's insurance contacted.",0
1349.24,AUTO,4,0,0,"Vehicle stolen, no GPS data, no security footage available.",1
3854.97,HEALTH,1327,1,0,Rear-end collision at the intersection of Elm Blvd and Maple Ave; minor whiplash and bumper damage.,0
4310.04,AUTO,956,0,0,Hailstorm on April 3 caused dents on the hood and cracked the windshield.,0
1261.86,AUTO,861,1,1,"Minor parking lot collision at Target; both drivers exchanged details, insurance info noted.",0
2515.7,PROPERTY,268,0,0,"Side-swipe accident on highway; dashcam footage available, other driver's insurance contacted.",0
5887.15,AUTO,1378,1,0,"Kitchen fire started from an unattended pan, contained by smoke detector and extinguisher.",0
11973.59,PROPERTY,443,1,0,Front-end collision when the other driver ran a red light at Elm Blvd; police report filed.,0
3799.42,LIFE,627,0,0,Rear-end collision at the intersection of Oak Ave and Cedar Lane; minor whiplash and bumper damage.,0
1889.63,HEALTH,446,0,1,"Minor parking lot collision at Home Depot; both drivers exchanged details, insurance info noted.",0
1712.87,AUTO,1454,0,0,"Deer collision on the highway near exit 64; airbag deployed, vehicle towed.",0
3157.06,HEALTH,725,1,2,Lightning strike damaged HVAC unit on August 11; technician assessment attached.,0
1610.54,PROPERTY,171,0,0,"Vehicle stolen, no GPS data, no security footage available.",1
2185.59,AUTO,17,1,1,Car was damaged.,1
627.74,AUTO,1470,1,2,Hailstorm on July 5 caused dents on the hood and cracked the windshield.,0
6614.75,HEALTH,354,1,0,"Side-swipe accident on highway; dashcam footage available, other driver's insurance contacted.",0
578.14,PROPERTY,1156,1,1,Front-end collision when the other driver ran a red light at Elm Blvd; police report filed.,0
1173.67,AUTO,44,0,0,Tree branch fell during the storm on July 5 and dented the roof above the garage.,0
1993.39,AUTO,1345,1,0,"Burglary while on vacation; entry through the back window, electronics and jewellery taken, police report #PR-79628.",0
13239.86,LIFE,976,1,0,Front-end collision when the other driver ran a red light at 5th Ave; police report filed.,0
1184.79,AUTO,337,1,1,Hailstorm on April 3 caused dents on the hood and cracked the windshield.,0
928.88,AUTO,1334,1,0,Car was damaged.,0
1042.3,HEALTH,447,0,0,Front-end collision when the other driver ran a red light at Main St; police report filed.,0
9498.58,AUTO,1496,1,1,"Items missing after recent move, exact value uncertain.",1
108.6,AUTO,899,1,1,Tree branch fell during the storm on July 5 and dented the roof above the garage.,0
663.32,HEALTH,673,0,0,Hailstorm on July 5 caused dents on the hood and cracked the windshield.,0
27758.26,HEALTH,88,0,1,Front-end collision when the other driver ran a red light at Elm Blvd; police report filed.,0
3264.57,HEALTH,390,0,0,Lightning strike damaged HVAC unit on July 5; technician assessment attached.,0
598.25,AUTO,88,1,0,Tree branch fell during the storm on March 12 and dented the roof above the garage.,0
1733.82,HEALTH,1279,0,0,"Deer collision on the highway near exit 120; airbag deployed, vehicle towed.",0
1934.21,HEALTH,151,1,0,"Bicycle accident; broken collarbone, treated at St. Luke's, X-rays and follow-up scheduled.",0
4213.82,PROPERTY,170,1,0,"Burglary while on vacation; entry through the back window, electronics and jewellery taken, police report #PR-56888.",0
11378.74,PROPERTY,187,0,1,"Bicycle accident; broken collarbone, treated at City General, X-rays and follow-up scheduled.",0
2666.58,HEALTH,1461,0,0,"Damage occurred while alone, nobody saw, no police report.",1
1053.86,PROPERTY,1455,0,1,Front-end collision when the other driver ran a red light at Main St; police report filed.,0
3972.24,PROPERTY,1072,0,0,"Bicycle accident; broken collarbone, treated at City General, X-rays and follow-up scheduled.",0
899.42,AUTO,111,1,1,Rear-end collision at the intersection of Elm Blvd and Maple Ave; minor whiplash and bumper damage.,0
643.33,LIFE,756,1,0,"Pipe burst in basement; water damage to flooring and stored items, plumber invoice attached.",0
311.09,PROPERTY,1422,1,0,Front-end collision when the other driver ran a red light at 5th Ave; police report filed.,0
377.99,AUTO,145,1,0,"Side-swipe accident on highway; dashcam footage available, other driver's insurance contacted.",0
737.71,AUTO,1190,0,0,Tree branch fell during the storm on May 18 and dented the roof above the garage.,0
556.8,HEALTH,28,1,0,Tree branch fell during the storm on June 24 and dented the roof above the garage.,0
2473.12,HEALTH,1206,1,0,"Damage occurred while alone, nobody saw, no police report.",1
544.9,PROPERTY,817,1,2,"Vehicle disappeared from parking lot, no security camera footage.",1
77.97,HEALTH,1331,0,1,Lightning strike damaged HVAC unit on June 24; technician assessment attached.,0
636.57,AUTO,621,0,0,"Side-swipe accident on highway; dashcam footage available, other driver's insurance contacted.",1
1127.93,AUTO,1178,1,0,Rear-end collision at the intersection of Main St and Walnut Rd; minor whiplash and bumper damage.,0
986.88,PROPERTY,1264,1,0,Water damage in the kitchen ceiling from a burst pipe in the upstairs bathroom on August 11.,0
8262.85,AUTO,488,0,0,"Bicycle accident; broken collarbone, treated at Riverside Medical, X-rays and follow-up scheduled.",1
978.93,PROPERTY,963,0,0,"Minor parking lot collision at Walmart; both drivers exchanged details, insurance info noted.",0
4363.04,AUTO,691,1,0,"Bicycle accident; broken collarbone, treated at Riverside Medical, X-rays and follow-up scheduled.",0
1774.04,HEALTH,648,1,0,Rear-end collision at the intersection of Main St and Cedar Lane; minor whiplash and bumper damage.,0
1733.15,HEALTH,1199,1,0,Front-end collision when the other driver ran a red light at Pine Rd; police report filed.,0
784.17,AUTO,339,0,1,Rear-end collision at the intersection of Main St and Walnut Rd; minor whiplash and bumper damage.,0
1704.82,HEALTH,180,0,0,Hailstorm on August 11 caused dents on the hood and cracked the windshield.,0
841.26,HEALTH,721,1,0,Backyard fence damaged by neighbour's tree falling during high winds on June 24.,0
2143.13,AUTO,1232,1,0,Hailstorm on June 24 caused dents on the hood and cracked the windshield.,0
1427.6,AUTO,245,0,1,Tree branch fell during the storm on March 12 and dented the roof above the garage.,0
703.01,PROPERTY,510,1,0,Tree branch fell during the storm on July 5 and dented the roof above the garage.,0
4875.09,PROPERTY,1000,1,1,Backyard fence damaged by neighbour's tree falling during high winds on June 24.,0
2770.66,HEALTH,715,1,0,"Slipped on icy steps at the front entrance; sprained ankle, ER visit at Riverside Medical.",0
1155.09,PROPERTY,908,0,1,"Side-swipe accident on highway; dashcam footage available, other driver's insurance contacted.",0
2091.2,AUTO,792,1,0,"Burglary while on vacation; entry through the back window, electronics and jewellery taken, police report #PR-43162.",0
1662.67,AUTO,1215,1,0,Water damage in the kitchen ceiling from a burst pipe in the upstairs bathroom on March 12.,0
759.31,HEALTH,1313,0,0,Rear-end collision at the intersection of Elm Blvd and Walnut Rd; minor whiplash and bumper damage.,0
1940.1,HEALTH,674,0,0,Front-end collision when the other driver ran a red light at Oak Ave; police report filed.,0
971.64,PROPERTY,647,0,1,"Bicycle accident; broken collarbone, treated at Mercy General, X-rays and follow-up scheduled.",0
702.8,AUTO,418,0,0,"Side-swipe accident on highway; dashcam footage available, other driver's insurance contacted.",0
356.82,HEALTH,666,1,0,Hailstorm on April 3 caused dents on the hood and cracked the windshield.,0
1263.19,HEALTH,1254,1,0,"Slipped on icy steps at the front entrance; sprained ankle, ER visit at City General.",0
3187.43,AUTO,752,0,1,"Damage occurred while alone, nobody saw, no police report.",0
902.66,HEALTH,1036,1,1,"Pipe burst in basement; water damage to flooring and stored items, plumber invoice attached.",0
22487.36,HEALTH,628,0,0,"Burglary while on vacation; entry through the back window, electronics and jewellery taken, police report #PR-38272.",0
4383.86,AUTO,1060,1,1,Hailstorm on June 24 caused dents on the hood and cracked the windshield.,0
6663.03,AUTO,1068,1,0,"Slipped on icy steps at the front entrance; sprained ankle, ER visit at City General.",0
4004.78,AUTO,792,0,0,"Bicycle accident; broken collarbone, treated at City General, X-rays and follow-up scheduled.",0
11531.81,PROPERTY,1401,1,0,Backyard fence damaged by neighbour's tree falling during high winds on July 5.,0
823.03,AUTO,1314,1,1,"Sudden mechanical failure, vehicle written off, no third party.",1
139.67,AUTO,238,0,0,Rear-end collision at the intersection of Oak Ave and Cedar Lane; minor whiplash and bumper damage.,0
1157.33,AUTO,342,1,1,"Bicycle accident; broken collarbone, treated at Mercy General, X-rays and follow-up scheduled.",0
3159.66,AUTO,1432,0,1,"Burglary while on vacation; entry through the back window, electronics and jewellery taken, police report #PR-18862.",0
2103.83,AUTO,603,0,1,"Slipped on icy steps at the front entrance; sprained ankle, ER visit at St. Luke's.",0
2381.47,HEALTH,466,1,1,"Slipped on icy steps at the front entrance; sprained ankle, ER visit at Mercy General.",0
6774.43,AUTO,1194,1,3,"Minor parking lot collision at Costco; both drivers exchanged details, insurance info noted.",0
2649.32,AUTO,903,0,0,"Side-swipe accident on highway; dashcam footage available, other driver's insurance contacted.",0
4019.5,AUTO,200,0,1,"Property damage but no witnesses, claim is for full replacement value.",1
706.58,HEALTH,138,0,2,Lightning strike damaged HVAC unit on May 18; technician assessment attached.,0
604.62,AUTO,1212,0,0,"Vehicle disappeared from parking lot, no security camera footage.",1
9082.58,HEALTH,1147,0,0,"Slipped on icy steps at the front entrance; sprained ankle, ER visit at Mercy General.",0
2000.0,HEALTH,529,1,1,Tree branch fell during the storm on August 11 and dented the roof above the garage.,0
969.49,PROPERTY,1293,1,0,Lightning strike damaged HVAC unit on June 24; technician assessment attached.,0
971.27,AUTO,189,1,1,"Minor parking lot collision at Walmart; both drivers exchanged details, insurance info noted.",0
944.71,PROPERTY,1303,1,0,Rear-end collision at the intersection of Pine Rd and Maple Ave; minor whiplash and bumper damage.,0
889.84,HEALTH,119,0,0,"Slipped on icy steps at the front entrance; sprained ankle, ER visit at Riverside Medical.",0
501.12,AUTO,954,1,0,"Minor parking lot collision at Home Depot; both drivers exchanged details, insurance info noted.",0
403.26,HEALTH,1264,1,0,"Stolen valuables, all cash, no inventory list.",0
1487.71,PROPERTY,929,1,2,"Burglary while on vacation; entry through the back window, electronics and jewellery taken, police report #PR-38534.",0
999.32,AUTO,1168,1,1,Hailstorm on August 11 caused dents on the hood and cracked the windshield.,0
5470.69,AUTO,516,0,0,Tree branch fell during the storm on April 3 and dented the roof above the garage.,0
2423.76,HEALTH,432,0,0,"Damage occurred while alone, nobody saw, no police report.",1
2357.41,AUTO,399,1,1,"Deer collision on the highway near exit 180; airbag deployed, vehicle towed.",0
859.95,LIFE,175,1,1,Lightning strike damaged HVAC unit on August 11; technician assessment attached.,0
1601.94,AUTO,416,1,1,"Side-swipe accident on highway; dashcam footage available, other driver's insurance contacted.",0
2594.12,AUTO,371,1,1,"Bicycle accident; broken collarbone, treated at City General, X-rays and follow-up scheduled.",1
3700.4,AUTO,1135,0,0,"Bicycle accident; broken collarbone, treated at City General, X-rays and follow-up scheduled.",0
1646.01,AUTO,320,0,1,Rear-end collision at the intersection of Oak Ave and Maple Ave; minor whiplash and bumper damage.,0
5319.44,PROPERTY,249,1,2,Hailstorm on March 12 caused dents on the hood and cracked the windshield.,0
1822.55,PROPERTY,1099,0,0,Front-end collision when the other driver ran a red light at Pine Rd; police report filed.,0
3995.19,PROPERTY,807,1,0,"Burglary while on vacation; entry through the back window, electronics and jewellery taken, police report #PR-89231.",0
1107.82,HEALTH,324,1,0,Hailstorm on July 5 caused dents on the hood and cracked the windshield.,0
295.13,HEALTH,1059,0,1,"Deer collision on the highway near exit 99; airbag deployed, vehicle towed.",0
2364.59,AUTO,324,0,2,"Bicycle accident; broken collarbone, treated at Riverside Medical, X-rays and follow-up scheduled.",0
3734.33,AUTO,1178,1,1,Front-end collision when the other driver ran a red light at 5th Ave; police report filed.,0
3214.24,PROPERTY,49,1,0,Lightning strike damaged HVAC unit on May 18; technician assessment attached.,0
2757.79,HEALTH,885,1,0,"Slipped on icy steps at the front entrance; sprained ankle, ER visit at Riverside Medical.",0
1275.91,HEALTH,895,0,2,"Cash and gold coins stolen from home safe, exact amounts approximate.",1
806.94,HEALTH,559,0,0,"Burglary while on vacation; entry through the back window, electronics and jewellery taken, police report #PR-13400.",0
3139.22,PROPERTY,1033,0,0,"Slipped on icy steps at the front entrance; sprained ankle, ER visit at St. Luke's.",0
2769.57,AUTO,570,0,0,"Minor parking lot collision at Target; both drivers exchanged details, insurance info noted.",0
1031.84,PROPERTY,980,0,0,Tree branch fell during the storm on April 3 and dented the roof above the garage.,0
5483.09,PROPERTY,336,1,2,Lightning strike damaged HVAC unit on June 24; technician assessment attached.,0
747.8,PROPERTY,853,0,1,"Slipped on icy steps at the front entrance; sprained ankle, ER visit at Riverside Medical.",0
1008.76,AUTO,1134,1,0,"Burglary while on vacation; entry through the back window, electronics and jewellery taken, police report #PR-36308.",0
9287.5,AUTO,1449,1,1,"Minor parking lot collision at Costco; both drivers exchanged details, insurance info noted.",0
4309.52,HEALTH,541,1,0,"Minor parking lot collision at Walmart; both drivers exchanged details, insurance info noted.",0
1263.94,PROPERTY,709,1,0,Water damage in the kitchen ceiling from a burst pipe in the upstairs bathroom on July 5.,0
2410.0,LIFE,715,0,1,Hailstorm on July 5 caused dents on the hood and cracked the windshield.,0
2110.74,HEALTH,1290,1,0,"Pipe burst in basement; water damage to flooring and stored items, plumber invoice attached.",0
116.09,AUTO,1443,0,0,"Side-swipe accident on highway; dashcam footage available, other driver's insurance contacted.",0
730.35,AUTO,969,0,0,Backyard fence damaged by neighbour's tree falling during high winds on July 5.,0
1718.41,HEALTH,1233,1,0,"Cash and gold coins stolen from home safe, exact amounts approximate.",0
1265.71,AUTO,127,0,0,Tree branch fell during the storm on June 24 and dented the roof above the garage.,0
2314.86,HEALTH,1139,0,1,"Broken items, unwitnessed accident at home.",0
5594.18,PROPERTY,1215,1,0,"Side-swipe accident on highway; dashcam footage available, other driver's insurance contacted.",0
1310.89,AUTO,1072,1,2,Lightning strike damaged HVAC unit on May 18; technician assessment attached.,0
627.88,AUTO,876,0,0,"Side-swipe accident on highway; dashcam footage available, other driver's insurance contacted.",0
2502.01,AUTO,1349,0,0,"Bicycle accident; broken collarbone, treated at Riverside Medical, X-rays and follow-up scheduled.",0
1304.24,AUTO,980,0,0,Rear-end collision at the intersection of Oak Ave and Cedar Lane; minor whiplash and bumper damage.,0
1546.79,HEALTH,1269,1,1,"Pipe burst in basement; water damage to flooring and stored items, plumber invoice attached.",0
1350.49,AUTO,271,1,0,Front-end collision when the other driver ran a red light at 5th Ave; police report filed.,0
17014.78,AUTO,998,0,0,"Burglary while on vacation; entry through the back window, electronics and jewellery taken, police report #PR-89849.",0
192.35,AUTO,656,1,0,Water damage in the kitchen ceiling from a burst pipe in the upstairs bathroom on March 12.,0
1226.19,AUTO,1302,1,0,"Slipped on icy steps at the front entrance; sprained ankle, ER visit at City General.",0
1801.38,HEALTH,1320,1,1,"Bicycle accident; broken collarbone, treated at Mercy General, X-rays and follow-up scheduled.",0
827.87,HEALTH,1266,1,0,"Kitchen fire started from an unattended pan, contained by smoke detector and extinguisher.",0
4446.29,HEALTH,323,1,1,Front-end collision when the other driver ran a red light at Oak Ave; police report filed.,0
4077.57,HEALTH,738,1,0,Rear-end collision at the intersection of 5th Ave and Birch St; minor whiplash and bumper damage.,0
1723.73,AUTO,1,1,0,"Deer collision on the highway near exit 55; airbag deployed, vehicle towed.",0
1379.29,HEALTH,1469,0,0,"Pipe burst in basement; water damage to flooring and stored items, plumber invoice attached.",0
1616.54,AUTO,387,0,0,Backyard fence damaged by neighbour's tree falling during high winds on August 11.,0
1628.17,PROPERTY,937,0,0,"Burglary while on vacation; entry through the back window, electronics and jewellery taken, police report #PR-69136.",0
1671.75,AUTO,731,1,1,"Minor parking lot collision at Costco; both drivers exchanged details, insurance info noted.",0
1498.17,HEALTH,1357,0,0,"Kitchen fire started from an unattended pan, contained by smoke detector and extinguisher.",0
2327.27,AUTO,1232,1,0,"Minor parking lot collision at Target; both drivers exchanged details, insurance info noted.",0
3839.94,PROPERTY,1165,0,1,"Kitchen fire started from an unattended pan, contained by smoke detector and extinguisher.",0
528.34,AUTO,965,1,0,Lightning strike damaged HVAC unit on August 11; technician assessment attached.,0
632.28,PROPERTY,179,0,1,"Slipped on icy steps at the front entrance; sprained ankle, ER visit at City General.",0
314.66,AUTO,1378,1,1,"Bicycle accident; broken collarbone, treated at City General, X-rays and follow-up scheduled.",0
4300.12,PROPERTY,94,1,1,Backyard fence damaged by neighbour's tree falling during high winds on April 3.,0
2322.32,HEALTH,683,1,0,"Deer collision on the highway near exit 143; airbag deployed, vehicle towed.",0
2996.7,AUTO,569,1,0,"Minor parking lot collision at Costco; both drivers exchanged details, insurance info noted.",0
432.9,AUTO,586,1,1,"Total loss, no documentation available.",0
10774.61,AUTO,1465,1,0,"Burglary while on vacation; entry through the back window, electronics and jewellery taken, police report #PR-34811.",0
983.53,PROPERTY,347,1,1,Front-end collision when the other driver ran a red light at 5th Ave; police report filed.,0
2139.24,PROPERTY,870,1,0,Rear-end collision at the intersection of Elm Blvd and Cedar Lane; minor whiplash and bumper damage.,0
4248.77,AUTO,327,1,0,Hailstorm on June 24 caused dents on the hood and cracked the windshield.,0
673.86,AUTO,1367,1,1,"Minor parking lot collision at Home Depot; both drivers exchanged details, insurance info noted.",0
1046.99,AUTO,1104,1,0,"Pipe burst in basement; water damage to flooring and stored items, plumber invoice attached.",0
2162.83,AUTO,622,1,1,"Bicycle accident; broken collarbone, treated at City General, X-rays and follow-up scheduled.",0
31491.5,HEALTH,121,1,0,"Items missing after recent move, exact value uncertain.",0
2443.35,AUTO,229,1,0,"Slipped on icy steps at the front entrance; sprained ankle, ER visit at Mercy General.",0
9012.44,AUTO,364,0,0,"Bicycle accident; broken collarbone, treated at Mercy General, X-rays and follow-up scheduled.",0
6037.06,PROPERTY,610,0,0,"Deer collision on the highway near exit 37; airbag deployed, vehicle towed.",0
2612.36,PROPERTY,1328,1,0,Water damage in the kitchen ceiling from a burst pipe in the upstairs bathroom on April 3.,0
672.37,PROPERTY,180,1,1,"Minor parking lot collision at Target; both drivers exchanged details, insurance info noted.",0
5217.4,AUTO,865,1,0,"Slipped on icy steps at the front entrance; sprained ankle, ER visit at Riverside Medical.",1
404.19,PROPERTY,521,1,0,"Slipped on icy steps at the front entrance; sprained ankle, ER visit at Mercy General.",0
8963.13,HEALTH,70,1,0,Water damage in the kitchen ceiling from a burst pipe in the upstairs bathroom on July 5.,0
2208.36,HEALTH,929,0,1,"Minor parking lot collision at Target; both drivers exchanged details, insurance info noted.",0
127.71,AUTO,1056,1,4,"Deer collision on the highway near exit 87; airbag deployed, vehicle towed.",0
1286.26,PROPERTY,1439,0,0,Backyard fence damaged by neighbour's tree falling during high winds on March 12.,0
3477.08,HEALTH,760,1,1,Water damage in the kitchen ceiling from a burst pipe in the upstairs bathroom on May 18.,0
1426.5,PROPERTY,488,1,0,"Pipe burst in basement; water damage to flooring and stored items, plumber invoice attached.",0
3696.0,HEALTH,1281,0,0,"Slipped on icy steps at the front entrance; sprained ankle, ER visit at St. Luke's.",0
772.77,PROPERTY,371,1,0,"Burglary while on vacation; entry through the back window, electronics and jewellery taken, police report #PR-77848.",0
489.81,HEALTH,1023,1,1,Rear-end collision at the intersection of Pine Rd and Birch St; minor whiplash and bumper damage.,0
1683.37,PROPERTY,1415,0,0,Tree branch fell during the storm on July 5 and dented the roof above the garage.,0
1866.02,AUTO,7,1,1,Rear-end collision at the intersection of Oak Ave and Cedar Lane; minor whiplash and bumper damage.,0
1276.17,AUTO,1387,1,0,"Deer collision on the highway near exit 190; airbag deployed, vehicle towed.",0
6168.99,PROPERTY,309,1,0,"Deer collision on the highway near exit 173; airbag deployed, vehicle towed.",0
772.62,HEALTH,722,0,0,"Sudden mechanical failure, vehicle written off, no third party.",0
2472.95,HEALTH,387,0,1,"Vehicle stolen, no GPS data, no security footage available.",0
1935.21,PROPERTY,217,1,1,Backyard fence damaged by neighbour's tree falling during high winds on June 24.,0
381.18,HEALTH,1053,0,1,"Pipe burst in basement; water damage to flooring and stored items, plumber invoice attached.",1
483.46,PROPERTY,723,0,0,Water damage in the kitchen ceiling from a burst pipe in the upstairs bathroom on August 11.,0
1829.71,AUTO,764,1,0,"Minor parking lot collision at Target; both drivers exchanged details, insurance info noted.",0
13110.91,PROPERTY,725,1,0,"Cash and gold coins stolen from home safe, exact amounts approximate.",0
3226.88,AUTO,1121,1,2,Hailstorm on August 11 caused dents on the hood and cracked the windshield.,0
321.94,HEALTH,1449,1,1,Backyard fence damaged by neighbour's tree falling during high winds on July 5.,0
80.6,PROPERTY,769,0,1,"Pipe burst in basement; water damage to flooring and stored items, plumber invoice attached.",0
3763.31,AUTO,234,0,0,Rear-end collision at the intersection of Main St and Birch St; minor whiplash and bumper damage.,0
1642.19,AUTO,491,1,0,Lightning strike damaged HVAC unit on August 11; technician assessment attached.,0
5660.49,AUTO,744,1,0,Rear-end collision at the intersection of Elm Blvd and Cedar Lane; minor whiplash and bumper damage.,0
749.41,HEALTH,156,0,1,Hailstorm on April 3 caused dents on the hood and cracked the windshield.,0
2566.28,HEALTH,344,1,0,"Burglary while on vacation; entry through the back window, electronics and jewellery taken, police report #PR-99180.",0
4214.02,AUTO,304,0,1,Backyard fence damaged by neighbour's tree falling during high winds on April 3.,0
1155.79,PROPERTY,1459,1,0,"Pipe burst in basement; water damage to flooring and stored items, plumber invoice attached.",0
1180.76,AUTO,601,1,1,Rear-end collision at the intersection of 5th Ave and Cedar Lane; minor whiplash and bumper damage.,0
1854.3,HEALTH,1318,1,1,"Lost expensive jewellery, no receipt, not sure when.",0
3110.93,HEALTH,827,0,0,"Kitchen fire started from an unattended pan, contained by smoke detector and extinguisher.",0
1782.31,AUTO,759,0,0,"Kitchen fire started from an unattended pan, contained by smoke detector and extinguisher.",0
4788.61,AUTO,1408,1,0,"Burglary while on vacation; entry through the back window, electronics and jewellery taken, police report #PR-19725.",0
1139.18,LIFE,1038,1,0,Hailstorm on July 5 caused dents on the hood and cracked the windshield.,0
478.95,HEALTH,360,1,0,"Burglary while on vacation; entry through the back window, electronics and jewellery taken, police report #PR-26265.",0
13055.64,AUTO,423,0,1,Backyard fence damaged by neighbour's tree falling during high winds on June 24.,0
987.69,PROPERTY,999,1,1,"Slipped on icy steps at the front entrance; sprained ankle, ER visit at Riverside Medical.",0
1024.09,HEALTH,4,0,1,Backyard fence damaged by neighbour's tree falling during high winds on July 5.,0
1692.9,AUTO,229,0,1,"Deer collision on the highway near exit 103; airbag deployed, vehicle towed.",0
1933.68,HEALTH,112,0,0,Backyard fence damaged by neighbour's tree falling during high winds on July 5.,0
1228.21,HEALTH,1070,0,0,"Side-swipe accident on highway; dashcam footage available, other driver's insurance contacted.",0
1776.79,AUTO,662,0,2,"Side-swipe accident on highway; dashcam footage available, other driver's insurance contacted.",0
1737.56,PROPERTY,17,0,0,"Total loss, no documentation available.",1
2153.43,AUTO,1112,1,0,"Bicycle accident; broken collarbone, treated at Mercy General, X-rays and follow-up scheduled.",0
171.15,AUTO,984,1,0,Front-end collision when the other driver ran a red light at 5th Ave; police report filed.,0
11859.4,AUTO,1078,1,1,Lightning strike damaged HVAC unit on March 12; technician assessment attached.,0
1560.42,PROPERTY,245,0,1,Water damage in the kitchen ceiling from a burst pipe in the upstairs bathroom on June 24.,0
3231.24,PROPERTY,1312,1,0,Rear-end collision at the intersection of 5th Ave and Walnut Rd; minor whiplash and bumper damage.,0
455.73,PROPERTY,271,0,1,"Kitchen fire started from an unattended pan, contained by smoke detector and extinguisher.",0
1128.9,AUTO,856,0,0,"Slipped on icy steps at the front entrance; sprained ankle, ER visit at City General.",0
923.05,PROPERTY,838,1,0,Rear-end collision at the intersection of Main St and Cedar Lane; minor whiplash and bumper damage.,0
7861.43,HEALTH,328,1,0,"Burglary while on vacation; entry through the back window, electronics and jewellery taken, police report #PR-19616.",0
1006.45,AUTO,563,1,0,"Deer collision on the highway near exit 52; airbag deployed, vehicle towed.",0
3858.68,AUTO,79,1,1,Backyard fence damaged by neighbour's tree falling during high winds on July 5.,0
943.48,PROPERTY,707,0,0,"Kitchen fire started from an unattended pan, contained by smoke detector and extinguisher.",0
1149.84,AUTO,1015,0,2,"Broken items, unwitnessed accident at home.",1
1414.38,HEALTH,464,1,0,Front-end collision when the other driver ran a red light at Elm Blvd; police report filed.,0
6527.93,HEALTH,807,0,1,Front-end collision when the other driver ran a red light at Main St; police report filed.,0
273.18,AUTO,1430,0,0,"Kitchen fire started from an unattended pan, contained by smoke detector and extinguisher.",0
485.09,LIFE,352,0,3,"Slipped on icy steps at the front entrance; sprained ankle, ER visit at Mercy General.",0
257.93,PROPERTY,436,1,0,Lightning strike damaged HVAC unit on June 24; technician assessment attached.,0
609.41,HEALTH,180,0,1,Water damage in the kitchen ceiling from a burst pipe in the upstairs bathroom on June 24.,0
803.04,HEALTH,813,0,0,Tree branch fell during the storm on August 11 and dented the roof above the garage.,0
359.79,HEALTH,306,1,0,"Property damage but no witnesses, claim is for full replacement value.",0
867.71,PROPERTY,1281,1,0,"Deer collision on the highway near exit 172; airbag deployed, vehicle towed.",0
241.12,AUTO,437,1,1,"Slipped on icy steps at the front entrance; sprained ankle, ER visit at Riverside Medical.",0
653.28,HEALTH,996,1,1,"Kitchen fire started from an unattended pan, contained by smoke detector and extinguisher.",0
6005.44,AUTO,284,0,1,Backyard fence damaged by neighbour's tree falling during high winds on May 18.,0
2706.98,HEALTH,484,1,1,"Deer collision on the highway near exit 124; airbag deployed, vehicle towed.",0
2180.84,HEALTH,257,0,1,"Minor parking lot collision at Target; both drivers exchanged details, insurance info noted.",0
663.3,AUTO,829,1,0,"Side-swipe accident on highway; dashcam footage available, other driver's insurance contacted.",0
389.13,LIFE,42,0,0,Rear-end collision at the intersection of Elm Blvd and Walnut Rd; minor whiplash and bumper damage.,0
578.73,AUTO,125,1,1,"Deer collision on the highway near exit 148; airbag deployed, vehicle towed.",0
1731.58,AUTO,752,1,1,Lightning strike damaged HVAC unit on June 24; technician assessment attached.,0
4307.77,AUTO,818,0,0,"Deer collision on the highway near exit 27; airbag deployed, vehicle towed.",0
4457.61,HEALTH,495,0,0,"Bicycle accident; broken collarbone, treated at St. Luke's, X-rays and follow-up scheduled.",0
3396.88,AUTO,647,1,0,"Kitchen fire started from an unattended pan, contained by smoke detector and extinguisher.",0
864.75,HEALTH,625,0,0,Tree branch fell during the storm on July 5 and dented the roof above the garage.,0
1852.98,PROPERTY,1137,1,0,Front-end collision when the other driver ran a red light at Main St; police report filed.,0
1311.15,AUTO,670,0,0,Front-end collision when the other driver ran a red light at Pine Rd; police report filed.,0
1478.54,LIFE,1272,1,0,Rear-end collision at the intersection of Elm Blvd and Birch St; minor whiplash and bumper damage.,0
13865.07,AUTO,326,1,0,"Minor parking lot collision at Walmart; both drivers exchanged details, insurance info noted.",0
310.44,HEALTH,300,1,0,"Burglary while on vacation; entry through the back window, electronics and jewellery taken, police report #PR-49695.",0
1429.85,AUTO,606,1,1,"Burglary while on vacation; entry through the back window, electronics and jewellery taken, police report #PR-58239.",0
6073.86,PROPERTY,123,1,0,"Fire damage, unknown cause, total loss.",0
417.43,PROPERTY,1006,1,0,"Pipe burst in basement; water damage to flooring and stored items, plumber invoice attached.",0
949.8,AUTO,586,1,0,Rear-end collision at the intersection of Elm Blvd and Walnut Rd; minor whiplash and bumper damage.,0
1065.25,AUTO,550,1,0,"Slipped on icy steps at the front entrance; sprained ankle, ER visit at St. Luke's.",0
1446.22,AUTO,801,1,0,Backyard fence damaged by neighbour's tree falling during high winds on April 3.,0
366.52,AUTO,124,0,0,"Slipped on icy steps at the front entrance; sprained ankle, ER visit at Mercy General.",0
3278.97,LIFE,565,0,2,"Bicycle accident; broken collarbone, treated at City General, X-rays and follow-up scheduled.",0
3520.25,HEALTH,1458,1,0,"Bicycle accident; broken collarbone, treated at St. Luke's, X-rays and follow-up scheduled.",0
3006.03,HEALTH,943,1,0,Rear-end collision at the intersection of Elm Blvd and Birch St; minor whiplash and bumper damage.,0
757.2,LIFE,861,0,0,"Burglary while on vacation; entry through the back window, electronics and jewellery taken, police report #PR-21397.",0
1971.42,PROPERTY,758,1,1,Lightning strike damaged HVAC unit on March 12; technician assessment attached.,0
735.51,PROPERTY,703,0,0,Rear-end collision at the intersection of Main St and Walnut Rd; minor whiplash and bumper damage.,0
1296.47,AUTO,1405,1,2,Front-end collision when the other driver ran a red light at Pine Rd; police report filed.,0
15575.71,AUTO,1395,1,1,Tree branch fell during the storm on July 5 and dented the roof above the garage.,0
1989.61,AUTO,614,1,1,"Burglary while on vacation; entry through the back window, electronics and jewellery taken, police report #PR-43596.",0
551.41,AUTO,1387,1,1,"Total loss, no documentation available.",1
2165.35,AUTO,124,1,0,"Deer collision on the highway near exit 24; airbag deployed, vehicle towed.",0
467.88,AUTO,480,0,0,Front-end collision when the other driver ran a red light at Elm Blvd; police report filed.,0
545.11,AUTO,453,1,0,"Property damage but no witnesses, claim is for full replacement value.",0
638.34,HEALTH,1046,0,0,"Deer collision on the highway near exit 76; airbag deployed, vehicle towed.",0
1159.44,AUTO,909,1,0,"Bicycle accident; broken collarbone, treated at Riverside Medical, X-rays and follow-up scheduled.",0
4614.55,AUTO,709,1,0,"Cash and gold coins stolen from home safe, exact amounts approximate.",1
3224.06,AUTO,384,0,1,"Burglary while on vacation; entry through the back window, electronics and jewellery taken, police report #PR-61405.",0
3050.3,HEALTH,760,0,0,"Kitchen fire started from an unattended pan, contained by smoke detector and extinguisher.",0
602.49,PROPERTY,404,1,1,Lightning strike damaged HVAC unit on May 18; technician assessment attached.,0
1052.25,PROPERTY,746,1,1,"Property damage but no witnesses, claim is for full replacement value.",0
2373.22,AUTO,510,0,0,Backyard fence damaged by neighbour's tree falling during high winds on May 18.,0
964.57,AUTO,1333,1,0,Front-end collision when the other driver ran a red light at Oak Ave; police report filed.,0
1368.72,AUTO,1119,0,0,Rear-end collision at the intersection of Main St and Maple Ave; minor whiplash and bumper damage.,0
2811.18,AUTO,263,1,1,Backyard fence damaged by neighbour's tree falling during high winds on May 18.,0
1275.67,AUTO,1410,1,0,"Burglary while on vacation; entry through the back window, electronics and jewellery taken, police report #PR-97113.",0
2266.65,LIFE,988,0,0,"Slipped on icy steps at the front entrance; sprained ankle, ER visit at Mercy General.",0
8890.41,AUTO,526,1,1,"Side-swipe accident on highway; dashcam footage available, other driver's insurance contacted.",0
1522.55,AUTO,796,0,1,Water damage in the kitchen ceiling from a burst pipe in the upstairs bathroom on June 24.,0
5880.15,PROPERTY,294,1,0,"Kitchen fire started from an unattended pan, contained by smoke detector and extinguisher.",0
3163.3,HEALTH,71,0,2,Backyard fence damaged by neighbour's tree falling during high winds on July 5.,0
416.86,AUTO,631,1,0,"Burglary while on vacation; entry through the back window, electronics and jewellery taken, police report #PR-27628.",0
600.56,AUTO,1173,0,0,"Pipe burst in basement; water damage to flooring and stored items, plumber invoice attached.",0
785.57,PROPERTY,528,1,1,Lightning strike damaged HVAC unit on March 12; technician assessment attached.,0
769.06,AUTO,576,0,0,"Burglary while on vacation; entry through the back window, electronics and jewellery taken, police report #PR-27329.",0
1651.95,HEALTH,1485,1,1,Lightning strike damaged HVAC unit on August 11; technician assessment attached.,0
3343.07,PROPERTY,1480,0,0,Tree branch fell during the storm on April 3 and dented the roof above the garage.,0
6343.33,AUTO,696,0,1,"Kitchen fire started from an unattended pan, contained by smoke detector and extinguisher.",0
2460.64,PROPERTY,67,1,0,"Burglary while on vacation; entry through the back window, electronics and jewellery taken, police report #PR-71806.",0
1157.85,AUTO,1019,1,0,"Burglary while on vacation; entry through the back window, electronics and jewellery taken, police report #PR-99548.",0
225.37,AUTO,1072,1,1,Water damage in the kitchen ceiling from a burst pipe in the upstairs bathroom on March 12.,0
1940.28,AUTO,1370,1,1,"Side-swipe accident on highway; dashcam footage available, other driver's insurance contacted.",0
1855.24,LIFE,1422,1,1,"Pipe burst in basement; water damage to flooring and stored items, plumber invoice attached.",0
2170.97,AUTO,943,1,0,"Bicycle accident; broken collarbone, treated at Mercy General, X-rays and follow-up scheduled.",0
14857.21,AUTO,161,1,0,Lightning strike damaged HVAC unit on March 12; technician assessment attached.,0
6251.62,PROPERTY,374,1,2,"Bicycle accident; broken collarbone, treated at Riverside Medical, X-rays and follow-up scheduled.",0
3964.21,AUTO,1075,1,0,"Bicycle accident; broken collarbone, treated at City General, X-rays and follow-up scheduled.",0
690.85,PROPERTY,911,1,0,"Slipped on icy steps at the front entrance; sprained ankle, ER visit at Mercy General.",0
1082.47,HEALTH,654,0,0,"Deer collision on the highway near exit 84; airbag deployed, vehicle towed.",0
1644.44,HEALTH,603,1,0,"Burglary while on vacation; entry through the back window, electronics and jewellery taken, police report #PR-39438.",0
832.63,PROPERTY,1064,1,0,"Kitchen fire started from an unattended pan, contained by smoke detector and extinguisher.",0
2982.34,PROPERTY,634,0,0,Hailstorm on July 5 caused dents on the hood and cracked the windshield.,0
2583.52,AUTO,233,0,2,"Stolen valuables, all cash, no inventory list.",1
608.92,LIFE,1469,0,1,"Bicycle accident; broken collarbone, treated at Mercy General, X-rays and follow-up scheduled.",0
5983.83,PROPERTY,524,1,0,Front-end collision when the other driver ran a red light at Elm Blvd; police report filed.,0
2002.82,PROPERTY,418,1,0,Water damage in the kitchen ceiling from a burst pipe in the upstairs bathroom on August 11.,0
320.84,HEALTH,104,0,0,"Bicycle accident; broken collarbone, treated at Mercy General, X-rays and follow-up scheduled.",0
1717.56,HEALTH,703,1,1,Lightning strike damaged HVAC unit on May 18; technician assessment attached.,0
2395.16,HEALTH,1479,1,1,Backyard fence damaged by neighbour's tree falling during high winds on May 18.,0
4782.85,AUTO,240,1,0,"Side-swipe accident on highway; dashcam footage available, other driver's insurance contacted.",0
1290.16,HEALTH,367,0,1,Water damage in the kitchen ceiling from a burst pipe in the upstairs bathroom on June 24.,0
4137.88,HEALTH,268,0,0,"Vehicle disappeared from parking lot, no security camera footage.",1
2180.13,HEALTH,141,0,1,Water damage in the kitchen ceiling from a burst pipe in the upstairs bathroom on June 24.,0
485.39,AUTO,905,1,0,"Burglary while on vacation; entry through the back window, electronics and jewellery taken, police report #PR-84995.",0
439.15,HEALTH,447,0,0,Water damage in the kitchen ceiling from a burst pipe in the upstairs bathroom on May 18.,0
5555.59,HEALTH,1126,0,2,Tree branch fell during the storm on May 18 and dented the roof above the garage.,0
5978.85,HEALTH,601,1,1,"Items missing after recent move, exact value uncertain.",1
2497.16,LIFE,955,1,1,"Kitchen fire started from an unattended pan, contained by smoke detector and extinguisher.",0
8068.37,PROPERTY,134,0,2,"Sudden mechanical failure, vehicle written off, no third party.",0
5201.02,AUTO,494,0,0,Water damage in the kitchen ceiling from a burst pipe in the upstairs bathroom on May 18.,0
3581.83,AUTO,621,0,1,Tree branch fell during the storm on March 12 and dented the roof above the garage.,0
726.83,HEALTH,90,0,1,Hailstorm on August 11 caused dents on the hood and cracked the windshield.,0
10213.12,HEALTH,629,1,0,"Cash and gold coins stolen from home safe, exact amounts approximate.",1
3091.16,PROPERTY,705,0,1,"Items stolen, no witnesses, cash and electronics gone.",0
1229.25,AUTO,606,0,1,"Side-swipe accident on highway; dashcam footage available, other driver's insurance contacted.",0
926.79,AUTO,756,1,0,Water damage in the kitchen ceiling from a burst pipe in the upstairs bathroom on May 18.,0
2337.37,AUTO,1196,1,0,"Items stolen, no witnesses, cash and electronics gone.",0
340.0,PROPERTY,1156,0,0,Rear-end collision at the intersection of Elm Blvd and Maple Ave; minor whiplash and bumper damage.,0
3639.76,LIFE,22,1,1,"Sudden mechanical failure, vehicle written off, no third party.",1
696.75,PROPERTY,960,0,0,Lightning strike damaged HVAC unit on August 11; technician assessment attached.,0
2619.16,HEALTH,1356,1,1,"Stolen valuables, all cash, no inventory list.",0
1073.18,PROPERTY,1307,1,0,"Property damage but no witnesses, claim is for full replacement value.",0
1387.95,AUTO,485,1,1,"Bicycle accident; broken collarbone, treated at St. Luke's, X-rays and follow-up scheduled.",0
848.18,HEALTH,1174,1,0,Tree branch fell during the storm on May 18 and dented the roof above the garage.,1
1538.82,PROPERTY,1201,0,1,"Burglary while on vacation; entry through the back window, electronics and jewellery taken, police report #PR-17911.",0
11960.68,AUTO,549,0,0,"Bicycle accident; broken collarbone, treated at Riverside Medical, X-rays and follow-up scheduled.",0
7223.25,LIFE,1303,1,0,"Bicycle accident; broken collarbone, treated at Mercy General, X-rays and follow-up scheduled.",0
2577.25,AUTO,948,0,1,Hailstorm on August 11 caused dents on the hood and cracked the windshield.,0
1762.88,AUTO,1126,1,1,"Side-swipe accident on highway; dashcam footage available, other driver's insurance contacted.",0
4205.72,HEALTH,1121,1,0,Hailstorm on July 5 caused dents on the hood and cracked the windshield.,0
5596.91,PROPERTY,1172,0,2,"Burglary while on vacation; entry through the back window, electronics and jewellery taken, police report #PR-21028.",0
788.54,AUTO,1435,1,0,Backyard fence damaged by neighbour's tree falling during high winds on August 11.,0
1673.31,PROPERTY,1286,1,1,"Slipped on icy steps at the front entrance; sprained ankle, ER visit at Riverside Medical.",0
292.38,AUTO,634,1,0,"Bicycle accident; broken collarbone, treated at Riverside Medical, X-rays and follow-up scheduled.",0
5558.6,PROPERTY,843,1,0,"Minor parking lot collision at Target; both drivers exchanged details, insurance info noted.",0
14257.3,HEALTH,972,1,1,Water damage in the kitchen ceiling from a burst pipe in the upstairs bathroom on August 11.,0
1958.79,AUTO,1284,0,0,Front-end collision when the other driver ran a red light at Pine Rd; police report filed.,0
215.94,PROPERTY,589,1,0,"Side-swipe accident on highway; dashcam footage available, other driver's insurance contacted.",0
3323.89,PROPERTY,470,1,0,Front-end collision when the other driver ran a red light at Elm Blvd; police report filed.,0
732.1,HEALTH,1107,0,0,"Kitchen fire started from an unattended pan, contained by smoke detector and extinguisher.",0
931.36,AUTO,1431,1,0,Water damage in the kitchen ceiling from a burst pipe in the upstairs bathroom on July 5.,0
3383.2,AUTO,1368,1,1,Hailstorm on August 11 caused dents on the hood and cracked the windshield.,0
2332.17,LIFE,222,0,0,"Property damage but no witnesses, claim is for full replacement value.",1
1109.75,HEALTH,1378,0,1,"Pipe burst in basement; water damage to flooring and stored items, plumber invoice attached.",0
944.25,PROPERTY,1183,1,0,"Minor parking lot collision at Home Depot; both drivers exchanged details, insurance info noted.",0
2050.49,HEALTH,236,1,0,Front-end collision when the other driver ran a red light at 5th Ave; police report filed.,0
1200.55,PROPERTY,10,0,0,"Minor parking lot collision at Target; both drivers exchanged details, insurance info noted.",0
596.31,AUTO,306,1,1,Water damage in the kitchen ceiling from a burst pipe in the upstairs bathroom on August 11.,0
1296.52,HEALTH,1394,0,1,Lightning strike damaged HVAC unit on April 3; technician assessment attached.,0
2539.17,HEALTH,1132,1,1,Rear-end collision at the intersection of Pine Rd and Walnut Rd; minor whiplash and bumper damage.,0
1513.07,AUTO,863,1,0,"Side-swipe accident on highway; dashcam footage available, other driver's insurance contacted.",0
439.88,AUTO,946,0,0,Front-end collision when the other driver ran a red light at Elm Blvd; police report filed.,0
4861.32,HEALTH,620,1,0,"Minor parking lot collision at Target; both drivers exchanged details, insurance info noted.",0
116.88,PROPERTY,1357,1,0,"Pipe burst in basement; water damage to flooring and stored items, plumber invoice attached.",0
1157.06,HEALTH,235,0,0,Backyard fence damaged by neighbour's tree falling during high winds on May 18.,0
972.43,AUTO,471,0,1,"Burglary while on vacation; entry through the back window, electronics and jewellery taken, police report #PR-39120.",0
2096.82,LIFE,301,1,1,"Deer collision on the highway near exit 106; airbag deployed, vehicle towed.",0
3170.55,AUTO,1272,0,0,"Kitchen fire started from an unattended pan, contained by smoke detector and extinguisher.",0
5579.0,AUTO,810,1,1,"Deer collision on the highway near exit 62; airbag deployed, vehicle towed.",0
886.78,LIFE,1025,1,0,"Lost expensive jewellery, no receipt, not sure when.",1
3250.56,PROPERTY,1379,0,0,Hailstorm on April 3 caused dents on the hood and cracked the windshield.,0
2199.13,PROPERTY,293,0,0,"Minor parking lot collision at Target; both drivers exchanged details, insurance info noted.",1
326.51,PROPERTY,1446,0,0,"House contents destroyed, fire of unknown origin, no smoke alarm activated.",1
12094.91,HEALTH,190,0,1,Hailstorm on March 12 caused dents on the hood and cracked the windshield.,0
428.9,AUTO,1131,1,1,"Kitchen fire started from an unattended pan, contained by smoke detector and extinguisher.",0
2750.39,AUTO,1054,1,0,Backyard fence damaged by neighbour's tree falling during high winds on June 24.,0
2670.34,PROPERTY,1238,0,1,Tree branch fell during the storm on March 12 and dented the roof above the garage.,0
2381.86,PROPERTY,238,1,0,"Vehicle disappeared from parking lot, no security camera footage.",0
1102.6,AUTO,1439,1,1,Lightning strike damaged HVAC unit on June 24; technician assessment attached.,0
4135.04,AUTO,1191,0,0,"Lost expensive jewellery, no receipt, not sure when.",0
379.8,AUTO,166,1,0,"House contents destroyed, fire of unknown origin, no smoke alarm activated.",1
1692.85,AUTO,836,0,0,Rear-end collision at the intersection of Elm Blvd and Walnut Rd; minor whiplash and bumper damage.,0
1028.78,PROPERTY,1226,1,0,"Total loss, no documentation available.",0
918.46,AUTO,715,0,0,"Vehicle disappeared from parking lot, no security camera footage.",1
2775.95,HEALTH,571,1,0,"Items stolen, no witnesses, cash and electronics gone.",1
5310.7,PROPERTY,414,1,3,Water damage in the kitchen ceiling from a burst pipe in the upstairs bathroom on July 5.,0
1282.73,HEALTH,774,0,0,Front-end collision when the other driver ran a red light at Pine Rd; police report filed.,0
3946.88,HEALTH,1475,1,0,"Slipped on icy steps at the front entrance; sprained ankle, ER visit at City General.",0
1900.25,AUTO,911,0,0,"Pipe burst in basement; water damage to flooring and stored items, plumber invoice attached.",0
740.46,AUTO,1083,0,0,"Fire damage, unknown cause, total loss.",1
