age,annual_income,credit_score,years_customer,prior_claims,region,high_risk
43,53537.55,547,2,1,1,1
27,76846.23,751,7,0,2,0
49,23479.07,675,1,1,2,0
51,42503.89,632,4,0,0,0
18,74204.25,659,6,0,1,0
24,50655.35,762,5,1,1,0
41,102095.8,738,11,0,1,0
36,22293.23,669,4,0,2,0
39,21057.23,588,0,3,0,1
29,72030.38,594,0,0,0,0
50,75576.72,740,7,1,1,0
49,44505.81,577,5,0,2,0
40,59885.95,670,1,1,2,0
53,71154.12,850,17,0,0,0
45,32632.64,716,12,0,2,0
29,34426.29,739,7,0,0,0
44,53898.78,595,9,1,2,0
28,77037.26,581,6,0,1,0
50,27365.04,743,1,0,0,0
39,44401.4,657,13,0,0,0
37,43385.55,773,12,1,0,0
31,60414.21,691,0,1,0,1
54,48808.06,850,9,0,0,0
38,37311.55,642,9,0,2,1
34,91517.26,711,6,2,0,0
35,37435.37,616,18,3,2,1
46,42359.66,770,17,1,0,0
44,22120.3,723,6,0,1,0
44,34309.83,611,6,1,1,1
45,63451.94,662,6,1,0,0
65,57543.76,797,4,0,0,1
35,66155.18,788,3,1,1,0
33,64569.09,574,10,1,0,0
30,139226.45,650,17,1,0,0
47,33727.56,833,15,1,1,0
53,21813.58,674,11,1,0,0
38,28990.5,702,0,1,0,0
29,34481.36,770,0,0,0,0
30,30116.74,581,13,0,1,1
47,51371.07,612,16,1,2,0
48,91704.57,662,10,0,0,0
46,105855.43,784,6,0,1,0
32,63079.7,769,14,1,0,0
42,143005.18,745,11,1,2,0
41,41019.94,676,13,0,2,1
42,21671.22,778,0,0,0,0
50,82999.43,675,9,0,0,0
42,19549.46,734,16,1,1,0
48,33607.3,760,10,0,1,0
40,63580.12,823,12,0,1,0
43,46574.54,683,8,0,0,0
47,44556.96,658,8,1,0,0
22,27162.84,791,15,1,0,0
36,48756.74,797,4,3,1,0
34,80969.78,644,4,0,1,0
32,49512.67,599,5,2,0,1
36,32366.75,785,8,3,2,0
57,26271.26,556,0,1,2,1
29,32702.37,552,11,0,1,0
51,59645.08,666,7,1,1,1
19,58209.34,688,12,0,1,0
35,32851.3,595,0,1,1,1
41,16230.06,697,12,0,0,0
47,60476.27,701,14,2,1,1
48,31292.89,641,10,0,1,0
49,69184.44,842,8,1,1,0
35,33588.71,714,12,0,1,0
34,29913.04,770,14,0,0,0
50,52922.61,563,10,0,1,0
37,159348.61,562,10,1,0,1
24,71290.26,716,16,2,2,0
26,52475.92,828,11,1,2,0
28,58654.86,599,3,0,1,0
45,20423.51,691,14,0,0,0
41,27968.38,581,7,1,0,0
48,13968.16,622,8,1,2,0
34,116417.36,695,8,0,0,0
41,105207.83,640,12,1,1,0
47,59659.53,575,16,1,0,1
36,52446.95,573,8,0,2,1
45,22566.12,529,16,1,0,1
32,43929.88,718,8,1,1,0
35,120113.92,727,15,0,0,0
35,52350.04,727,8,2,2,0
25,36963.15,607,5,0,1,0
45,20352.61,760,17,1,1,0
34,97748.47,736,5,1,0,0
40,47332.77,680,4,0,1,0
45,20366.22,667,1,0,0,0
45,30880.1,628,14,0,0,0
47,25880.14,695,15,2,0,0
38,45895.77,809,9,0,1,0
34,54375.53,771,3,0,1,0
39,38116.08,659,7,1,0,0
19,72295.94,723,6,0,2,0
22,50990.83,591,2,1,0,0
24,83379.37,738,5,1,1,1
28,41003.1,613,10,0,1,0
44,224731.76,735,4,0,2,0
29,36966.07,850,9,1,0,0
35,31205.04,634,0,0,1,0
55,29344.19,850,16,0,1,0
35,44113.87,719,6,1,1,0
48,20748.56,620,12,1,2,0
28,56799.42,616,8,2,0,1
37,18908.15,850,10,0,1,0
28,53147.98,719,2,1,2,0
35,24943.64,634,4,0,0,0
50,40511.99,663,4,0,1,0
19,66321.55,714,8,1,0,1
45,155130.01,679,14,1,0,0
42,28595.36,707,10,0,0,0
32,45471.51,821,3,0,0,0
22,34136.44,589,8,0,1,0
40,31731.49,731,7,1,2,0
33,34286.72,674,6,1,0,1
42,74015.75,640,7,0,0,0
40,38406.12,765,11,1,0,0
59,150942.82,563,4,0,1,0
37,60354.43,490,6,2,0,1
27,29584.17,697,12,1,1,0
42,40808.57,668,10,0,0,0
42,32829.29,571,14,0,1,0
56,73132.95,543,15,0,1,0
50,21603.49,834,1,0,1,0
44,25072.43,717,9,1,1,1
57,36469.33,681,5,0,2,0
25,68973.21,850,2,1,0,0
32,90810.49,761,4,2,1,0
28,97760.03,821,6,0,0,0
35,63888.89,585,6,0,2,0
23,47030.67,582,4,1,1,1
47,72934.2,729,7,1,1,0
37,27660.2,713,20,1,2,0
22,19490.28,779,0,0,0,0
27,60981.07,549,13,0,0,0
43,29648.32,736,7,1,0,0
50,47445.96,759,5,0,0,0
63,52042.37,754,0,1,1,0
74,55495.64,647,11,1,0,1
44,78346.44,721,0,0,0,0
28,74312.73,617,12,0,0,0
18,54041.09,656,16,1,0,1
43,39300.49,596,1,0,0,0
30,51734.55,619,13,0,1,0
35,36384.38,660,8,1,0,0
32,44435.12,640,0,1,2,1
38,181513.75,619,1,2,0,0
52,53696.06,576,8,2,0,1
41,61397.38,836,10,1,0,0
38,34449.84,639,0,2,0,1
27,81636.91,706,8,0,2,0
19,71692.13,539,12,1,1,1
34,71946.37,788,12,1,0,0
39,54581.25,693,5,2,2,0
61,82215.16,644,10,2,1,0
41,92581.31,645,13,0,1,0
51,56474.78,749,12,0,0,0
34,46290.58,443,12,0,0,1
25,76671.51,614,8,1,0,1
28,31192.64,670,7,1,0,0
31,34235.55,669,9,0,2,0
65,47731.64,850,4,1,0,0
30,20523.41,652,13,1,0,0
50,74146.46,759,0,1,1,0
29,30289.1,824,5,1,1,0
51,38725.54,733,7,0,1,0
44,44062.32,626,10,1,0,0
38,49993.26,577,11,1,0,0
39,41281.65,739,15,0,0,0
32,47397.01,811,8,0,1,0
45,47580.88,723,4,0,0,0
34,39202.06,778,7,0,2,0
25,33303.0,850,6,0,0,0
24,84182.05,746,10,0,2,1
42,17116.48,591,2,0,2,0
58,44229.29,684,7,0,1,0
41,38775.75,789,16,2,1,0
38,60439.35,660,8,0,0,0
43,23691.07,800,2,0,0,0
55,38181.54,674,6,2,1,0
42,46575.04,706,0,0,0,0
35,83703.56,651,7,0,1,0
53,57877.99,692,16,0,0,0
45,27126.22,696,2,0,0,0
58,38417.24,551,0,1,0,1
42,76345.6,644,4,0,2,0
25,26892.76,581,12,2,1,1
23,47130.61,647,16,1,1,0
59,48797.76,616,10,0,1,0
60,40421.15,760,1,0,1,0
37,188692.86,761,7,0,0,0
35,39880.16,724,16,0,2,0
57,61382.65,578,6,2,0,0
26,33417.98,672,8,0,1,0
29,63823.32,572,9,0,1,1
47,75765.16,668,0,0,2,0
35,36534.71,731,12,1,1,0
39,47698.21,759,12,1,1,0
38,31330.9,717,0,1,0,0
44,27661.53,780,1,0,0,0
56,82322.33,700,3,0,1,0
41,37160.42,661,11,1,1,0
47,14664.63,749,4,1,0,0
18,118501.17,752,10,0,0,0
39,32825.22,638,7,1,1,0
29,43339.23,710,8,2,0,0
25,111352.18,656,10,1,0,0
29,45666.9,519,9,2,1,1
35,45176.47,715,7,1,0,0
50,26526.87,576,9,0,2,1
24,21646.16,706,9,0,1,0
40,45107.64,557,6,0,0,0
34,58771.06,622,5,0,0,0
36,57111.61,645,17,1,0,0
52,38536.82,776,5,1,2,0
46,49519.85,637,14,2,0,1
56,19562.99,594,4,1,1,0
38,61702.73,709,12,2,1,0
31,53140.94,662,16,0,0,0
37,131508.98,743,6,2,0,0
42,49204.47,599,4,2,0,0
42,30597.25,696,5,0,1,0
26,47793.19,850,7,0,2,0
41,41610.18,660,9,0,2,0
42,60922.26,694,7,0,0,0
70,49684.39,547,5,2,1,1
62,26108.77,611,17,1,1,0
29,21636.31,716,6,1,2,0
36,55907.52,653,4,1,1,0
22,97885.85,729,12,1,0,0
32,51004.74,713,12,0,0,0
43,73618.28,574,15,1,2,1
54,81340.93,761,17,0,1,0
31,56016.18,580,9,0,0,0
32,32622.39,618,6,2,2,0
18,54049.42,698,0,2,1,0
38,89638.16,805,3,1,0,0
27,63891.73,599,9,1,0,1
33,71262.3,691,2,2,0,0
29,38899.12,692,0,1,1,0
38,44303.68,732,8,0,1,1
18,46195.44,774,11,4,2,0
22,47778.5,647,6,0,0,0
65,87902.12,760,12,2,0,0
24,15159.96,786,11,0,0,0
26,49775.05,822,13,1,0,0
62,47110.53,720,18,1,1,0
74,24692.37,692,21,0,1,1
25,68588.74,642,11,0,2,0
35,34123.78,563,5,2,1,1
44,41006.41,657,8,1,0,1
60,123548.73,688,15,0,0,0
28,81225.69,671,3,1,1,0
37,65332.41,727,15,0,1,0
49,59301.42,563,7,1,0,0
45,45146.14,665,9,1,2,0
35,133210.87,839,3,0,2,0
38,73209.74,759,1,0,1,0
23,33699.05,729,6,0,0,0
37,24341.76,711,14,1,0,0
36,65083.02,650,4,1,1,0
42,47670.38,539,16,0,0,0
33,23993.32,716,5,1,0,0
45,60736.07,484,2,0,1,1
52,42851.09,653,9,1,0,0
41,63916.48,679,11,0,0,0
44,61136.85,644,8,1,0,0
40,36165.76,850,8,1,0,0
40,67266.82,825,16,1,0,0
31,38217.45,762,8,0,1,1
43,39480.38,605,5,0,0,0
38,37566.36,833,2,1,0,0
65,86291.57,729,14,1,0,0
58,42604.44,604,5,3,0,1
44,97364.95,682,6,1,0,1
30,119580.19,756,13,0,0,0
26,33882.04,632,18,1,1,0
54,11378.74,691,9,1,2,1
43,82640.47,705,7,1,0,0
45,41316.37,591,7,0,0,1
19,31789.99,658,5,0,1,0
51,36520.94,597,6,1,1,1
45,39838.66,749,6,4,0,0
26,93769.65,607,12,1,2,0
34,53101.24,703,7,0,0,1
43,93134.44,568,14,0,2,1
40,62762.31,589,7,0,2,0
36,41998.31,585,6,0,2,0
38,40328.81,656,14,0,0,0
36,64913.08,694,8,1,0,1
41,73881.14,709,7,3,0,0
57,80692.13,538,8,1,1,1
18,43011.84,666,15,0,0,0
37,53508.88,619,9,0,0,1
42,65645.23,722,14,0,0,0
43,40457.91,658,6,0,0,1
35,27792.74,673,13,0,1,0
18,32756.75,620,9,1,2,1
43,43455.05,817,12,1,0,0
60,68261.66,577,12,1,0,1
21,91994.93,648,3,2,1,1
50,24883.9,688,8,1,0,0
36,36363.74,659,12,1,0,0
39,40989.4,618,13,0,0,0
27,72937.52,535,14,0,0,0
35,37644.6,624,8,2,0,1
55,39542.6,603,15,0,1,0
46,24197.48,814,4,0,2,0
60,62423.91,850,0,0,2,1
54,45220.26,675,6,0,1,0
45,35347.31,567,13,0,0,0
60,43055.42,739,2,0,2,0
45,86120.07,601,0,1,1,0
49,29660.06,636,0,0,1,1
36,32182.25,629,11,3,0,1
40,91686.11,639,0,0,1,0
31,50913.7,651,10,1,1,0
51,68519.73,574,6,0,1,1
25,59926.61,623,4,2,0,0
49,48162.34,761,3,1,0,0
37,41185.87,677,9,0,1,0
54,74293.52,690,4,1,0,1
49,87655.38,501,7,2,0,1
61,84296.38,755,10,1,0,0
48,27099.33,625,11,2,1,0
21,94132.2,769,12,2,0,0
39,40987.91,692,8,1,0,1
25,33606.85,635,2,0,2,0
33,45041.35,545,10,0,0,0
58,74277.56,850,11,0,0,0
47,64230.41,744,7,2,0,0
31,43144.35,749,6,0,1,0
27,74520.75,825,20,2,0,0
40,52571.55,697,1,0,0,0
25,36809.61,788,10,2,0,1
31,34405.87,641,13,2,1,0
43,60181.33,739,6,0,1,1
53,47039.41,629,7,1,0,1
47,24642.98,639,5,1,1,0
18,74875.41,687,8,0,1,0
43,38555.83,578,12,0,1,0
40,108668.78,706,7,1,0,0
44,24306.64,655,23,0,2,0
59,44785.77,520,5,0,1,0
18,34544.76,643,14,0,1,0
32,30100.25,652,10,1,0,1
47,38430.42,748,8,0,0,0
21,118810.35,702,15,0,1,0
57,52663.88,795,0,0,1,0
44,32996.14,721,10,0,0,0
50,19647.12,635,4,1,1,0
33,20729.62,675,5,0,0,0
49,37487.71,652,5,0,1,0
52,35708.93,719,3,0,0,0
42,43825.65,684,0,1,0,0
42,15739.17,629,9,2,0,0
43,46824.38,680,7,0,0,0
29,81950.02,716,6,2,1,0
38,110350.91,599,11,1,0,0
38,19011.07,705,10,0,0,0
44,32836.75,553,6,1,0,1
51,31980.55,768,23,1,0,0
27,52725.83,722,13,0,0,0
38,26638.53,810,20,1,1,0
57,113678.73,590,5,0,0,0
31,50099.25,770,9,0,1,0
30,46093.48,754,1,1,0,0
42,108701.06,665,6,2,0,0
50,48629.04,649,5,1,0,0
40,59883.23,593,22,0,0,0
55,33678.03,572,4,0,0,1
50,24704.7,619,6,0,0,0
50,36127.85,579,0,2,1,1
46,146310.73,807,10,0,0,0
67,67272.75,559,3,0,1,0
37,56233.47,691,12,0,0,0
18,30085.94,714,0,1,2,0
59,77313.62,708,7,1,0,0
34,24863.43,715,0,1,0,1
41,22392.29,755,5,0,0,0
55,37069.75,644,6,1,2,0
20,130254.49,687,5,0,1,0
24,126620.17,656,5,0,0,0
20,39119.7,784,12,0,0,0
30,34992.9,847,18,2,1,0
45,21586.4,584,9,2,1,1
46,50971.17,517,3,0,0,0
43,53157.07,725,8,2,0,0
23,72749.56,765,6,0,0,0
18,77292.62,836,12,0,0,0
40,44413.07,739,9,0,0,0
34,64732.19,791,0,3,0,0
45,34533.34,812,13,2,0,0
48,64120.62,797,12,0,1,0
41,38039.64,750,15,1,0,0
49,61680.88,577,5,0,0,1
42,59233.98,679,9,1,2,0
46,50736.55,704,2,2,0,0
31,72931.06,672,7,0,0,0
37,22354.89,676,9,1,0,0
42,28783.05,805,4,0,0,0
49,42828.98,619,9,0,0,1
35,23822.08,743,8,0,0,0
46,39997.32,705,5,2,0,1
36,40647.18,611,14,0,1,0
38,94357.11,593,6,0,2,0
49,52641.86,543,8,0,0,1
18,82019.7,718,0,0,1,0
24,57001.76,674,10,2,1,1
22,37502.63,613,5,1,0,1
18,52410.3,529,12,2,0,1
31,70594.9,714,1,1,0,0
48,89027.51,666,10,1,1,0
36,45882.77,622,0,1,2,0
42,21509.39,602,11,0,2,0
53,20766.55,660,7,0,1,0
55,41639.05,717,9,1,0,1
39,15230.41,653,4,0,0,0
56,120276.94,584,3,0,0,0
41,66069.77,675,5,0,0,0
29,35673.61,763,8,0,2,0
32,28146.44,683,10,0,0,0
22,81965.98,685,9,0,1,0
29,28090.35,653,3,1,0,1
35,29462.89,608,17,0,1,1
49,33423.92,606,9,1,1,1
60,51898.42,547,4,1,0,1
23,66862.85,774,10,0,1,0
44,88995.06,716,9,1,0,0
27,82659.55,686,7,1,1,0
45,49039.77,703,6,0,0,0
38,81655.22,707,12,0,1,0
18,35048.92,621,16,0,1,0
51,19723.52,653,0,1,0,0
32,35046.62,642,14,0,1,0
33,32756.93,850,8,0,2,0
27,35739.31,761,9,1,0,0
32,30342.74,693,14,0,0,0
45,38927.07,789,0,0,0,1
37,66836.77,779,12,2,1,0
43,115569.64,569,14,0,1,0
44,20688.37,662,4,0,1,0
55,25748.53,678,1,1,0,1
35,33000.46,728,16,0,2,0
22,71888.45,662,0,1,0,0
52,44246.27,672,10,0,1,0
36,34130.46,643,13,2,1,0
53,70148.28,763,9,0,0,0
44,79078.41,564,10,0,0,0
38,48563.14,645,6,0,2,0
44,32594.22,532,10,2,0,1
63,56113.95,597,4,0,1,0
64,43624.14,705,5,0,0,0
40,43455.53,706,8,1,1,0
41,37941.47,654,0,1,0,1
52,77846.3,769,10,0,1,0
29,55544.52,788,0,2,0,0
43,82277.29,674,9,0,0,0
39,95622.47,700,10,0,1,0
43,61666.15,643,4,0,1,0
29,38054.0,730,1,0,1,0
20,82467.79,584,5,0,0,0
18,61872.58,823,11,1,0,0
26,180175.0,771,9,0,2,0
34,57242.47,584,2,1,1,0
36,69483.46,616,8,0,1,1
63,56682.0,713,9,1,0,0
53,46651.05,652,9,1,1,0
28,43070.96,723,3,1,1,0
44,56790.36,651,8,1,0,1
35,63613.94,801,12,1,0,0
36,87307.7,680,10,1,0,0
42,57206.64,850,10,0,2,0
47,38892.45,728,16,2,2,0
35,41629.86,572,8,1,0,1
52,25299.29,846,3,0,1,0
26,112488.57,767,3,0,1,0
40,37399.52,710,8,0,2,0
71,79516.53,731,0,0,1,1
42,56290.18,584,6,1,0,1
57,57060.42,535,10,0,2,0
41,46225.0,676,13,1,2,0
46,33060.7,790,0,4,1,1
39,30204.08,711,8,0,0,0
37,116335.4,816,7,2,1,0
30,51895.15,785,8,0,0,0
45,86045.7,681,8,0,1,1
29,97973.61,774,7,0,2,0
47,39917.76,801,14,1,0,0
53,60581.99,673,14,0,0,0
44,50136.54,662,18,0,0,0
36,27484.93,691,7,1,2,0
45,44679.05,487,5,1,1,0
36,65759.1,702,3,1,0,0
51,38195.97,737,5,0,2,0
18,41671.74,691,11,0,2,0
35,44950.47,707,12,0,2,0
18,140894.22,676,11,0,1,0
22,19593.94,520,4,1,1,1
56,62995.69,813,4,1,0,0
50,43188.54,650,17,0,0,0
31,35584.75,630,3,1,1,1
21,42661.93,788,15,1,0,0
18,68438.32,758,10,0,0,1
33,70422.06,701,4,1,0,1
69,53798.91,741,2,1,0,0
45,84657.64,587,4,0,0,0
33,92449.38,673,10,4,2,1
45,73731.69,783,3,1,0,0
21,37305.79,625,15,2,1,1
36,62769.26,600,6,0,1,0
41,62918.8,686,11,0,1,0
38,32603.81,688,11,2,0,0
49,22365.63,731,16,0,1,0
44,17829.54,569,5,2,2,1
48,50763.24,476,8,2,1,1
31,56898.25,753,0,1,0,0
50,27149.37,593,8,0,1,0
59,82703.41,631,13,0,1,1
28,52897.38,505,9,1,0,1
29,96252.12,761,19,1,1,0
56,58998.54,708,10,1,0,0
37,28762.66,704,5,0,0,0
56,61644.58,704,10,0,0,0
34,68531.95,515,0,1,0,0
57,37279.1,601,4,0,0,0
41,23836.03,643,1,2,2,1
43,51541.78,620,8,1,0,1
58,29720.06,658,7,0,0,0
35,85857.47,699,14,0,1,0
28,39991.08,760,7,0,1,0
34,116110.84,561,2,0,1,0
45,16948.26,679,15,1,2,0
21,52438.58,736,0,1,1,1
47,100177.24,606,8,1,1,1
33,31408.94,664,9,0,0,1
53,45269.99,717,7,0,1,0
18,40073.96,680,10,1,1,1
30,34825.88,733,8,1,0,0
19,55398.7,687,10,1,0,0
30,25649.75,655,4,1,0,0
42,46374.99,586,0,0,0,1
37,63449.34,699,7,0,0,0
36,44022.37,687,2,0,1,0
38,29729.58,600,4,1,1,0
42,82050.71,726,13,0,0,0
27,70624.22,781,15,0,0,0
48,29126.58,627,13,1,0,1
47,25666.61,621,12,1,1,0
44,30455.98,618,8,0,0,0
46,64385.04,545,13,0,2,0
43,56262.66,840,9,1,0,0
64,72768.71,644,17,0,1,0
38,41644.51,611,3,0,0,1
36,30872.86,589,11,0,1,0
30,77607.8,648,1,0,0,0
27,37170.69,624,11,0,1,1
25,53813.2,795,0,2,2,0
29,22584.92,580,1,0,2,0
39,36867.84,556,1,0,2,0
44,81202.24,724,9,1,0,1
40,34264.42,671,9,0,0,0
30,73662.7,662,20,1,2,0
50,15282.9,724,7,0,2,0
48,37060.4,690,11,1,0,0
38,44995.72,676,8,0,0,0
32,117156.99,567,11,1,0,0
46,27322.57,546,8,0,0,0
42,68562.2,623,13,1,0,0
22,83155.36,593,2,1,1,1
39,34175.19,701,0,0,0,0
43,40669.68,536,10,2,0,1
29,52618.04,644,0,1,0,0
42,23371.15,666,14,3,0,1
22,39044.15,676,5,1,1,1
56,92786.46,711,2,0,0,0
54,63661.0,653,21,0,2,0
36,45325.47,626,7,2,0,0
44,51872.09,779,6,0,1,0
18,65542.41,654,11,1,0,0
26,72128.54,793,12,0,1,0
36,37115.61,653,13,1,1,0
27,105594.38,678,1,0,0,1
48,94672.05,668,10,0,1,0
63,68777.29,698,6,0,1,0
25,32161.33,646,3,0,0,0
29,29433.48,687,8,1,1,0
42,41635.07,802,0,0,1,0
59,50533.03,763,12,0,1,0
25,20246.84,764,6,0,0,0
42,62777.16,572,5,2,1,1
61,93314.53,585,7,0,2,1
20,65397.35,697,7,0,1,0
24,34960.48,741,13,0,0,0
34,32951.71,638,2,1,0,0
33,56949.84,624,6,3,0,0
49,45403.67,791,6,1,0,0
42,61176.63,734,2,1,0,0
18,66228.14,764,8,1,0,1
46,84621.64,644,4,1,2,0
33,27831.9,638,0,0,1,0
55,54765.16,755,10,0,0,0
32,40874.53,658,15,0,0,0
32,46661.86,631,8,0,1,0
46,75523.9,606,7,1,0,0
49,79742.9,639,7,1,0,1
45,98638.98,750,5,2,2,0
19,60645.16,559,13,2,1,1
46,46397.07,730,8,0,2,0
27,43198.49,623,0,2,1,0
42,20591.27,663,13,0,1,0
22,95785.59,668,12,0,1,0
45,41733.14,662,11,0,1,0
30,63129.82,657,0,0,0,0
24,68837.11,644,7,2,0,1
48,26300.47,634,12,0,1,0
42,30894.29,785,9,1,0,0
32,106245.74,682,9,2,1,0
57,56682.33,669,12,0,1,0
34,36669.74,628,8,0,2,1
40,46019.78,647,14,1,0,0
43,84382.76,628,8,2,0,0
32,78210.35,741,8,0,0,0
45,23551.84,619,12,1,0,0
33,110984.07,500,6,0,0,0
35,79465.16,684,2,1,0,1
56,45422.48,657,8,1,1,0
27,27014.76,633,10,2,0,0
18,83033.91,752,12,3,2,0
59,62206.44,461,12,0,0,0
70,23649.58,806,7,0,0,0
35,43650.1,764,7,0,2,0
18,234002.36,629,5,1,1,1
36,49426.94,643,9,0,0,1
36,33827.0,720,0,2,0,1
37,29606.57,722,8,0,0,0
26,118901.36,629,22,2,1,0
46,74897.8,550,0,0,1,0
46,99083.63,849,8,1,2,0
22,55497.47,756,9,1,0,0
48,91767.15,692,10,0,0,0
64,32075.24,694,3,0,0,0
42,53172.44,729,10,1,2,0
35,56586.56,739,5,1,2,0
38,97853.18,513,0,1,0,0
47,57493.17,651,12,0,0,0
19,35855.21,643,11,1,1,1
41,50616.7,667,3,0,0,1
35,21200.78,741,5,0,2,0
62,15359.9,536,5,2,1,1
37,74285.47,572,0,0,1,0
60,40644.88,625,11,0,1,1
26,43014.45,692,11,0,0,0
47,74270.81,746,6,2,0,0
43,98568.32,810,7,0,2,0
29,64038.77,657,8,0,0,0
42,128545.27,746,9,1,0,0
54,63028.64,736,1,1,1,0
36,57017.11,723,10,0,0,1
19,55281.55,678,2,1,1,0
39,25777.37,648,11,0,1,0
29,79062.92,594,2,2,0,0
35,14432.92,589,1,1,0,0
39,36565.98,707,7,0,0,0
19,49586.07,675,7,0,0,0
20,33028.26,646,8,0,0,0
45,39109.55,733,3,0,2,1
33,122969.03,663,9,1,2,0
18,85136.57,606,9,0,0,0
49,34790.03,658,13,2,1,0
43,38762.82,745,8,0,0,0
31,25887.05,598,5,0,0,0
24,69737.74,696,1,1,2,1
50,43266.28,675,0,2,0,0
44,18338.66,619,9,1,2,1
68,51554.35,656,11,0,0,0
45,61052.5,554,3,0,1,0
44,79345.78,688,9,1,2,0
37,47255.42,570,7,0,1,1
49,40687.02,765,11,1,1,0
47,132340.36,672,12,1,0,0
55,49182.5,634,0,0,1,0
33,70247.56,772,13,0,0,0
34,37430.09,597,9,1,0,0
34,69213.75,620,5,0,0,0
49,23675.25,533,5,1,1,0
57,38908.43,784,8,0,1,0
34,26792.11,829,5,0,0,0
34,36225.31,546,3,2,1,1
43,91604.44,614,4,1,0,0
37,36092.38,685,2,0,1,0
51,70201.72,638,14,0,2,0
18,104676.78,677,8,2,0,0
30,48349.51,670,19,0,1,0
30,80570.15,712,9,1,2,0
18,63929.93,603,10,0,1,0
28,51959.43,695,2,4,2,0
29,71336.1,590,6,0,0,1
37,123003.62,647,8,1,0,1
53,35645.05,541,4,0,1,0
37,30345.38,647,5,0,0,0
27,29467.48,634,10,1,0,0
39,80596.78,755,10,1,0,0
52,86222.27,675,1,0,1,0
28,37476.96,689,9,2,1,0
29,16848.1,678,10,0,1,0
46,34983.14,509,5,1,2,0
37,64468.18,520,4,0,1,1
47,47412.37,654,10,1,1,1
39,53646.63,702,0,0,0,1
48,37734.41,661,8,0,2,0
27,81393.0,610,16,0,2,0
39,58197.4,660,0,0,2,0
37,65724.81,653,12,0,2,0
25,53078.8,742,10,2,1,0
21,63715.56,737,0,1,0,0
48,61653.53,635,10,0,2,0
35,30821.34,676,13,1,0,0
27,59073.14,702,2,3,2,0
38,72820.59,713,4,0,1,0
53,87340.6,812,8,0,0,0
18,60358.29,677,12,1,0,1
22,30253.73,773,5,0,0,0
28,32674.21,587,7,2,1,0
57,39435.67,628,4,0,1,0
43,53891.71,509,8,2,0,1
49,46114.46,692,13,0,0,0
26,27948.92,731,8,0,0,0
26,27865.37,475,6,0,0,1
45,17166.91,695,7,3,1,0
40,10303.74,728,3,0,1,0
46,45894.89,723,3,1,0,0
37,156391.1,584,14,0,1,0
43,120377.72,741,16,1,2,0
41,30058.01,680,0,1,1,0
49,52836.19,727,10,0,0,0
49,23569.53,669,12,1,1,1
20,25436.62,710,1,0,0,0
18,26937.21,768,5,2,0,1
52,43793.94,663,5,1,0,0
54,44746.58,702,17,1,0,0
27,55622.94,779,16,0,1,0
18,68296.12,669,3,0,1,0
41,41421.67,589,0,2,0,1
51,49916.21,734,11,1,0,0
61,28370.18,794,10,0,0,0
46,25028.03,783,14,0,2,0
35,23167.69,737,2,1,0,0
29,67820.78,492,11,0,0,1
40,41400.41,629,4,1,2,0
36,19234.1,633,11,0,0,0
27,47498.6,683,7,2,0,0
64,26254.41,815,17,0,2,0
61,112441.62,593,10,1,0,0
53,36702.1,850,6,1,0,0
28,68923.54,649,8,1,0,0
50,84497.86,618,7,0,0,0
47,30410.27,747,2,1,2,0
45,50920.64,753,17,2,1,0
54,64649.39,731,15,0,1,0
47,51936.29,618,7,1,0,0
48,58720.86,720,11,0,0,0
47,25214.77,597,18,0,2,0
44,64667.76,616,14,1,0,0
18,38442.46,672,6,0,0,0
41,58379.82,614,7,0,0,0
33,77652.14,764,0,0,1,0
24,68487.34,633,11,1,2,1
60,58358.47,662,14,1,0,0
60,67579.78,609,14,1,0,1
56,69161.91,763,11,0,1,0
43,103543.86,626,9,0,0,0
56,48193.27,771,3,2,0,0
40,53208.77,765,9,0,0,0
42,78122.5,644,4,0,0,0
26,38361.37,682,10,0,0,0
44,25143.79,642,4,1,1,1
40,62731.26,723,10,0,0,1
24,44222.46,664,14,1,0,1
39,26802.12,646,9,0,1,0
39,62961.01,683,9,0,1,0
61,100264.45,553,12,3,1,1
50,21701.33,673,16,0,0,0
40,81728.86,731,7,0,0,0
42,13786.79,691,10,0,0,0
40,40129.09,756,15,0,1,0
37,123039.16,649,11,1,0,0
27,41599.27,643,0,0,1,0
38,51275.54,590,4,0,1,1
31,71785.16,647,11,2,0,0
24,20780.35,837,5,0,1,0
46,50820.11,702,15,2,1,0
44,50620.23,633,17,1,0,0
18,124387.94,599,5,2,1,1
38,26426.69,552,2,0,1,0
51,40507.01,613,6,0,1,1
52,30817.01,740,5,1,0,0
52,29225.42,645,15,2,1,0
40,86137.61,603,2,1,0,0
29,49678.41,612,11,0,0,0
26,37131.33,731,14,0,0,0
44,37838.3,673,12,1,2,0
44,36989.39,629,10,0,0,0
55,38680.79,655,7,1,1,0
53,26050.11,850,17,1,0,0
38,43072.29,777,6,1,1,0
25,40961.86,797,12,0,0,0
36,33560.39,539,7,2,0,1
42,52972.23,667,0,0,0,0
37,55267.74,628,6,2,0,1
33,37111.29,723,7,0,1,0
43,45612.31,764,7,0,1,0
33,144251.25,706,4,1,1,0
32,141522.87,610,11,0,0,1
43,28939.27,627,11,1,1,1
35,31032.06,729,6,0,0,0
42,28862.5,737,6,2,2,1
43,83160.43,691,2,0,0,0
26,40164.36,690,9,2,1,0
34,55261.8,684,14,0,0,1
57,133050.45,701,14,1,1,0
26,48764.97,737,5,0,1,0
18,69781.51,730,17,1,1,0
18,63589.93,681,6,0,2,0
40,36530.08,676,2,2,1,1
40,83248.12,673,1,1,0,0
38,32053.11,617,2,1,0,0
54,95792.52,616,9,0,0,0
18,36544.08,723,6,0,0,0
44,38600.33,622,4,1,0,0
58,28445.81,745,3,0,1,0
26,30880.19,675,2,0,2,0
35,39601.32,745,3,1,0,0
30,14535.16,730,13,1,1,0
29,43622.74,747,17,0,2,0
36,38025.52,641,17,1,1,0
57,72766.11,712,11,1,1,0
62,60566.09,739,5,2,1,0
35,34412.71,555,4,1,0,0
62,38976.91,816,11,1,2,0
40,43594.71,850,6,0,0,0
61,103050.9,755,10,1,0,0
38,32495.2,744,17,2,1,0
41,34204.75,727,9,0,0,0
44,27881.2,654,19,3,0,0
78,23364.67,671,2,0,0,0
50,57153.84,757,10,0,0,0
31,54255.07,602,9,1,0,1
51,93095.48,595,3,0,0,0
35,82512.45,648,12,0,0,0
34,162520.33,732,15,0,1,0
50,47243.18,610,19,1,0,0
40,43033.55,661,10,1,1,0
43,25588.21,671,0,0,1,0
40,69444.91,599,10,0,1,0
44,52013.94,484,11,2,0,1
45,67889.26,597,6,0,1,0
18,27734.65,700,9,1,0,1
47,58442.7,718,5,0,2,0
28,54317.4,719,7,0,0,0
22,52549.85,728,13,0,0,0
39,34834.62,629,14,0,0,0
41,88846.22,612,1,1,2,1
31,136646.67,710,5,0,0,0
49,28136.64,663,0,1,0,0
23,70278.56,752,17,0,0,0
35,11626.88,710,12,0,2,0
32,68480.55,782,0,0,0,0
39,19243.39,642,7,1,2,0
43,37703.81,765,6,0,2,1
27,25424.99,842,4,1,1,0
48,44010.97,684,13,0,0,0
40,74562.79,719,13,0,2,0
18,19367.34,605,9,0,0,0
18,40956.27,751,4,0,0,0
39,37923.1,770,4,1,1,0
37,108068.91,640,8,0,1,0
38,60832.56,726,5,1,2,0
39,27211.4,702,7,0,2,0
42,38729.34,711,10,0,0,0
51,106729.42,744,0,0,0,0
26,70065.28,721,4,1,2,0
25,30973.38,668,7,0,0,0
26,42893.03,746,15,0,1,0
43,43584.0,768,12,1,0,0
54,37459.25,635,7,0,0,0
34,20845.51,679,10,0,1,1
18,34933.07,538,7,0,1,0
19,98184.11,726,13,0,2,0
30,40515.01,777,10,0,2,0
33,46554.23,659,14,0,1,0
35,52589.03,690,1,2,0,0
40,148608.51,662,3,1,1,0
36,49238.81,649,9,1,0,1
52,84708.62,698,10,1,0,0
31,36348.56,617,20,1,2,1
29,43057.87,661,0,1,1,1
45,49329.44,607,7,0,0,0
21,33287.38,727,7,0,1,0
44,44273.48,699,9,0,0,0
41,76421.97,645,16,0,0,0
38,32853.64,682,12,0,1,0
59,49022.98,662,0,0,0,0
32,69868.26,771,15,0,1,0
64,32460.1,644,15,0,1,0
37,84770.84,730,9,0,0,0
24,50840.15,623,0,1,0,0
40,45136.15,745,7,1,1,0
27,17960.43,762,10,0,1,0
30,40667.88,766,12,0,2,0
44,59029.71,797,0,0,2,0
46,117321.41,703,4,1,0,0
32,65117.24,779,13,0,1,0
51,86086.52,809,15,1,0,0
53,26780.99,590,10,1,0,0
57,46008.84,631,13,1,0,0
46,90253.1,560,10,0,0,1
56,31449.34,764,12,3,1,0
18,79428.4,559,8,1,1,1
36,70732.39,537,10,2,0,1
29,56238.78,592,1,0,2,0
41,41591.4,540,11,1,1,1
33,29937.06,701,1,3,1,0
38,119096.53,593,11,1,0,0
62,67233.79,544,5,0,0,0
37,58122.5,676,9,0,0,0
44,39877.8,681,3,1,0,0
37,49957.89,530,5,0,2,0
40,53229.0,622,9,0,0,0
40,59870.42,674,11,0,0,1
45,70768.56,651,13,0,0,0
53,33148.88,653,2,0,1,1
59,23545.77,774,0,1,2,0
43,51130.7,850,3,1,0,0
47,20463.36,654,2,0,1,0
26,41696.38,574,15,0,0,0
38,38002.42,661,14,1,0,0
51,62684.79,695,3,1,1,0
50,132097.89,675,16,0,1,0
42,18540.35,728,14,4,0,1
50,152831.69,850,0,1,0,0
45,43628.35,542,2,0,1,0
54,58331.9,639,0,1,1,0
43,24163.15,803,7,0,1,0
35,80695.31,638,8,0,0,0
44,50047.92,743,8,0,1,0
18,47537.13,730,0,0,2,0
44,18607.27,778,0,1,2,0
18,50863.38,833,9,1,0,0
19,74825.51,706,11,0,0,0
45,43558.52,540,0,1,1,1
45,88176.84,623,1,3,0,0
26,86374.48,850,13,1,1,0
31,35576.92,566,1,1,0,0
56,108831.59,719,7,1,0,0
34,50143.67,478,1,2,1,1
66,50255.37,571,12,0,0,0
39,51507.91,750,0,2,0,1
44,50749.54,682,6,1,1,0
59,13159.95,649,12,0,0,0
41,44678.46,614,11,0,0,1
27,24785.81,520,5,1,0,1
38,110543.88,735,4,1,0,0
39,108341.28,657,6,1,0,0
23,75054.45,558,1,1,0,1
36,43510.88,682,7,0,0,1
31,29613.7,726,7,0,2,0
51,35284.87,663,5,1,1,0
40,129485.08,689,13,0,1,0
36,34679.41,683,2,0,1,0
38,15096.26,623,0,0,1,0
42,82049.89,684,5,0,1,0
47,103803.15,738,8,0,2,0
28,112376.24,762,7,0,1,0
27,82386.26,743,7,0,1,0
53,89389.62,625,2,0,0,0
35,50335.56,730,3,0,1,0
22,17358.75,717,5,2,0,0
45,49708.96,623,5,0,1,0
45,66888.77,642,13,0,1,0
21,45814.91,734,9,0,0,1
42,44782.91,790,5,1,0,0
48,30270.87,535,13,2,2,1
44,29706.78,811,10,0,0,0
47,122893.6,773,1,0,1,0
23,125138.1,695,0,0,0,0
43,48955.96,660,1,0,1,0
36,56430.32,711,10,1,2,1
34,30018.56,628,12,4,1,1
50,67594.87,665,0,2,0,1
57,118163.51,561,11,2,1,1
61,22819.82,540,11,0,0,0
55,61817.49,850,14,0,0,0
38,64184.12,685,12,0,1,0
44,63818.81,696,14,1,2,0
49,111458.64,677,10,1,1,0
41,135673.85,613,10,2,1,1
41,43619.44,655,6,0,0,0
49,68636.99,687,12,1,0,0
39,51129.5,664,1,0,0,0
31,35737.02,619,7,2,2,0
35,56128.95,718,10,0,0,0
47,68579.56,695,15,2,1,0
40,54636.88,711,5,2,0,0
44,31552.54,736,12,0,0,0
48,38879.39,666,7,2,0,0
35,39028.46,666,12,0,2,0
49,32169.63,798,3,1,0,0
44,57340.92,604,11,0,0,0
25,60418.83,530,7,2,0,0
57,79998.15,724,2,0,0,0
33,31926.41,629,7,0,0,0
20,36726.75,593,14,0,2,0
27,106647.55,750,2,2,2,0
27,45150.29,668,0,2,1,0
40,49764.92,578,9,0,1,1
36,44911.45,834,0,0,0,0
35,86380.34,551,15,0,2,0
47,88071.51,673,15,0,0,1
44,85528.42,528,13,1,0,0
43,49676.33,701,7,0,0,0
44,31690.81,628,16,0,2,0
47,128361.6,745,14,1,0,0
18,75218.65,678,5,1,0,0
35,39013.79,788,15,0,0,0
18,99898.45,645,3,0,0,0
40,37503.73,551,7,0,1,1
39,99245.48,699,0,0,1,1
52,102656.35,659,8,0,1,0
54,30923.1,534,6,1,1,0
42,65570.37,595,5,0,0,0
33,72482.13,621,7,0,1,0
45,181217.75,804,5,1,2,0
33,33821.41,736,8,1,0,0
39,100335.18,652,14,0,0,0
51,49447.81,717,2,0,1,0
33,26352.49,516,12,1,1,0
49,46166.35,634,9,1,2,0
48,49081.25,712,9,0,0,1
28,28869.9,693,7,0,1,0
51,57301.77,636,4,0,1,0
48,79134.53,676,10,1,1,1
41,55221.1,707,10,0,0,0
30,37386.99,679,3,0,2,0
29,45513.49,748,1,1,0,0
33,48909.57,705,8,0,0,0
46,54647.61,720,11,0,1,0
28,85384.12,817,13,0,0,0
45,56160.55,746,14,0,0,0
25,24310.21,819,9,2,2,0
37,37006.15,626,6,0,1,0
41,53263.71,552,7,0,2,1
69,85996.53,668,1,1,0,1
23,93800.29,661,4,1,0,1
57,119055.22,796,7,0,0,0
41,52329.06,589,6,0,0,0
44,71801.06,673,8,2,0,0
41,23689.07,712,1,0,2,0
45,60775.42,688,2,1,0,1
38,28634.51,666,11,0,1,0
57,47511.66,708,3,2,1,0
34,222998.25,766,4,0,0,0
53,57055.35,802,8,0,0,0
32,31827.74,682,3,1,1,0
39,60107.78,614,13,2,0,0
27,37852.88,802,1,0,0,0
45,30321.97,593,8,0,1,0
57,140304.42,823,4,1,0,0
39,83567.17,787,8,1,0,0
37,58265.67,799,5,1,1,0
26,40299.26,734,7,0,0,0
37,41965.59,511,14,0,1,0
20,106004.94,596,4,1,0,1
29,57141.66,704,4,0,1,0
42,10494.4,625,6,1,1,0
55,164467.66,654,15,1,2,1
73,53719.49,729,7,0,1,0
32,58202.55,666,14,0,1,0
57,84402.09,582,7,3,1,0
42,61864.48,750,13,1,0,0
38,71214.68,721,10,0,0,0
45,39661.58,660,10,0,1,0
40,26505.36,736,0,1,1,0
41,56393.91,687,0,0,2,0
35,100288.6,786,13,1,1,0
23,35457.81,692,13,0,0,0
21,34063.71,785,20,0,0,0
47,90265.41,530,0,1,0,0
36,39002.36,716,10,0,2,0
32,39923.49,648,2,2,0,1
40,40677.4,611,4,1,1,0
49,47453.69,772,5,0,0,0
42,22318.72,751,9,1,2,0
32,37433.82,519,4,0,0,1
54,55005.26,737,8,0,2,0
58,54809.51,727,12,0,1,0
45,87465.22,622,13,2,0,0
51,122970.05,613,11,0,1,0
54,104426.81,552,10,1,0,1
53,77445.23,652,7,0,0,0
47,45507.51,665,5,1,0,0
47,35899.03,743,10,0,0,0
46,49460.97,701,2,2,0,0
26,65695.74,595,8,0,1,0
48,73937.02,699,2,1,2,0
23,66939.39,659,7,1,0,1
30,46138.93,605,2,0,1,0
55,72651.63,552,5,1,0,1
50,92082.14,729,4,1,0,0
57,76121.06,715,4,0,0,0
36,48242.39,724,7,0,2,0
26,32308.18,621,0,0,0,0
37,31927.29,693,0,1,0,0
41,34870.32,569,12,0,1,0
40,55744.7,601,8,1,0,1
53,63570.31,682,4,0,0,0
35,24166.77,700,12,0,0,0
44,38101.25,549,4,1,0,1
28,55361.67,595,5,0,0,0
45,31262.05,650,4,1,0,0
40,60897.78,756,17,1,2,0
31,42036.18,614,9,0,1,0
37,34142.21,691,8,1,0,1
37,50342.39,699,10,0,0,0
36,59643.48,660,0,0,2,0
61,32071.9,701,5,0,1,0
38,43420.8,572,10,2,1,1
37,61934.9,627,7,0,1,0
18,33488.42,794,19,1,0,0
29,21399.47,800,5,1,0,0
36,22736.19,747,12,0,0,0
31,39774.23,768,12,0,0,0
56,25356.51,533,8,1,2,0
38,41197.76,604,9,2,0,0
55,112698.5,655,6,1,0,0
40,24604.9,850,0,1,2,0
40,42561.17,654,9,0,2,0
38,142365.4,739,10,2,0,0
40,60118.03,710,10,2,0,1
60,40787.8,708,8,1,1,1
18,45322.49,678,12,0,0,0
18,60759.65,583,3,0,2,0
33,114449.16,463,15,1,0,0
40,37593.0,782,3,0,0,0
48,33563.51,630,7,0,1,1
45,24602.31,530,11,0,1,0
35,51613.99,715,5,1,2,0
52,24273.88,713,11,2,1,0
52,38875.08,741,6,0,0,0
42,31121.63,769,8,1,1,0
51,83873.23,606,7,0,0,1
43,38017.5,610,5,0,0,0
33,59782.32,654,19,0,0,0
48,21981.45,745,3,1,0,1
41,52352.42,511,0,1,0,1
40,26860.71,690,3,0,1,0
57,39623.42,754,8,0,0,0
18,148093.82,751,6,1,0,0
22,78126.7,736,13,0,0,0
25,45972.27,765,12,1,1,0
35,242673.2,460,6,0,0,1
36,31020.78,809,0,0,0,0
21,87781.69,706,1,1,2,1
28,22780.56,786,7,1,1,0
29,43392.36,586,0,0,2,0
69,24986.85,539,6,1,2,0
61,55750.29,822,15,1,0,0
35,50412.03,605,9,0,2,0
35,42031.21,655,8,2,1,0
26,84628.68,722,2,1,0,0
18,36917.85,741,8,0,1,0
38,57723.86,766,6,1,0,0
28,73885.91,697,9,0,0,0
38,23350.87,595,11,0,0,0
20,33718.19,736,12,0,1,0
30,50358.89,737,8,0,2,0
41,67176.36,534,10,0,0,0
44,99769.61,793,5,0,1,0
45,44005.07,481,13,1,0,1
24,41846.54,762,3,0,2,0
50,31688.27,629,6,1,0,1
30,57814.34,736,14,0,0,0
47,42253.45,720,5,2,1,0
39,42743.99,677,1,1,1,0
23,46772.74,716,5,0,0,0
36,64589.95,673,14,0,1,0
44,36980.08,737,0,0,1,0
47,33320.26,850,8,2,0,0
38,60831.44,572,4,1,0,0
58,10798.23,424,7,0,0,1
52,36248.78,646,6,1,1,0
36,27566.19,641,12,1,1,0
49,89467.36,649,8,0,0,0
63,39321.77,605,13,0,1,0
63,37035.86,749,14,0,0,0
25,47843.41,569,8,2,0,1
28,36399.63,716,6,0,1,0
57,40081.73,731,9,0,0,0
27,51459.75,705,10,0,2,0
24,39694.97,718,2,0,2,0
34,39552.78,755,9,0,0,0
45,29581.99,684,6,0,0,0
38,27532.11,652,5,0,0,1
32,50529.8,718,4,0,0,0
31,57142.32,728,4,0,2,0
31,24002.7,751,14,3,0,0
29,71680.26,543,6,0,0,1
67,71827.58,665,13,1,1,0
43,79805.25,594,8,1,1,1
50,56950.89,724,2,0,1,0
34,67409.49,738,8,2,1,0
37,146168.15,658,2,0,1,0
31,42160.51,621,11,1,0,0
18,29061.06,727,6,0,0,0
23,22764.78,669,12,1,1,0
18,117928.87,794,15,1,1,0
18,118704.64,821,0,1,0,0
25,30874.94,760,5,1,2,0
55,34075.69,698,1,0,1,0
39,41689.5,826,18,1,0,0
55,90411.65,699,5,1,2,1
44,25754.09,641,1,0,1,0
49,18337.26,625,19,1,2,0
29,144893.93,623,4,1,1,0
46,57307.49,679,0,1,1,0
48,61525.48,717,2,0,0,0
33,44242.76,566,8,0,0,1
46,61876.3,644,8,1,1,0
46,22991.9,697,3,2,1,0
33,32194.14,731,5,0,2,0
26,51667.23,677,8,2,0,0
25,15749.35,699,14,1,1,0
41,42139.52,580,9,1,0,0
43,40860.45,607,5,0,1,0
30,42135.88,675,6,0,0,0
40,37214.7,720,11,0,1,0
46,29793.75,698,16,0,1,0
47,19712.02,612,2,0,2,0
58,52700.15,661,13,1,1,0
55,42189.98,800,6,1,0,0
27,24645.74,723,0,1,1,0
60,50577.73,666,0,0,1,0
33,42299.26,597,14,1,0,0
52,38928.74,622,15,0,0,0
40,16673.11,680,5,0,2,0
35,68967.02,702,6,0,0,0
18,26462.25,725,0,0,0,0
37,50596.37,711,11,1,1,0
21,32724.06,650,7,0,0,0
51,40361.71,639,0,0,1,0
58,87216.28,843,9,0,0,0
30,63946.95,635,1,0,0,1
43,86251.26,576,10,0,0,0
31,57825.94,548,2,0,1,1
32,59758.8,651,9,1,0,0
49,20119.21,755,4,0,0,0
39,41824.5,633,0,1,1,0
60,43806.85,798,12,0,1,0
34,90384.89,679,13,2,0,0
51,38058.71,768,5,0,1,0
41,55962.09,619,9,1,0,0
49,54878.6,620,10,1,0,0
34,87451.32,687,10,0,0,0
39,45849.88,718,16,0,1,0
38,74153.57,665,10,2,2,0
29,20901.32,703,6,0,0,0
47,21872.61,727,10,2,0,0
47,15651.59,566,5,0,2,0
47,72619.77,652,2,0,0,0
58,68653.92,638,14,1,2,0
57,76758.07,642,10,0,1,0
35,34937.61,712,0,1,2,0
44,36983.46,639,4,0,1,0
32,46141.88,519,11,1,0,1
40,100896.41,661,0,0,1,0
32,114337.98,594,4,0,0,1
59,72904.4,719,21,0,1,0
44,57844.28,744,6,1,0,1
37,95577.37,506,13,1,1,1
54,43134.52,618,15,0,0,0
18,40317.03,708,3,0,0,1
18,45958.26,567,9,0,0,0
49,30050.75,742,18,2,0,0
40,44913.57,763,10,1,0,0
43,28037.44,667,19,1,0,0
24,81838.57,618,4,3,2,1
39,64334.01,495,16,2,1,1
64,100185.75,745,8,0,1,0
49,21706.32,840,6,2,1,0
42,126861.15,823,11,0,0,0
34,22331.7,664,7,0,1,1
35,26925.95,592,7,0,1,0
18,35939.39,747,10,1,0,0
43,94264.54,669,0,1,1,0
50,54873.55,718,4,1,2,0
21,43394.39,704,11,1,0,0
32,32980.98,687,12,0,0,0
26,24637.68,762,9,0,1,0
28,86362.92,765,9,2,0,0
40,73080.7,638,10,0,0,0
18,96396.5,606,12,1,0,0
47,59778.96,480,0,1,0,1
49,13081.43,652,5,1,1,0
36,26310.11,592,7,1,2,1
18,61848.04,713,8,0,1,0
28,40747.16,653,0,0,1,0
54,37070.58,661,1,0,0,0
18,28236.95,744,7,3,0,1
35,78731.2,711,13,0,0,0
25,61580.24,670,5,1,0,1
49,62981.46,814,4,1,1,1
31,35710.46,739,10,0,2,0
44,53537.84,646,6,2,0,0
46,25112.41,650,12,0,2,0
62,45939.75,743,6,0,1,0
37,13849.93,696,2,1,0,0
44,22380.42,590,15,1,1,0
22,41724.51,751,14,0,0,0
54,160742.51,780,3,0,1,0
30,19922.97,774,9,0,1,0
33,26323.3,803,6,0,1,0
39,54632.67,845,11,1,1,0
21,118742.37,818,3,0,1,0
42,54235.24,707,12,1,0,0
51,69638.37,663,13,0,2,0
43,41406.71,533,3,1,0,1
20,37975.22,680,8,0,1,0
38,51077.13,721,14,0,1,0
48,35272.37,683,2,0,0,0
18,70413.1,528,4,0,0,0
27,21957.5,657,11,1,0,0
50,76495.98,731,7,1,0,0
43,49993.91,597,0,0,1,1
44,44030.58,693,6,0,2,0
62,21558.12,714,16,0,0,1
45,30034.61,769,18,0,1,0
47,89261.52,817,4,1,1,0
72,44165.56,649,3,0,1,0
37,56342.21,694,5,0,1,0
30,31578.57,697,17,1,1,0
45,48313.81,731,12,0,0,0
45,24684.33,722,15,0,1,0
33,51531.12,794,12,1,1,0
27,59001.64,493,1,0,2,0
67,57544.13,713,3,2,1,0
43,31201.07,718,4,1,2,1
31,41314.74,661,5,2,0,1
50,64125.48,498,4,0,1,1
38,44102.92,675,5,0,1,0
36,42461.26,623,11,0,0,1
46,126973.52,814,8,0,1,0
24,30470.23,710,14,1,1,0
44,84137.63,616,9,0,1,0
62,27519.76,515,4,0,1,1
45,68008.67,727,8,0,1,0
35,69847.97,735,0,0,2,0
33,37980.09,662,0,1,0,0
35,26669.12,728,11,0,0,0
36,18302.33,652,13,0,2,0
35,36042.11,765,8,0,0,0
50,63774.54,759,6,0,1,0
19,28600.68,548,1,0,1,1
50,51455.59,568,13,0,0,0
35,23430.29,842,10,0,1,0
44,43610.62,754,9,0,1,0
26,27625.04,579,7,2,0,0
55,47146.25,554,5,1,0,1
54,38156.84,696,2,0,1,0
51,27033.09,588,9,1,1,0
21,35262.07,654,5,0,0,0
49,30727.75,676,5,0,0,0
44,25413.55,672,16,0,1,0
20,84235.6,770,7,0,1,0
39,40942.04,826,0,0,1,0
44,16299.46,641,5,1,2,0
46,35895.23,589,2,2,1,1
42,77447.52,711,7,0,1,0
43,33500.67,810,0,0,1,0
57,103660.04,647,10,1,1,0
54,31941.74,748,6,1,2,0
18,63051.3,613,5,1,0,0
36,82315.88,681,8,2,1,0
38,61395.82,587,7,0,0,1
18,24655.44,680,7,0,1,1
41,30600.32,670,6,1,1,0
54,87995.02,728,7,0,0,0
26,32783.95,822,9,1,1,0
44,79844.66,648,9,1,1,0
29,39531.68,520,13,1,2,0
31,52613.01,663,5,0,1,0
57,24512.69,703,9,0,1,0
33,36165.69,696,20,1,0,0
45,31645.36,667,7,0,2,0
18,54874.27,799,7,0,1,0
62,51359.17,690,1,1,1,0
47,61779.38,671,4,0,1,0
37,38358.78,617,7,0,2,0
46,30788.14,540,10,0,1,0
23,53710.54,706,11,0,0,0
54,29295.98,699,9,0,0,0
36,84053.71,595,12,0,0,0
37,46292.67,676,3,0,0,0
34,41644.83,668,10,0,0,0
33,61764.73,630,8,0,1,0
48,47184.36,616,8,0,1,0
43,21396.32,712,6,0,2,0
47,28833.27,661,3,0,2,1
39,83187.66,632,1,0,0,0
46,51120.57,611,9,0,1,0
34,21146.21,669,10,0,2,0
66,58457.54,753,7,0,1,0
21,37062.86,696,7,1,0,0
55,31658.12,661,4,1,2,0
56,27655.05,704,10,0,1,0
29,80818.79,789,8,0,1,0
66,18347.54,719,6,0,0,0
51,32248.73,700,12,1,1,0
51,52055.38,731,11,1,2,0
40,107923.89,667,0,1,1,0
37,64662.01,694,8,0,0,0
37,32112.08,640,3,1,0,0
44,105311.38,555,8,1,2,0
56,24895.4,707,0,1,2,0
42,55975.43,707,8,0,2,0
29,62560.68,656,11,2,1,0
49,31553.58,762,7,0,0,0
51,69480.16,622,2,1,1,0
47,37913.21,538,17,2,0,1
48,69395.08,624,13,0,0,0
36,19539.67,556,5,0,0,1
28,57958.82,707,6,0,0,0
29,39892.62,619,0,3,1,0
20,87103.46,758,10,1,1,0
42,47954.58,757,1,1,0,0
38,91547.64,606,11,1,2,0
34,63184.0,615,13,1,0,0
18,45993.06,722,7,0,2,0
25,72680.95,758,2,0,0,0
53,72913.51,518,14,0,0,0
32,62066.09,702,8,1,1,0
44,15581.65,504,8,0,0,0
23,29993.01,636,3,0,1,0
57,97934.38,767,8,0,1,0
38,26161.05,850,6,1,0,0
43,76208.67,660,1,0,1,0
67,69788.63,580,14,1,1,1
58,34102.43,638,16,3,0,1
36,18076.79,685,13,1,1,0
32,36884.39,626,12,0,2,0
36,138552.91,606,16,0,0,0
46,31836.27,645,2,0,0,0
38,32954.11,711,2,0,0,0
35,29768.58,666,5,1,1,0
57,89984.46,609,9,0,2,0
38,43414.21,626,6,0,1,1
67,35848.14,646,2,0,1,0
41,99383.07,600,8,2,0,1
61,65496.18,623,7,2,1,1
44,30957.01,731,12,0,0,0
51,26587.81,661,8,0,0,0
31,87472.96,539,0,0,0,1
29,49434.02,761,9,2,1,0
45,22594.64,713,15,0,1,0
51,20099.34,569,8,3,1,1
40,28056.64,650,12,1,0,0
24,26377.26,616,5,0,0,0
23,17623.02,734,10,0,1,0
22,28289.51,650,4,1,0,0
18,30960.26,674,6,1,0,0
41,38896.49,664,6,0,2,0
53,114285.5,561,10,0,1,1
39,42897.91,792,3,0,2,0
18,45080.84,732,0,3,2,0
37,63235.91,620,10,2,1,1
38,43535.89,695,10,0,0,0
65,59878.72,757,8,0,1,0
22,56404.68,684,12,0,0,0
35,52119.49,804,6,0,0,0
60,195483.85,850,9,0,1,0
45,77308.79,669,6,1,0,0
46,28542.2,633,6,0,0,0
41,58989.28,600,9,0,0,0
43,32995.67,502,19,1,1,1
49,61274.89,779,11,0,1,0
30,24646.9,651,10,1,0,0
50,28172.74,750,11,0,1,0
23,58218.23,766,0,1,0,0
43,80727.5,593,9,0,0,0
42,63027.23,605,12,1,0,0
32,75136.27,819,8,0,1,0
39,59095.45,674,7,0,0,0
32,53436.43,627,3,0,0,1
27,38107.0,596,5,0,0,0
35,73607.4,668,3,0,1,0
26,81833.31,800,12,0,0,0
43,47497.97,734,15,1,1,0
26,46237.06,694,17,1,0,0
48,108630.0,807,3,0,1,0
25,48522.8,791,4,0,0,0
33,50911.44,706,4,0,0,0
32,62449.47,850,2,0,0,0
55,46681.2,660,2,0,1,0
43,32527.13,767,5,1,0,0
37,59218.12,648,12,0,0,0
45,48080.04,752,4,1,1,0
18,123145.87,660,13,2,2,0
39,72709.28,716,14,0,1,0
63,36397.63,850,9,3,2,0
41,70581.98,756,14,1,0,0
40,57178.48,718,1,0,1,1
46,94344.96,618,5,0,1,0
50,37713.48,695,8,1,0,0
18,53870.49,599,9,1,0,0
19,46651.16,750,15,1,0,0
42,50475.32,748,3,2,2,0
31,31489.22,665,5,1,1,1
55,65378.96,813,7,0,0,0
36,60414.36,801,5,0,1,0
18,93210.14,691,2,2,1,0
24,48775.68,725,5,0,0,0
18,39897.95,632,6,0,0,0
37,72740.03,658,15,0,1,0
37,32954.98,593,2,1,0,0
34,84329.94,641,12,0,0,0
52,84239.65,671,14,2,1,0
54,91916.83,547,5,0,0,1
37,59178.38,726,9,0,1,0
18,38436.08,761,10,0,0,0
47,51771.44,679,10,0,1,0
46,59280.43,464,8,0,0,1
43,37046.5,659,4,0,1,0
51,95469.12,568,11,1,0,0
26,65515.5,631,6,1,0,0
64,31378.82,796,8,1,0,0
28,125672.78,485,8,1,0,0
48,51466.92,614,12,1,0,1
19,28366.06,746,17,0,1,1
28,32366.3,623,4,0,1,0
58,103145.08,617,8,0,1,0
36,122087.4,842,0,1,1,0
50,81205.85,710,15,0,0,0
42,94812.29,754,8,1,2,0
38,90066.88,719,6,0,0,1
56,64760.95,692,8,1,0,0
37,57787.1,781,8,0,0,0
18,64211.11,832,4,0,0,0
30,70827.86,545,13,1,1,1
46,33833.31,677,11,0,0,1
44,70684.34,676,11,0,0,0
21,101651.79,645,4,1,0,0
31,44214.75,758,4,2,0,0
33,41914.04,700,7,1,1,0
35,62210.13,834,11,1,0,0
23,35424.93,768,10,0,0,0
32,25376.8,789,4,1,1,0
31,87017.06,584,11,2,1,1
49,39125.29,615,3,1,2,0
49,49475.08,622,4,1,0,0
38,36132.12,785,8,1,1,0
35,92816.29,602,2,0,0,1
41,75100.92,604,3,0,1,0
30,43461.48,590,15,0,1,1
26,27174.96,850,14,0,0,0
28,41214.07,668,19,0,0,0
32,65190.98,722,10,0,0,0
26,53869.4,588,11,0,0,0
41,51769.12,756,7,1,1,0
48,54494.19,538,6,0,0,0
20,71639.23,601,12,2,1,1
40,48005.48,621,14,0,1,0
37,61390.28,697,11,0,0,0
44,29927.72,616,3,0,0,0
39,175768.91,801,9,1,0,0
22,42534.48,720,4,0,0,0
24,54273.78,624,6,0,2,0
40,65070.9,759,16,0,2,0
52,39918.88,648,2,0,0,1
18,49212.97,632,18,0,0,0
44,48914.91,751,10,0,1,0
54,31038.42,483,5,0,1,1
38,61040.61,738,8,0,1,0
46,21490.99,622,4,0,1,0
31,117754.15,622,5,1,0,0
38,72873.87,836,8,0,2,0
20,67478.29,637,6,1,1,0
18,20571.85,756,3,0,0,0
51,32982.61,702,6,0,0,0
28,98191.27,710,1,1,0,1
34,390670.86,659,1,0,0,0
23,89085.0,655,1,0,2,0
23,82328.42,802,16,1,1,0
37,63734.87,754,10,1,0,0
31,32088.45,640,10,0,0,0
44,80626.85,596,8,1,0,0
45,28265.47,633,10,0,1,1
43,26761.17,758,13,2,2,0
42,25932.06,774,10,1,0,0
58,79846.5,724,16,1,0,0
27,47633.57,550,7,1,0,1
39,51556.27,740,10,0,1,1
53,48644.69,784,11,0,1,0
55,27921.21,693,3,1,0,0
22,35053.63,838,8,0,2,0
36,35946.5,574,0,0,1,1
56,24278.93,734,7,1,0,0
46,38097.16,598,6,1,0,0
42,28548.13,764,6,1,1,0
37,65436.65,729,5,0,1,0
35,68219.49,824,10,1,1,0
43,25672.62,719,3,0,1,0
36,42263.71,647,17,1,0,0
39,123999.14,640,10,1,0,1
40,30019.98,659,3,2,0,0
31,60676.93,639,11,0,0,0
46,51676.63,787,12,1,1,0
74,84663.83,782,9,0,2,0
18,56825.1,560,2,1,0,1
43,39511.71,683,19,2,0,0
30,50684.84,684,11,0,1,0
46,51056.34,617,1,1,1,0
40,46824.06,715,9,1,0,0
49,25347.73,796,6,0,1,0
54,91266.98,751,8,0,1,0
42,83551.36,787,2,0,1,0
53,29082.9,622,8,0,2,1
18,42177.29,682,3,0,1,0
59,43802.98,618,6,0,1,1
44,27494.48,699,9,0,1,1
52,19275.73,706,5,0,1,0
25,35056.06,756,6,0,0,0
30,41019.34,785,12,0,0,0
41,23846.28,735,3,0,1,0
39,53556.31,611,4,1,0,0
43,87678.16,571,1,0,2,0
53,74686.76,721,3,2,0,0
18,46011.98,800,8,3,1,1
51,19531.7,678,11,2,0,0
40,70112.14,557,3,1,1,0
37,52743.51,846,11,2,1,0
22,60607.6,719,8,0,0,0
46,129062.41,693,1,2,0,0
18,32454.49,586,8,1,0,0
47,11644.53,681,13,1,0,0
22,28948.47,734,0,0,0,0
40,62506.29,720,18,0,0,0
38,49685.23,625,4,1,1,0
54,26693.68,675,0,1,0,0
37,24104.2,630,8,1,0,0
31,41056.13,813,12,0,0,0
33,26290.23,751,6,1,1,0
55,63596.69,638,9,1,0,0
46,39906.18,586,18,2,0,1
35,35826.43,702,9,0,0,1
37,33552.34,640,22,1,0,0
21,55913.51,646,14,1,1,1
44,50076.37,589,8,0,2,0
18,54229.41,599,9,1,1,1
49,53640.77,693,6,0,1,0
41,47282.82,658,9,0,0,0
68,29244.15,850,10,1,0,0
26,34023.61,727,5,1,1,0
38,40241.84,587,1,0,1,0
61,137667.64,557,14,0,2,0
54,24973.78,711,12,0,2,0
31,39755.83,648,0,0,1,0
42,51489.52,786,8,0,0,0
40,42122.34,702,13,0,2,0
43,83866.77,521,12,0,0,0
31,42013.7,598,4,1,0,0
38,43596.38,625,12,0,1,0
20,73667.3,715,8,0,1,0
41,121219.21,595,9,2,0,1
45,99086.57,692,3,0,1,0
37,45783.23,573,0,1,1,0
20,47822.09,680,4,1,0,0
51,50179.39,709,10,2,1,0
44,52759.53,796,6,0,0,0
31,32090.84,699,11,1,0,1
36,78299.53,614,13,0,0,0
21,54355.69,799,6,0,1,0
27,47933.6,665,5,1,0,0
33,25962.99,741,0,0,1,1
54,50571.48,630,0,2,1,0
32,19022.81,687,1,2,0,0
47,36650.24,615,10,2,1,0
33,36991.79,705,6,0,0,0
42,56584.91,744,5,0,0,0
38,125482.93,640,4,0,1,0
50,65248.2,635,4,0,2,0
33,101133.94,708,12,0,2,0
21,67684.07,613,8,0,2,1
23,86036.49,558,12,0,0,0
33,124065.34,708,0,0,0,0
25,33998.84,671,10,1,1,0
44,32907.23,669,5,1,1,0
34,68487.43,721,6,1,0,0
68,48930.72,732,14,0,0,0
19,54730.53,667,6,1,1,0
42,43289.55,590,10,1,1,0
26,36383.5,628,2,0,1,0
34,110236.39,726,8,0,0,0
41,28284.51,690,0,1,0,0
18,69092.13,636,7,0,2,1
42,63711.1,617,9,1,0,0
62,22258.81,729,13,0,1,1
34,32357.78,662,3,0,2,0
43,35194.84,740,5,1,2,0
52,65009.72,750,4,0,0,0
38,40801.84,654,6,0,1,1
33,46967.22,755,3,1,1,0
18,23651.37,691,0,0,0,0
47,156835.99,701,2,1,0,0
38,50797.27,504,7,2,0,1
27,62912.52,602,7,1,0,0
41,37409.77,606,10,1,0,1
32,35372.37,654,12,0,0,0
33,127560.03,689,5,0,1,0
47,18800.51,692,0,0,2,0
23,56349.21,702,10,0,1,1
52,26748.88,625,7,0,1,1
23,40034.6,735,6,0,0,0
32,35630.34,824,14,1,1,0
63,29941.81,651,10,0,0,0
53,49897.23,626,8,0,0,0
41,13575.0,625,8,1,1,1
28,41867.11,686,12,0,2,0
33,46856.97,637,4,1,0,0
40,24843.76,541,3,0,1,0
40,104465.21,563,6,0,0,0
38,36416.27,761,2,2,1,0
39,43532.27,782,7,0,0,0
37,36457.06,807,8,0,0,0
22,47061.8,698,7,0,0,0
33,94284.5,600,6,0,0,0
50,168806.42,644,16,2,1,1
23,71169.5,560,12,1,1,1
37,84456.92,557,7,0,1,1
30,115637.29,700,8,0,2,0
41,55516.5,723,14,1,0,0
35,107487.03,836,5,0,1,0
57,72853.11,673,3,0,0,0
46,52680.13,571,9,1,0,1
24,58405.8,670,10,2,1,1
48,19718.09,657,10,0,2,0
30,56730.07,640,12,0,0,0
33,22654.78,707,4,0,1,0
43,21749.92,582,0,2,1,1
34,53983.8,690,5,0,0,0
50,28084.15,732,10,0,1,0
30,48846.75,793,3,0,0,0
32,52534.07,704,0,0,0,0
32,53719.15,763,8,1,1,0
33,31192.7,644,5,0,2,0
53,76829.29,655,0,0,1,0
47,46881.69,787,8,1,0,0
60,61116.54,570,6,1,0,1
67,26951.12,647,16,1,0,0
27,44839.12,770,8,1,0,0
40,84850.59,663,10,0,0,0
25,79625.43,657,7,1,1,1
30,32904.14,658,5,0,1,0
32,37317.62,689,5,0,1,0
27,29901.28,766,13,1,1,0
27,35305.48,753,11,1,0,0
38,24354.36,680,0,0,2,0
25,45748.4,767,1,1,2,0
50,67276.7,707,2,0,0,0
28,33106.12,748,13,2,0,0
73,46849.56,597,0,0,1,1
34,43903.56,819,11,1,1,0
40,83080.01,697,9,1,2,0
24,36105.63,460,8,0,0,0
60,36768.32,812,5,0,1,0
53,32112.14,680,13,0,1,0
43,27757.05,648,8,0,1,0
23,63869.2,631,0,0,0,0
42,45818.56,715,1,1,1,0
26,50382.79,608,0,0,0,0
57,92718.25,633,14,0,0,0
49,95419.7,635,15,0,1,0
41,21523.12,656,13,1,0,1
18,67772.88,638,7,0,0,0
28,54875.57,748,0,1,0,0
48,38917.7,701,2,1,1,0
54,57747.88,711,3,0,0,0
53,20677.64,728,7,0,2,0
20,101856.59,672,14,0,1,0
43,63416.04,598,14,3,2,0
52,31805.71,824,5,1,0,0
20,36581.39,754,0,1,1,1
39,20919.29,809,2,3,2,0
43,41899.17,762,13,1,2,0
36,38508.49,643,9,0,1,0
18,25271.81,492,6,1,2,1
36,72283.5,581,5,0,0,0
36,92818.25,730,4,0,0,0
38,48354.75,671,1,0,0,1
33,42073.63,646,18,2,0,1
34,60930.69,480,16,0,2,1
39,48541.8,678,3,0,0,0
45,28535.68,593,0,0,0,1
36,35371.48,622,8,0,0,1
35,42267.85,748,7,0,1,0
41,55497.5,597,11,0,0,0
18,49250.18,605,12,0,1,0
45,54457.98,694,2,0,2,0
39,22870.11,749,14,1,0,0
40,68364.49,647,6,0,0,0
51,49104.6,797,11,1,0,0
18,175668.6,577,6,1,0,1
18,40383.75,563,12,0,0,0
43,57626.01,556,0,0,1,0
39,201714.7,547,11,2,0,1
42,54016.55,706,3,1,0,1
34,47390.86,601,8,1,1,0
47,29927.68,567,14,1,1,0
51,105254.15,710,3,1,1,0
45,27459.0,745,3,1,1,0
36,60691.59,764,6,0,2,0
18,38685.59,750,5,0,1,0
49,44592.99,606,2,0,0,1
54,24053.45,702,8,0,0,0
47,95948.19,719,8,0,1,0
29,42663.6,642,10,0,0,0
48,26700.97,693,3,0,2,1
50,91706.2,579,3,0,0,0
58,38098.55,629,7,0,1,0
29,57948.13,709,6,0,2,0
37,74660.63,800,6,0,0,0
48,62132.05,772,4,1,0,0
40,16345.08,732,9,0,0,0
26,69402.51,686,3,0,1,0
44,46615.72,673,7,1,1,0
46,41584.62,564,6,0,2,0
41,46418.93,613,7,0,0,1
42,21916.25,615,13,1,1,0
36,53964.7,725,1,0,1,1
57,24780.3,755,0,0,0,0
29,42492.38,738,5,0,2,1
32,53004.51,774,2,0,2,0
40,83869.6,685,0,1,1,0
50,32538.96,601,16,2,0,1
22,101295.14,676,10,0,0,0
24,78702.22,622,11,0,0,0
18,39548.98,732,6,1,0,0
40,28159.09,651,10,0,1,0
26,23815.5,672,5,0,0,0
35,56155.33,735,12,0,0,0
47,33906.36,620,8,0,0,1
32,89293.0,757,7,0,0,0
42,34899.86,572,8,3,0,1
36,31246.56,704,15,0,0,0
48,55094.94,672,8,0,1,0
45,34786.22,746,2,0,0,0
31,49230.81,570,9,2,0,1
37,80257.43,557,10,1,0,1
52,51980.02,740,7,1,0,0
44,52077.19,648,7,2,0,0
23,54315.96,672,2,1,2,0
47,21024.64,627,8,1,0,0
26,59630.29,753,1,2,2,0
56,53101.78,703,6,0,2,1
52,76607.38,699,4,1,2,0
43,66363.69,586,12,0,2,0
41,44312.66,720,15,0,1,0
37,82141.32,600,2,0,0,1
48,42348.35,627,7,0,0,0
35,55468.94,570,6,0,1,0
42,41958.04,667,10,0,1,0
50,61751.83,765,8,0,1,0
33,40609.41,698,6,1,0,0
32,111722.77,644,8,0,0,0
25,134414.2,688,6,2,1,0
27,75884.61,688,15,1,1,0
18,105942.13,685,4,1,0,0
48,22706.19,694,9,0,0,1
61,24084.2,596,10,1,2,0
57,41740.19,688,10,0,1,0
20,50041.88,539,6,1,0,1
48,44395.63,726,14,0,1,0
57,21567.27,591,0,0,0,0
34,87185.72,774,2,1,0,0
41,143932.41,484,11,0,0,1
18,93012.93,813,3,0,0,0
43,84352.66,548,3,0,0,0
27,54888.54,584,5,0,0,0
42,32160.73,703,4,0,1,0
21,50831.12,729,11,0,0,0
46,140476.29,657,12,2,1,0
52,41109.97,751,8,0,0,0
30,39047.0,616,13,1,2,1
26,85276.3,648,1,1,1,0
18,88154.22,655,8,0,2,0
36,32081.96,636,14,0,0,0
33,43013.0,525,12,1,0,1
21,38141.08,678,15,0,0,0
45,50759.02,670,5,0,1,0
34,85122.22,766,12,2,1,0
27,32793.52,577,5,1,1,0
33,84527.52,628,10,0,1,0
52,51576.72,776,14,0,0,0
47,156857.98,703,4,0,0,1
38,57492.83,723,0,1,0,0
47,46701.93,716,17,1,0,0
26,65339.85,716,10,2,1,0
40,41416.18,825,7,0,1,0
41,19977.53,687,7,1,1,1
34,43466.22,599,0,1,0,0
45,43124.79,731,9,1,0,0
30,22111.24,634,5,1,0,0
46,47262.97,671,8,0,1,0
46,17438.66,709,8,0,0,0
18,41198.48,614,0,1,0,1
54,55370.27,639,10,0,2,0
18,51456.81,718,8,1,0,0
32,39913.32,636,9,0,1,1
52,46968.61,757,7,0,1,0
36,33122.49,601,8,2,1,0
22,49286.64,600,8,2,1,1
26,50465.4,832,9,0,1,0
52,31253.14,557,10,0,1,0
18,56041.6,677,9,2,0,0
53,55866.84,828,17,0,0,0
39,45111.62,677,4,0,1,1
25,164476.59,787,6,0,0,0
33,45690.64,732,16,3,0,0
27,42632.96,679,7,2,0,0
50,39687.97,669,12,1,1,0
48,30167.8,510,8,0,2,0
19,69075.04,654,6,0,0,0
35,34782.74,698,12,1,0,0
29,36902.18,698,10,1,0,0
55,37454.39,850,0,1,2,0
23,29957.3,702,8,0,0,0
59,20423.84,730,3,0,0,0
39,38891.46,773,14,2,0,0
26,75861.73,723,16,0,0,0
31,54094.61,673,17,1,1,0
30,106968.28,673,9,0,0,0
24,71358.96,651,5,2,1,1
41,63702.71,715,9,2,0,0
25,125658.67,666,3,0,1,0
18,46696.63,729,19,2,0,0
35,50591.45,599,13,0,0,0
18,48740.61,691,9,0,1,1
30,106074.12,804,12,1,2,0
29,49082.49,662,5,1,0,0
29,35449.39,827,2,0,1,0
64,65764.65,693,0,0,1,0
40,32593.56,675,8,1,1,0
42,64006.23,689,6,0,1,0
18,60289.94,655,10,0,1,0
32,44591.51,521,8,1,1,1
42,65049.63,750,10,0,1,0
27,23297.59,850,12,0,1,0
50,53182.31,718,0,1,0,0
25,38894.86,723,12,1,1,1
36,205075.15,665,5,2,0,1
32,52992.86,772,10,0,1,0
41,36381.07,676,13,0,1,0
32,24608.55,701,13,0,1,0
36,94155.51,554,8,0,0,0
37,41150.18,637,8,0,0,0
31,33002.02,709,12,1,0,0
45,57997.18,752,0,0,1,0
42,67836.75,754,3,1,0,0
38,67304.1,553,6,1,2,1
34,49507.29,561,1,0,2,0
49,53082.1,726,6,2,2,0
37,55051.18,620,6,0,0,1
36,57999.99,751,8,0,0,0
41,60623.79,549,7,0,1,0
60,84730.12,672,13,0,0,1
23,50423.24,677,10,0,2,0
49,32584.71,718,7,2,1,0
18,45608.72,597,6,0,2,0
42,71459.81,522,7,0,2,0
58,20065.08,693,7,0,2,0
45,20123.1,722,20,1,0,0
42,77585.67,760,0,0,2,0
33,104826.45,651,3,0,0,0
40,26040.28,742,2,0,1,0
36,51545.99,718,9,0,1,0
30,40143.97,785,9,0,0,0
36,43027.08,675,5,2,0,1
42,57111.77,541,12,1,1,1
30,25682.49,674,9,0,0,0
30,28180.66,687,12,0,1,0
23,42166.21,721,14,0,0,1
44,45584.01,557,0,2,0,1
46,27917.88,655,11,0,1,0
42,72752.88,749,1,0,0,0
51,39783.98,671,9,0,1,0
41,39699.39,655,7,0,1,0
44,56462.35,832,7,1,2,0
43,45960.88,594,1,1,2,0
38,74513.71,778,13,0,1,0
33,30739.04,761,1,0,1,1
66,24374.84,661,11,0,1,0
34,41986.62,677,0,0,0,0
32,50519.67,677,7,1,1,0
45,26360.5,694,17,0,0,0
43,24492.52,632,19,0,0,0
23,53698.96,645,0,0,0,0
53,33560.66,651,4,1,0,0
38,23712.18,654,5,0,1,0
26,79433.12,655,19,1,0,0
54,35742.75,500,7,1,0,1
47,87108.16,687,13,1,0,0
24,49723.62,637,9,1,1,0
61,56804.99,530,2,0,0,0
47,44101.55,651,0,0,1,0
39,12996.29,649,4,1,1,0
59,27767.09,782,19,1,1,0
41,46034.45,636,9,0,0,0
39,58827.49,733,13,1,1,0
32,20033.54,790,0,0,0,0
46,47724.45,629,6,0,1,1
45,27969.45,676,11,1,2,0
40,55122.32,818,2,0,1,0
30,48547.58,698,7,1,2,0
41,71093.47,709,3,0,0,0
39,83567.63,647,12,0,1,0
23,61666.43,734,9,0,0,1
22,75372.43,676,11,3,0,0
46,41143.81,533,12,0,1,0
18,201100.23,651,6,1,1,0
42,26651.23,585,13,2,1,1
34,37651.28,688,5,1,1,0
55,76932.16,606,11,1,2,0
34,71421.96,718,0,0,1,0
47,62548.31,683,4,1,1,0
35,68710.64,580,19,0,0,0
41,17295.84,640,11,1,0,1
48,108515.61,729,11,0,0,0
34,44269.65,771,3,0,0,0
51,91395.1,607,2,0,2,0
28,17733.96,592,6,0,1,0
43,55730.58,836,7,2,1,0
51,36984.3,679,17,0,0,0
47,65255.14,687,13,1,1,0
62,57442.24,620,8,3,1,1
30,58866.29,697,8,0,0,1
23,28869.16,817,11,1,0,0
28,47644.16,700,1,0,1,0
47,44797.9,765,0,1,0,0
45,62796.53,682,11,0,1,0
41,80390.28,597,8,0,2,0
26,52851.32,625,1,1,0,0
49,25897.81,590,0,2,0,1
25,51729.81,697,12,1,1,0
53,180870.78,777,5,1,0,0
74,111636.42,692,10,1,1,0
44,11078.93,655,6,1,0,0
46,50598.21,616,7,0,0,0
34,78124.56,708,5,0,1,0
18,44749.54,580,7,0,1,0
32,38946.9,589,10,0,0,1
26,42895.32,752,6,1,0,0
22,64608.08,657,6,2,0,1
60,27605.35,656,11,1,0,0
43,88817.97,666,11,0,0,0
44,47667.42,738,2,0,0,1
36,30714.43,693,7,1,2,1
37,86006.24,620,5,0,2,0
51,22639.12,623,8,1,1,0
39,37137.96,664,15,1,1,0
46,36833.48,704,9,0,1,0
37,143196.2,677,18,2,2,0
35,34804.07,670,9,1,1,0
23,16689.21,683,7,0,1,0
18,36647.2,677,7,0,0,0
36,61560.47,617,8,2,1,0
40,72550.8,768,9,1,2,0
24,153011.73,641,3,0,0,0
39,99056.81,690,6,1,0,1
40,53850.19,515,4,2,0,1
18,31391.49,662,13,1,1,1
29,110416.37,592,0,0,2,0
44,40770.67,601,8,1,0,0
44,35274.7,850,0,1,0,0
26,39793.67,699,10,0,0,0
41,26208.94,778,6,0,1,0
52,38851.03,748,0,2,0,0
49,43627.63,758,12,0,1,0
38,70638.34,664,0,3,0,0
34,40374.59,808,7,0,0,0
32,26010.88,747,11,0,0,0
45,21984.96,683,14,1,0,1
42,54436.21,701,0,2,2,0
47,50833.6,669,5,0,0,0
41,37154.63,684,13,0,1,0
49,38803.73,676,13,1,2,0
41,59530.46,710,14,0,1,0
49,98250.26,819,20,0,2,0
50,33187.47,583,5,1,0,1
30,51249.0,771,9,0,1,0
18,79152.78,650,6,1,1,0
58,33254.42,781,0,0,2,0
43,48639.15,653,7,1,1,0
19,48098.3,713,0,0,1,0
31,25446.98,667,5,0,0,0
49,53329.74,541,0,0,1,0
36,49800.1,819,10,1,2,0
33,64701.66,604,4,2,0,1
56,27080.16,686,0,0,0,0
27,49265.79,595,12,1,0,1
30,97818.31,573,4,1,2,0
42,138517.22,663,5,1,0,1
44,92973.02,632,3,1,0,0
45,27213.39,586,13,1,2,1
50,61422.18,677,9,0,0,0
42,38500.51,561,4,0,1,0
45,56497.42,690,0,0,1,0
36,33319.29,669,20,0,1,0
40,20811.55,481,17,2,0,1
41,41263.82,638,15,0,0,0
42,70354.45,717,4,0,0,0
49,56613.34,594,5,2,0,1
46,59962.46,720,10,0,1,0
40,54621.08,714,3,0,0,0
30,60009.83,598,3,0,2,0
40,63879.63,679,15,1,1,0
39,42730.12,745,7,1,0,1
42,51095.17,609,2,0,1,0
66,117199.07,663,12,1,0,1
33,52628.63,772,5,0,0,0
45,50075.23,611,0,0,0,1
52,51608.53,716,2,0,0,0
41,43960.45,593,5,2,1,0
68,39431.57,667,9,2,0,0
35,54411.96,715,8,0,0,0
43,38068.5,487,14,3,1,1
30,45580.83,637,6,4,0,0
35,33015.84,714,5,1,0,0
42,51741.01,698,14,1,0,0
50,65650.3,638,12,0,1,0
43,44092.39,591,6,0,1,0
55,17958.36,730,9,0,0,0
38,65853.36,654,5,0,0,0
36,52056.86,723,2,0,1,0
72,29833.41,710,18,3,0,0
44,72159.56,644,5,0,0,0
31,24362.18,765,9,2,1,0
31,82677.59,632,0,1,1,0
28,47634.7,775,11,0,0,0
51,15765.31,785,1,1,1,0
35,53592.52,764,16,1,0,1
41,40010.76,665,16,0,0,0
39,37107.54,850,10,0,1,0
48,33898.88,692,8,0,0,0
29,45999.79,699,7,0,1,0
27,38461.22,678,7,3,0,1
42,19373.37,589,10,0,2,0
47,92599.03,783,8,0,1,0
43,43382.92,634,12,1,0,0
30,33997.17,753,3,0,0,0
48,27883.44,772,15,0,1,0
31,72068.05,728,5,2,2,0
33,25611.17,624,4,1,1,1
28,52417.39,652,9,1,1,0
55,36613.62,465,10,2,2,1
47,37695.28,670,0,0,0,0
47,28232.25,744,5,0,0,0
54,35948.42,660,0,2,2,0
73,49237.27,632,4,0,2,1
19,55141.4,656,4,0,0,0
31,33097.19,777,9,1,0,0
32,46841.87,675,4,0,0,0
29,76437.39,828,5,1,1,0
27,21347.41,634,14,1,1,0
36,48867.39,697,18,0,1,0
25,30473.36,645,3,1,2,0
44,28959.63,845,13,0,0,0
40,55854.52,694,9,0,2,0
45,37323.34,850,0,1,0,0
46,26678.1,646,4,2,0,0
47,95048.41,802,0,0,2,0
35,77656.05,689,9,1,2,0
65,18654.58,746,2,0,2,0
42,23453.76,582,8,0,1,0
18,65955.04,707,20,0,0,0
27,42512.91,594,15,1,0,0
19,103806.86,700,4,1,0,0
40,66713.87,558,2,1,0,1
38,56938.83,672,14,1,2,0
34,29409.37,767,2,0,1,0
64,62675.14,723,12,0,0,0
46,25903.1,581,21,2,1,0
48,94147.9,528,11,0,1,0
28,60540.59,719,13,0,0,0
28,32454.19,806,13,0,2,0
40,73301.67,602,5,1,1,1
42,150356.2,847,9,1,1,0
18,43966.86,679,3,2,0,0
37,64550.72,523,14,0,1,0
40,39501.16,555,2,0,0,0
37,51158.1,741,11,0,1,0
30,23072.18,690,13,0,0,1
33,49007.82,798,5,1,0,0
37,50100.62,584,4,1,0,0
41,120511.31,689,7,0,2,0
47,19980.23,680,3,0,0,0
52,42597.82,668,8,0,0,0
36,93345.1,649,3,0,1,0
34,43439.06,650,3,2,2,0
45,44996.02,693,10,0,1,0
47,32317.7,704,11,1,2,0
34,30751.6,700,6,0,1,0
49,19674.39,776,0,1,2,0
51,35788.88,583,13,0,0,1
55,29891.29,535,5,1,0,0
61,52001.06,761,18,1,0,0
29,33062.86,604,7,1,2,0
40,38569.01,649,8,0,2,0
40,39100.76,631,5,1,0,0
38,47854.36,629,9,1,1,1
32,37636.85,563,25,0,0,1
22,28828.13,634,6,1,2,0
41,51168.7,731,14,0,0,0
30,83595.22,679,8,2,1,1
41,52272.89,720,13,0,1,0
30,36137.62,640,0,1,0,1
26,46093.48,752,17,1,2,0
42,17582.93,639,9,1,0,0
41,45720.34,511,6,0,1,0
46,40127.73,705,12,1,0,0
66,30738.46,741,8,0,0,0
43,33656.14,635,2,0,0,0
45,39929.98,775,0,1,1,0
27,80517.44,611,17,1,1,1
24,84628.82,733,6,1,0,0
58,30820.56,819,4,1,2,0
28,37833.92,682,5,0,0,0
27,38319.15,661,15,1,1,0
39,73480.31,671,5,0,2,0
38,52720.16,810,11,0,1,0
29,51348.7,712,6,0,1,0
36,64095.62,850,1,1,0,0
54,36380.69,702,12,0,1,0
30,96949.29,627,13,0,1,0
23,48978.06,633,4,1,1,1
51,31953.72,684,7,1,1,0
45,43703.34,516,8,2,2,1
32,90759.11,642,10,0,1,1
21,39633.46,643,17,1,1,0
31,78808.72,699,6,1,2,0
39,35858.18,835,6,0,1,0
53,33428.64,684,7,1,0,0
27,68172.65,526,3,1,1,1
38,31666.47,606,0,0,1,0
48,73959.29,700,8,0,1,0
18,58443.34,687,10,1,0,0
52,31672.47,809,8,0,0,1
25,47300.62,756,7,0,1,0
43,37257.66,754,3,1,1,0
42,58365.97,662,9,1,2,0
53,125982.61,767,8,0,0,0
46,40727.05,608,10,0,0,0
18,64015.99,757,9,0,1,0
30,49623.53,657,9,2,2,0
41,49614.03,564,14,2,0,0
37,45134.29,727,10,0,0,0
45,31929.68,791,10,2,2,0
49,57963.57,647,0,1,0,1
47,42430.77,805,13,1,0,0
37,31182.11,547,6,2,2,1
18,81396.42,584,8,1,1,0
34,51508.64,668,1,0,0,0
44,43737.04,650,18,2,2,1
26,95800.99,626,0,0,1,0
47,19574.04,690,15,0,2,0
50,92633.9,637,10,0,0,0
41,31568.21,651,0,1,1,0
18,54489.66,702,18,0,0,0
24,36532.89,626,10,0,0,0
62,30899.63,671,0,1,1,0
33,94555.6,628,5,1,0,1
18,124008.86,583,10,0,0,0
54,43887.6,741,16,0,1,0
40,57973.27,816,5,1,0,0
53,50437.77,765,0,0,2,0
43,116454.21,706,15,1,1,0
45,17041.81,628,10,1,0,1
44,59193.19,657,0,0,1,0
48,34079.01,764,9,0,2,0
67,15093.48,497,10,2,1,1
51,40934.76,650,6,3,1,0
21,123503.45,738,3,2,0,0
45,35311.9,588,4,1,2,0
53,72793.56,713,6,0,0,0
54,89262.44,710,9,1,1,0
34,48710.58,563,11,0,0,0
53,52063.94,686,0,1,1,0
51,20782.18,630,9,1,1,0
70,34266.31,713,10,0,0,1
30,77149.77,733,8,0,2,0
33,50530.86,711,5,1,0,0
36,58904.38,685,15,1,0,0
34,52395.65,703,14,0,2,0
29,146679.02,585,6,1,0,1
18,39527.03,677,7,0,0,0
34,109393.31,616,11,0,0,0
44,52404.7,762,14,0,0,0
34,114359.18,734,3,1,2,0
63,26569.28,734,2,0,1,0
40,53762.21,817,9,0,0,0
55,40261.73,653,2,0,1,0
43,52561.34,636,0,2,1,1
49,90326.68,651,3,1,1,1
43,59243.11,551,10,1,1,1
56,90236.69,558,15,0,0,0
40,35062.57,729,4,0,2,0
45,32486.59,568,7,0,0,1
44,49417.14,594,8,1,2,0
36,48082.52,671,4,0,0,0
44,44670.58,647,4,1,1,0
66,30354.02,750,9,0,0,0
36,89261.52,684,2,0,2,0
45,40887.57,616,4,1,0,1
55,100011.36,757,6,0,2,0
53,49334.14,738,9,0,1,0
40,67793.02,567,0,1,0,1
18,64786.65,700,7,1,0,0
46,32463.21,622,1,0,2,0
18,58900.3,620,4,1,1,1
57,128561.99,829,11,0,2,0
42,55592.64,689,7,3,1,0
51,76929.01,662,16,1,1,0
29,69330.2,686,7,0,0,0
21,57155.15,749,12,1,1,0
43,53811.33,623,11,0,2,0
39,64450.82,637,7,1,1,0
34,71800.11,732,1,0,2,0
41,24932.26,558,7,0,0,0
73,55472.99,759,5,1,1,0
50,44710.38,551,5,0,1,0
52,40305.23,660,8,1,0,1
50,93712.06,552,0,0,1,1
57,33976.58,595,3,2,1,1
37,24406.76,783,2,1,2,0
18,72973.97,763,6,0,1,0
37,24096.05,772,4,0,0,0
49,18695.32,564,4,1,2,1
28,77198.39,595,8,1,0,0
37,53069.68,707,5,0,1,1
31,62091.22,737,8,0,1,0
58,39292.39,616,2,0,0,0
48,24533.55,633,3,0,0,0
47,27095.05,589,18,0,1,0
47,42783.4,812,4,1,2,0
39,25946.67,642,0,1,2,0
42,57155.25,682,9,1,2,0
25,38900.84,686,4,0,0,0
18,53772.53,768,9,0,0,1
41,52974.93,603,7,1,0,0
43,59480.26,773,10,0,2,0
54,62927.67,577,7,0,0,0
58,41276.55,773,6,0,1,0
58,53743.86,542,13,0,2,0
28,55160.59,671,0,1,1,0
35,14553.04,810,1,0,0,0
45,67728.54,735,3,0,0,0
70,52837.22,713,0,0,1,0
57,64992.32,596,5,0,0,0
53,25760.0,621,5,0,1,0
35,41861.15,787,12,0,0,0
29,28402.58,717,7,0,2,0
49,71132.58,751,6,0,2,0
26,24280.81,685,6,1,1,0
37,30812.4,657,2,0,0,0
38,64033.21,741,12,0,0,0
59,35786.03,700,14,1,0,0
35,30816.47,666,1,2,2,1
18,77138.65,566,16,0,0,0
46,78736.01,756,4,0,0,1
31,70335.76,715,4,0,1,0
40,74933.39,631,10,0,2,0
38,43660.99,774,10,3,0,0
36,44254.11,699,7,2,1,0
49,35452.87,701,6,2,2,0
21,53309.22,750,13,2,0,0
33,37648.59,733,4,0,1,0
48,39476.74,703,7,0,0,0
32,66167.87,664,16,1,1,0
20,88633.89,838,1,0,0,0
48,59822.08,621,5,0,0,0
53,120229.53,739,13,0,1,0
39,34449.24,673,10,0,0,0
18,19555.52,716,12,0,1,0
48,70074.48,778,1,1,0,0
20,33325.67,655,9,2,1,1
43,42751.26,728,6,0,0,0
29,20233.64,701,19,0,1,0
26,31269.39,628,12,2,0,0
34,23130.01,780,7,1,1,0
37,39452.33,736,9,2,0,0
32,40244.32,645,8,2,0,0
47,51276.11,768,11,0,0,0
34,91113.52,613,3,2,1,1
51,68765.2,677,14,0,0,0
43,21783.65,645,1,0,1,1
31,66436.89,740,9,1,0,0
29,51837.93,641,3,1,2,0
20,46680.73,740,8,0,0,0
43,48467.57,727,12,0,0,0
35,54299.82,649,0,1,1,0
18,34684.79,826,7,0,0,0
33,44749.01,620,0,0,1,0
29,88607.3,567,6,0,1,0
58,34476.98,748,0,1,1,0
19,29291.6,508,8,1,0,1
22,47531.42,799,5,0,0,0
53,27853.58,688,11,1,0,1
56,20714.9,565,14,0,0,0
31,41264.85,604,8,0,1,0
32,101145.05,549,12,1,1,1
47,48083.67,710,14,0,2,0
18,53599.15,573,3,1,1,1
18,16897.58,720,15,2,1,1
36,61026.46,655,7,1,1,0
58,51363.49,641,3,0,0,0
34,35155.72,720,9,0,0,1
41,53638.65,729,7,1,0,0
53,53373.03,771,0,0,0,0
65,28861.28,629,2,3,2,0
33,57868.41,677,16,1,1,0
39,89193.88,629,9,0,0,0
61,43740.48,693,15,0,0,0
21,31767.62,617,5,1,1,1
52,44855.88,646,3,0,1,1
27,75154.9,646,0,0,0,0
41,26551.47,703,12,1,1,1
37,65465.54,680,10,0,1,0
28,34926.21,720,5,1,0,0
28,55327.84,671,4,0,1,0
43,36968.98,633,13,0,2,1
51,36919.37,695,7,0,1,0
38,104982.34,606,7,2,1,1
40,24232.66,725,4,2,0,1
46,62485.08,657,5,2,1,0
28,116501.82,696,10,0,1,0
48,69062.07,697,0,0,0,0
49,25196.28,808,8,2,0,0
71,25827.88,710,12,2,1,0
35,33664.1,685,7,0,1,0
34,53048.08,624,13,0,1,0
49,54883.68,744,14,0,1,0
49,25955.84,658,12,0,1,0
33,31685.72,557,5,0,2,1
35,32671.51,664,7,0,1,0
46,44784.91,695,9,1,0,0
30,132236.56,614,5,0,0,0
35,30742.66,670,5,0,0,0
41,30077.15,674,5,0,0,0
51,27817.76,675,20,1,0,0
32,67357.69,778,6,0,1,0
18,48017.9,575,13,0,2,0
18,31316.07,842,3,0,1,0
24,40888.42,677,16,2,2,0
24,32999.41,726,6,0,0,0
38,56837.16,690,8,2,0,0
25,187622.7,541,0,2,0,1
31,64565.29,595,13,2,1,1
30,46793.79,638,14,3,0,0
34,35154.65,759,2,1,0,0
55,25041.76,569,13,0,0,0
47,70745.55,611,1,0,1,0
40,68849.42,693,11,0,2,0
34,38830.04,717,6,0,0,0
34,89919.22,715,14,2,0,0
43,49540.88,601,9,1,0,1
47,72213.36,552,12,0,1,0
29,56845.85,723,14,1,0,0
40,44865.84,794,6,0,0,0
18,30410.94,652,7,0,0,0
42,45580.34,588,2,3,0,1
49,74684.31,645,6,1,0,1
36,38022.46,711,17,0,1,0
61,61075.78,661,11,0,1,0
29,28527.74,792,2,0,2,0
42,72404.89,753,16,2,0,0
39,57323.77,694,9,1,1,0
38,26874.81,523,12,1,1,0
38,43826.45,624,10,0,0,0
41,78098.06,636,10,0,0,0
50,26120.71,620,0,1,0,0
56,28696.34,695,13,1,2,0
39,47346.66,696,0,1,2,0
49,142438.47,546,13,0,0,0
31,35021.27,744,8,2,1,0
49,62795.39,681,12,2,0,0
30,55830.06,708,8,0,1,0
53,36506.3,739,13,2,0,0
66,53133.7,618,8,2,0,0
38,39186.31,780,9,0,1,0
18,40990.58,668,10,1,0,1
33,21361.9,801,17,0,0,0
54,48425.5,608,11,2,2,0
46,76845.08,795,1,0,0,0
42,50448.73,607,5,1,0,0
52,84563.15,850,10,0,0,0
45,65523.47,603,14,2,1,0
54,47582.93,764,4,1,0,0
51,35811.96,651,19,0,2,0
58,38440.55,737,8,1,0,0
44,23499.74,676,10,1,1,0
50,42892.86,592,1,0,0,0
36,52733.14,456,13,0,0,1
32,115579.11,850,5,0,0,0
60,63841.59,685,4,1,0,0
42,31811.18,444,6,1,1,0
49,23868.52,704,14,0,1,0
41,44210.78,735,10,0,2,0
32,73561.88,622,3,1,1,0
40,43900.98,623,5,1,0,1
57,64279.25,678,15,1,0,0
46,44776.43,776,6,0,0,0
19,70157.66,687,10,0,0,0
37,22056.68,797,12,0,1,0
61,109326.17,770,0,0,1,0
37,28106.56,661,14,0,1,0
18,72901.62,554,3,1,0,0
62,42783.51,661,6,0,0,0
48,46262.46,722,15,0,2,0
39,43453.6,684,15,0,0,0
35,55703.72,730,10,0,2,0
52,61621.26,749,11,0,0,1
33,83214.82,722,12,0,0,0
53,99108.89,657,15,1,1,0
46,57867.48,721,15,1,0,0
42,115478.21,850,8,1,2,0
41,51353.39,560,4,1,0,0
37,84012.44,718,6,1,0,0
52,60740.13,826,8,1,0,0
29,37249.64,586,7,0,0,0
20,53670.41,760,2,0,1,0
47,63043.86,770,10,0,0,0
47,48237.93,561,0,0,1,0
45,60260.27,736,8,1,0,0
44,75559.94,658,8,1,2,1
36,48451.25,675,8,1,1,0
49,11249.24,654,12,0,2,0
39,113452.0,785,11,1,0,0
34,42243.44,671,19,0,1,0
36,32479.35,642,5,2,1,1
64,27943.64,644,9,0,0,0
19,41430.68,652,9,1,0,1
45,36998.26,593,8,2,1,1
19,33911.02,642,1,0,0,0
38,34854.48,689,2,1,0,1
34,63887.02,712,8,0,1,0
18,135290.79,776,0,1,0,1
44,73886.53,699,6,0,0,0
35,85930.93,642,4,0,0,0
18,40590.73,599,6,1,0,0
50,51654.5,703,13,0,2,0
57,60672.22,670,2,0,2,0
57,35250.01,673,12,0,0,0
44,39621.81,701,5,0,0,0
40,75152.6,721,5,1,2,0
55,84554.06,701,10,1,1,0
60,50701.21,666,6,2,0,1
53,26968.41,615,3,3,2,0
28,42285.69,630,6,1,2,0
42,23845.11,747,0,0,0,0
45,50899.13,646,9,2,2,0
18,55698.11,572,0,0,1,1
45,42815.04,772,12,1,2,1
67,55318.11,604,11,0,0,0
47,60382.26,682,16,0,0,0
57,55738.76,719,18,0,1,0
42,26882.61,680,12,0,0,0
39,43190.15,481,4,1,1,1
44,60169.54,711,18,1,1,0
30,107942.71,786,2,1,0,0
28,42789.03,742,0,1,2,0
55,64564.51,510,17,1,0,1
56,76044.65,850,11,1,2,0
28,44430.71,573,0,0,1,1
51,87047.03,593,1,1,0,1
38,89418.86,742,10,0,2,0
44,97752.34,716,3,1,0,0
45,61649.23,686,4,1,0,0
51,159542.98,634,17,0,0,0
40,36039.05,786,18,0,1,0
56,141780.99,676,8,0,1,0
43,71980.44,554,7,2,1,0
47,95816.83,778,12,1,0,1
30,41771.98,697,5,1,2,0
65,74774.89,769,0,0,1,0
45,100056.18,725,0,0,1,0
48,28461.87,850,7,1,1,0
20,45176.71,655,12,0,0,0
30,16804.02,681,8,1,1,1
54,44839.0,737,12,0,0,0
43,32597.66,655,12,0,0,0
18,43963.55,744,14,1,0,0
52,211466.46,444,8,1,2,1
33,115716.87,674,9,1,1,0
56,23867.58,671,7,1,0,0
38,64722.82,668,6,0,0,0
42,73091.37,609,0,1,0,1
54,41400.63,752,13,1,0,0
29,53591.93,639,6,0,1,1
28,56274.18,696,5,0,1,1
37,25001.58,677,5,2,0,1
49,29270.5,720,1,2,0,1
24,53431.11,794,7,0,1,0
19,51518.76,695,10,2,0,1
49,34396.79,747,4,1,1,0
32,32952.15,691,13,0,1,0
35,46868.94,639,6,0,1,0
18,76349.4,668,0,1,1,1
31,47181.5,657,14,0,2,0
39,110344.81,725,8,1,1,0
51,34616.64,688,12,0,1,0
30,53990.04,616,12,0,1,0
59,41062.57,662,3,0,0,0
31,65774.04,557,5,0,0,0
31,33163.53,665,13,0,0,0
58,128501.89,680,17,0,1,0
42,21050.8,824,8,0,1,0
33,115582.53,787,4,1,0,0
38,51276.83,597,16,0,0,0
56,64615.67,696,4,1,0,0
57,95536.39,697,9,0,0,0
30,75269.53,661,5,1,1,0
39,34029.62,666,9,1,0,1
41,66174.12,651,3,3,0,0
28,124708.84,829,6,1,1,0
39,31456.29,646,4,0,2,0
40,141381.09,707,11,1,2,0
53,59447.64,477,8,0,0,1
54,39473.55,745,12,1,0,0
36,31362.1,774,3,1,2,0
37,43842.39,595,6,1,2,1
47,18441.54,639,11,1,1,0
32,39830.08,716,12,1,1,0
47,42981.99,681,0,0,1,0
38,28646.69,717,9,1,1,0
28,71248.04,657,3,0,1,0
28,43941.6,829,12,1,1,0
57,35671.34,626,17,2,1,0
38,41661.51,850,0,0,2,0
59,58545.16,779,4,0,2,0
33,50848.74,746,9,1,0,0
43,34527.54,596,7,1,2,0
68,52199.42,752,12,1,0,0
27,47794.32,728,8,1,0,0
18,27729.94,510,5,0,0,1
55,42435.8,567,2,0,0,0
30,65491.07,708,2,1,0,0
39,65255.73,669,4,1,2,0
32,43696.26,638,5,0,0,1
43,68760.61,766,9,0,2,0
28,30032.1,609,7,0,0,0
37,30500.74,643,4,0,0,0
45,43233.57,628,2,1,0,0
27,103650.82,720,4,0,1,0
31,53190.01,542,5,0,2,1
35,42715.5,640,4,0,0,0
22,106092.75,542,11,0,0,0
34,42469.05,654,14,1,2,0
41,149846.49,737,2,1,1,0
35,37962.66,739,13,0,0,0
36,29558.77,621,11,1,0,0
39,45108.19,722,8,0,1,0
32,43280.52,665,15,0,0,0
48,32733.03,788,7,1,1,0
57,180049.49,669,10,2,1,0
34,57486.95,442,8,0,0,0
45,61828.81,751,8,1,1,0
37,38912.09,643,10,0,2,0
44,36723.25,658,8,0,0,0
58,81861.1,706,10,0,0,0
46,21206.84,566,4,1,1,0
18,27682.83,685,4,1,1,1
45,43318.96,722,4,0,0,0
54,96328.9,709,6,1,2,1
37,40649.49,632,13,1,0,1
51,60359.63,759,5,1,0,1
31,49705.18,600,11,1,0,0
22,93725.84,629,9,0,1,0
41,22195.36,669,5,2,0,0
18,70826.01,703,14,0,1,0
37,44380.28,654,11,0,2,0
55,77842.44,778,8,1,0,0
18,32544.35,703,7,1,0,0
24,49622.35,686,8,1,2,0
27,46571.62,700,0,0,0,0
39,29696.43,738,3,0,0,0
35,25842.96,699,10,2,1,1
56,36672.94,535,0,1,1,0
51,52311.19,767,4,1,0,0
45,33575.23,689,6,0,2,0
41,41562.9,734,22,0,1,0
44,19093.46,647,11,2,0,0
29,40728.16,533,13,2,0,1
50,81780.44,497,3,1,1,1
26,69744.24,604,9,0,0,0
50,46935.94,721,0,1,0,0
54,55371.84,783,6,1,0,0
42,32398.58,704,10,1,1,0
37,110439.08,595,0,0,0,1
44,137844.46,617,9,0,0,0
18,53231.83,788,10,0,1,0
43,179036.13,575,4,0,2,0
38,34888.37,848,3,0,0,0
39,26224.79,830,4,0,1,0
48,34378.55,850,6,0,0,0
39,43925.7,710,6,0,0,0
26,155754.02,652,10,1,0,0
38,42591.95,708,5,0,1,0
40,31893.97,752,16,1,0,0
41,31281.14,627,15,1,2,0
41,86682.83,591,9,1,0,1
52,80712.67,657,6,0,1,1
26,38455.65,618,5,3,1,1
42,19189.3,779,9,0,1,0
55,27881.07,630,10,1,2,0
19,115916.1,687,6,2,2,0
42,69175.63,758,6,0,1,0
32,50651.83,782,9,0,0,0
35,124793.62,696,8,0,1,0
29,130504.52,710,5,0,2,0
37,48147.77,598,8,1,0,0
62,48592.0,761,4,0,0,0
24,36642.96,781,4,0,0,0
25,42518.66,530,7,0,1,0
24,23314.66,821,5,0,0,0
60,23267.36,623,4,1,0,0
34,20716.19,727,13,1,0,0
39,84302.64,686,6,1,1,0
35,22455.68,675,17,0,0,0
28,129959.89,663,11,0,2,0
37,34023.65,600,3,1,1,1
69,116853.34,721,13,0,0,0
56,40842.27,657,4,0,1,0
29,22402.02,575,17,1,0,1
47,93142.83,597,9,0,1,0
30,98807.9,576,10,1,2,0
18,31162.62,638,8,0,1,0
52,41530.11,718,9,0,0,0
53,31166.59,623,6,2,0,0
52,46153.9,758,3,1,1,0
34,51736.28,670,9,0,0,0
37,41122.41,656,13,1,1,0
48,19743.0,681,2,1,0,1
44,36664.36,791,15,2,1,0
35,69686.33,570,11,2,0,0
20,44158.92,812,5,0,1,0
41,41617.65,756,5,0,0,0
52,30779.73,678,17,0,0,0
25,36133.45,774,12,0,0,0
47,99158.42,654,13,0,1,0
43,27725.6,702,6,2,2,0
49,70291.88,636,10,1,0,1
50,50187.82,757,9,1,2,0
31,55403.9,623,7,1,0,0
20,33990.01,675,8,2,2,0
33,41114.3,734,13,0,0,0
50,48880.8,763,15,0,1,0
33,37784.96,614,6,0,1,0
31,57856.21,740,1,0,0,0
18,61618.63,601,16,1,2,0
61,145270.57,507,16,0,2,1
49,56336.34,620,10,1,0,1
49,18842.66,746,16,0,0,0
51,87685.3,679,9,1,0,0
46,44270.1,637,3,0,0,0
37,134049.27,684,1,0,1,0
38,102279.26,681,1,1,0,0
34,38077.02,729,8,0,0,0
71,70329.84,551,5,0,0,1
46,36425.43,671,5,2,2,0
34,49086.8,689,7,0,0,0
45,68733.53,570,12,1,1,0
27,85519.53,569,5,2,1,1
58,76695.85,650,4,2,0,0
32,50893.72,680,5,0,1,0
46,169687.19,680,12,1,0,0
52,40842.96,635,7,0,1,0
44,21947.31,632,9,0,0,0
41,24164.75,648,15,0,0,0
40,102437.06,703,22,1,2,0
39,47177.56,779,11,0,0,0
33,53078.58,502,10,0,0,1
34,37374.28,729,2,1,0,1
57,39091.05,671,9,2,1,1
38,33072.32,722,8,1,1,0
30,62042.53,774,12,0,0,0
33,46691.16,619,6,0,1,1
53,60931.32,755,9,2,1,0
48,58088.28,579,11,0,1,0
46,39618.86,690,17,1,1,0
36,23638.56,660,15,0,0,0
46,22631.55,683,14,0,0,0
32,222643.21,600,11,1,1,0
36,102650.65,714,5,0,1,0
51,95807.02,806,11,0,1,0
50,34985.77,602,4,0,2,0
28,49254.44,695,6,0,1,0
29,32608.18,748,16,0,0,0
41,25436.97,656,10,1,1,0
60,36519.92,788,9,0,0,0
18,95138.83,645,9,1,0,1
43,74635.59,670,7,0,0,0
23,30181.25,600,0,0,1,0
32,41881.19,690,1,0,1,0
35,71293.58,680,11,2,2,0
34,36846.44,730,3,0,0,0
33,51010.82,629,7,0,0,1
40,59929.47,625,1,2,0,1
33,59603.24,716,4,0,2,0
22,55663.1,791,7,0,0,0
49,35353.46,730,12,0,0,0
49,37216.69,827,13,0,0,0
50,27810.67,724,4,1,1,0
21,22456.42,721,9,1,0,1
43,46287.43,734,0,0,0,0
48,73727.4,799,8,1,1,0
27,24584.19,779,12,0,1,0
40,56189.58,593,7,0,1,0
38,72570.63,744,14,0,0,0
62,19567.65,701,12,0,0,0
63,42817.81,664,9,3,0,0
20,111647.86,538,6,0,2,0
69,64600.05,556,5,1,0,1
29,19240.48,650,0,0,0,0
51,68129.78,562,1,0,0,1
51,33729.62,652,12,1,0,1
28,69262.12,737,15,0,0,0
45,34716.11,633,2,1,1,0
38,47738.04,686,8,0,2,0
46,37467.48,594,0,0,0,0
42,49098.26,703,3,1,1,0
54,36914.51,720,9,1,0,0
40,43836.89,566,5,0,0,1
37,27233.35,619,0,1,0,0
53,62650.68,578,16,0,0,0
46,53511.0,720,7,0,0,0
48,21845.14,693,2,0,1,0
32,80535.9,676,8,0,1,0
27,44884.87,669,7,0,2,1
33,53150.42,705,10,0,0,0
32,71846.04,707,6,2,1,1
49,57764.01,640,9,1,1,0
51,87781.11,629,12,2,0,0
38,42334.27,675,1,0,1,0
57,82225.0,664,4,1,1,0
56,52128.25,844,12,0,0,0
42,63184.65,649,5,1,1,0
30,59982.89,703,7,0,1,0
58,91159.42,717,5,1,0,0
39,70312.59,792,5,0,2,0
41,39282.22,615,5,1,0,0
35,35573.86,787,1,1,2,0
29,47816.35,668,10,0,1,0
22,33521.73,850,13,0,0,1
47,28966.75,709,7,0,0,0
30,16915.3,581,12,0,1,0
76,22592.39,664,5,1,0,1
26,132283.57,786,5,2,0,0
24,35303.94,686,10,1,1,1
46,126973.05,675,10,2,2,0
58,59968.66,737,7,1,0,0
40,47816.26,652,11,1,0,0
46,23148.78,663,1,0,1,1
18,49135.37,604,6,2,1,1
31,126259.16,818,12,0,0,0
27,106811.23,582,12,0,1,0
18,56225.14,693,12,1,0,0
41,27602.62,718,13,1,0,0
18,30376.28,678,6,0,0,0
24,32006.81,579,0,0,1,1
33,92881.29,600,6,1,0,0
30,110841.91,721,11,1,1,0
44,54065.22,617,11,0,0,0
43,42127.66,514,5,0,0,1
50,106335.58,710,3,0,2,0
49,30052.86,610,3,0,1,0
53,50307.61,730,5,0,1,0
39,61789.15,663,0,1,1,1
43,31843.85,660,5,1,1,0
46,35669.2,684,8,0,0,1
41,34307.91,588,7,0,1,0
35,99544.84,613,6,0,0,0
36,127667.39,659,4,0,2,0
30,51916.72,588,5,1,0,1
45,42868.42,737,5,0,1,0
38,36318.39,655,11,1,0,0
32,49063.62,564,7,1,0,0
32,37230.71,635,23,0,0,0
25,46699.32,688,6,0,0,0
51,60271.61,644,10,1,1,0
40,40028.36,711,6,0,1,0
29,44587.37,725,6,0,0,0
49,44679.62,850,15,0,0,0
33,41823.69,772,12,3,1,0
23,39311.64,549,0,2,0,1
52,71761.13,651,2,1,1,1
33,20224.14,658,7,0,1,0
35,107703.78,726,5,1,1,0
40,52457.82,605,0,0,2,0
53,66503.43,637,8,0,0,0
40,70441.57,580,0,0,1,0
25,34405.46,631,8,1,1,1
46,31033.44,634,11,1,1,0
34,29256.74,654,12,0,1,0
62,43324.17,585,7,1,2,0
39,69536.17,758,15,1,0,0
18,36611.55,717,9,1,2,0
44,66434.1,564,12,1,1,0
63,15003.51,682,4,0,1,0
58,40425.51,554,15,1,0,0
61,87866.04,787,7,0,0,0
27,45004.35,809,15,0,2,0
50,32384.27,675,14,0,1,0
31,35297.89,611,9,0,1,0
42,10785.83,626,10,0,0,0
24,29557.68,643,7,0,0,0
32,83168.23,671,3,0,0,0
31,36632.78,789,10,0,0,0
50,38860.28,756,10,1,2,0
49,15276.85,757,0,0,0,0
43,21689.45,693,7,1,0,0
23,88878.41,587,12,0,1,0
36,66745.83,618,15,1,1,0
31,25623.89,684,11,0,1,0
50,35764.6,583,0,0,0,0
54,48310.96,704,2,0,0,0
52,26955.32,744,6,0,1,0
30,17996.42,723,14,1,1,0
18,45269.77,720,4,0,2,0
18,65271.08,530,13,3,1,1
57,65902.3,786,4,1,1,0
35,75933.91,554,10,0,2,0
30,22543.94,667,3,0,0,0
59,50460.74,729,7,0,0,0
55,42863.43,708,2,0,0,0
40,46928.93,577,15,0,2,1
36,44095.33,592,4,1,0,1
38,35234.32,702,0,1,1,1
42,10841.15,720,0,0,0,0
59,87633.14,591,7,1,1,0
45,57814.51,711,5,0,0,0
48,23338.39,558,11,2,0,1
54,62104.01,729,6,1,0,0
25,39196.69,609,13,1,0,0
49,39755.91,686,6,0,0,0
36,33382.69,673,13,0,0,0
18,64117.03,772,3,0,0,0
18,32862.52,699,0,1,0,0
27,28327.34,632,3,0,2,0
46,86324.82,708,2,0,0,0
41,44826.7,850,1,0,0,0
42,45535.92,739,10,2,0,0
63,69302.21,675,6,3,0,0
24,35108.78,613,8,1,1,1
39,38790.22,630,10,2,2,0
43,57117.03,734,0,0,0,0
31,22681.64,609,10,0,1,0
40,54750.92,680,1,0,1,0
20,33595.39,795,5,2,1,0
56,75187.2,692,0,0,2,1
31,64429.81,593,11,1,0,0
64,60311.26,850,0,0,0,0
39,21949.96,820,1,1,0,0
52,46550.93,720,2,1,1,0
39,27210.73,782,7,1,0,0
39,48125.53,658,7,0,2,0
32,15403.66,737,12,0,0,0
41,22687.83,646,7,0,2,0
43,88833.3,571,12,0,0,0
30,58954.82,850,9,1,1,1
38,41072.42,567,3,2,0,1
32,31120.7,703,4,0,1,0
67,28506.09,702,15,0,1,0
38,54180.58,721,14,1,0,0
58,41282.08,672,12,0,2,0
37,106225.94,673,12,1,1,0
43,44695.05,691,10,0,0,0
24,50481.4,718,9,0,1,0
34,24483.34,679,8,0,0,1
42,40931.3,674,16,2,1,0
59,53556.67,574,5,1,0,1
42,40684.69,841,9,0,1,0
56,38452.76,722,0,1,1,0
47,57725.53,696,0,1,2,0
59,104549.05,630,17,0,0,0
39,52706.01,599,11,0,0,0
68,86863.49,748,6,1,0,1
34,66889.76,667,8,1,1,0
30,84303.33,729,1,0,0,0
25,36139.44,571,5,1,2,0
67,44202.48,803,0,0,2,0
49,44294.39,752,6,0,2,0
35,64417.37,673,11,0,0,1
54,72853.54,717,10,1,0,0
48,52183.84,739,15,0,0,0
63,75989.72,573,9,1,2,0
21,36987.46,814,0,1,1,0
36,76319.88,718,17,4,0,0
34,81463.04,623,3,1,0,1
18,68785.49,592,8,1,2,1
52,52422.17,758,8,2,0,0
36,70028.79,696,9,0,1,0
48,31350.88,718,8,0,1,0
68,54132.02,682,8,0,0,0
35,56968.58,599,1,1,0,1
34,25216.21,720,20,0,2,0
41,62149.13,664,11,0,0,0
51,26254.45,678,8,1,1,0
33,39578.48,850,17,0,2,0
32,50005.11,749,2,0,0,0
52,34017.55,754,12,0,0,0
44,51086.57,850,5,2,1,0
18,50679.59,710,10,2,0,0
25,32529.71,689,10,0,0,0
58,65120.01,625,0,0,0,0
44,33453.84,643,0,0,2,1
30,153889.05,516,15,0,1,0
37,46409.55,743,6,1,0,0
40,27292.11,578,18,1,0,1
48,29966.31,752,14,0,2,0
23,87011.04,676,6,1,1,0
29,39951.61,690,6,1,0,0
43,24788.08,676,16,0,1,0
38,75121.07,790,18,0,0,0
46,39823.52,776,6,0,0,0
25,67962.39,677,15,0,2,0
44,78259.3,608,13,1,1,0
53,56231.47,753,14,2,0,0
45,162422.09,602,8,0,0,0
41,20694.61,555,4,1,0,0
38,32566.03,719,2,0,2,0
29,43132.2,777,1,0,0,0
39,151840.63,647,17,0,1,0
55,120451.35,712,8,1,1,0
38,93371.87,646,2,0,1,0
29,32956.31,737,13,1,1,0
34,34934.94,767,5,0,1,0
42,32393.72,658,4,0,0,0
35,33133.05,597,18,0,0,1
45,103399.18,563,1,0,2,0
46,43395.73,754,9,0,0,0
50,46362.72,589,5,1,0,0
57,72199.86,709,4,1,0,1
51,21337.81,742,0,0,0,0
28,50328.3,639,8,2,0,1
29,28326.81,666,3,0,0,0
39,42310.58,759,10,1,0,0
34,36562.91,615,7,0,1,0
26,35632.36,607,6,0,2,0
34,54873.78,661,3,0,1,0
34,54754.05,782,15,1,2,0
31,43918.45,808,11,0,0,0
36,59002.92,672,4,2,0,1
54,31751.42,623,1,0,0,0
42,68926.29,765,0,0,1,0
69,44218.59,546,13,1,2,1
42,38490.56,699,12,0,0,0
36,32945.85,676,13,0,1,0
40,43447.18,783,7,1,1,0
43,124906.36,791,12,1,0,0
45,47493.26,604,13,1,0,1
64,27661.54,693,7,0,0,0
29,77606.74,634,6,2,0,1
50,38717.07,656,3,0,1,0
42,56493.42,729,10,0,0,1
21,36212.87,653,10,1,2,1
49,93002.97,695,5,0,1,0
55,36483.67,756,6,0,0,0
29,98610.1,801,6,1,0,0
39,29009.24,703,11,3,1,0
19,42342.51,689,1,0,1,0
24,98715.56,591,2,1,1,0
52,53321.08,806,2,1,0,0
34,152624.05,719,7,2,2,0
26,42848.67,690,9,1,0,0
42,55743.8,686,2,0,1,0
33,127080.32,708,12,0,0,0
34,22995.15,741,15,1,1,0
48,21614.61,751,10,0,0,0
26,32933.51,808,13,0,0,0
29,73621.06,699,3,3,0,0
41,21918.24,820,3,1,2,0
51,66073.6,764,10,2,0,0
54,63790.1,675,7,0,0,0
32,134214.58,546,3,0,0,0
51,82680.78,686,15,0,0,0
30,58807.53,804,9,0,2,0
61,96719.13,617,11,0,0,0
26,64180.32,686,4,0,2,0
55,38947.31,693,16,0,0,1
32,27658.74,755,7,1,0,0
64,36876.04,648,13,1,1,0
47,48048.35,610,5,2,0,0
27,53503.87,725,8,3,1,0
33,16854.99,620,10,0,0,0
49,43924.16,533,17,0,0,0
52,49726.38,827,5,1,0,0
39,64457.97,754,9,0,0,0
40,110569.6,830,10,0,1,0
49,53789.13,749,0,0,0,0
41,31107.95,734,0,1,0,0
24,19751.02,709,3,0,0,0
30,69113.51,665,12,1,0,0
42,31743.91,720,16,1,0,1
54,75615.65,635,3,0,0,1
59,98588.52,594,1,1,0,0
49,22651.08,653,15,0,1,0
43,64663.12,783,5,2,1,0
48,93555.6,581,6,1,2,0
31,81594.71,582,15,1,1,1
38,17185.31,727,14,0,0,0
30,31989.85,646,12,1,0,0
25,25845.96,718,0,0,1,0
44,63687.04,759,1,0,0,0
42,60274.43,716,13,2,1,0
48,12721.57,629,9,0,0,0
46,42175.05,782,4,0,1,0
42,73156.77,739,6,1,1,0
46,52785.3,682,13,3,0,1
39,52740.21,678,15,0,0,0
44,40843.51,709,7,0,0,0
31,28869.17,655,4,1,0,0
44,48604.53,549,6,1,0,1
48,50314.41,740,14,3,0,0
31,66677.79,735,14,1,0,0
40,69442.2,495,8,1,1,1
32,51171.13,720,5,1,1,0
33,84749.42,820,13,1,2,0
26,40641.2,589,16,1,2,0
55,23813.02,674,0,0,1,0
52,62225.92,665,6,2,1,0
46,52218.38,812,13,1,0,0
63,62847.46,769,8,1,1,0
37,26050.03,609,5,1,1,0
76,120018.12,707,8,1,1,0
37,69930.08,850,9,1,0,0
43,42446.58,630,2,0,1,0
35,30707.84,679,8,4,1,1
44,84000.39,721,9,1,0,0
50,28257.53,631,5,0,1,0
38,151855.15,821,4,0,0,0
61,36076.52,642,5,0,1,0
42,115873.3,568,3,0,1,0
43,44701.53,638,12,0,1,0
29,108052.59,732,3,2,1,0
45,33947.34,616,8,0,0,0
38,49484.67,704,6,0,1,0
32,73304.31,725,4,1,2,0
30,68257.23,583,14,1,0,1
72,84997.82,634,7,1,1,1
36,38417.33,707,4,0,0,0
22,51144.19,736,4,1,0,0
31,91509.15,636,9,0,0,0
39,34453.72,692,12,1,1,1
46,65268.87,657,14,1,0,1
46,43932.95,738,7,2,1,0
48,54335.72,721,6,0,0,0
32,51137.59,650,8,0,0,0
44,33052.7,718,8,1,2,0
29,43030.02,646,4,1,0,0
32,52705.03,716,15,2,0,0
28,46566.56,717,8,0,0,1
25,107620.67,850,10,1,0,0
52,81224.95,653,10,0,1,0
48,56669.43,668,10,0,0,0
51,33470.74,628,2,3,1,0
40,32467.29,597,7,1,0,1
49,131518.86,643,19,0,1,0
18,29586.02,733,15,1,0,1
50,51892.51,738,8,0,0,0
42,58716.4,703,6,1,1,0
47,41954.38,656,0,0,0,0
44,29699.88,640,5,2,0,0
28,33108.71,606,7,1,1,0
22,37299.96,635,6,0,2,0
31,34380.8,576,6,0,0,1
46,95211.9,788,11,0,1,0
48,48797.63,826,2,1,1,0
23,37725.8,525,9,0,2,0
28,51713.75,703,7,0,1,0
31,68458.15,701,3,1,0,0
35,41261.71,696,16,0,2,0
23,76956.12,632,11,1,0,0
22,25962.97,761,4,1,0,0
30,88049.27,712,10,0,0,0
41,48801.87,762,1,0,0,0
25,47858.01,620,4,2,0,0
38,34665.24,569,14,2,0,1
52,26531.15,714,9,0,1,0
24,21304.3,602,9,0,1,0
37,33476.92,764,12,0,0,0
52,65764.58,509,11,2,1,1
34,30313.87,642,6,2,2,0
33,22601.6,630,12,2,0,0
53,31115.69,653,0,1,0,1
36,40440.35,700,4,1,2,0
53,41243.52,711,7,0,1,0
45,45961.23,731,10,0,0,0
35,82150.09,740,6,0,0,0
45,91548.78,666,0,0,2,0
43,133616.8,848,0,0,1,0
52,21753.86,790,7,0,2,0
33,31954.17,655,5,1,1,0
40,69511.16,669,3,0,0,0
39,39065.09,653,2,0,2,0
48,75387.23,709,8,0,0,0
27,54369.4,602,14,0,1,1
52,107969.29,616,8,1,0,1
45,82566.4,506,14,0,2,1
24,83325.37,648,6,0,1,1
54,39897.31,765,10,3,0,0
66,46689.27,667,14,0,1,0
52,42081.91,672,7,0,2,0
57,23087.67,702,8,0,2,0
41,102322.48,599,6,1,0,0
20,71160.53,682,10,4,0,1
18,41253.3,751,12,2,0,1
43,94117.22,704,9,0,0,0
32,35768.26,758,6,0,2,0
29,19553.95,781,0,0,1,0
39,81120.0,733,7,1,1,0
47,25866.91,622,7,0,1,0
22,44449.65,652,9,1,0,0
34,54342.48,834,8,0,0,0
58,59440.59,705,15,2,2,0
27,74921.83,694,4,1,0,0
50,65540.64,611,0,2,1,1
34,64533.92,672,2,1,0,1
46,33011.92,737,4,1,0,0
53,56790.35,681,13,0,0,0
48,23091.62,638,1,2,0,0
50,107051.88,657,2,1,1,0
26,24311.81,775,10,1,2,0
53,41224.17,733,12,0,0,0
29,25350.73,722,0,0,2,0
43,34027.25,715,0,1,0,0
43,49351.04,585,4,0,1,0
45,37632.41,701,11,1,1,0
44,86866.1,765,8,1,0,0
29,54909.99,659,4,2,0,0
23,38892.05,758,11,0,0,0
50,45853.6,723,8,3,0,0
42,90205.91,746,7,1,2,0
53,77221.67,684,0,1,0,0
39,27739.55,750,4,0,0,0
23,34880.18,562,17,1,1,1
51,62155.52,682,6,1,0,0
35,58494.22,737,3,1,0,0
44,28992.99,703,6,0,0,0
32,71293.7,767,8,1,2,0
59,31399.99,667,12,0,2,1
29,94081.19,636,11,1,2,0
35,63877.63,548,4,0,0,0
41,27834.67,658,14,1,0,0
26,37626.42,721,12,4,1,0
43,37300.79,740,5,0,1,0
59,53100.33,568,7,2,0,1
34,44267.74,774,11,2,1,0
44,27646.53,602,13,0,0,0
18,24412.98,670,0,0,0,0
39,64505.88,634,8,2,0,0
36,56563.46,713,7,0,2,0
30,51677.04,687,5,0,2,0
52,56126.64,734,5,0,0,0
36,35973.59,827,13,0,0,0
37,53744.48,711,10,1,0,0
35,174425.46,633,18,2,0,1
18,88193.06,716,5,0,0,0
26,42437.84,835,8,0,0,0
51,37733.9,732,9,0,2,0
18,11728.54,755,12,0,1,0
30,83645.85,552,14,0,2,1
35,72642.3,710,8,0,1,0
60,37349.92,658,2,1,1,0
49,23960.12,625,4,1,1,1
33,27511.69,678,8,0,1,0
55,61218.15,688,13,0,0,0
31,46879.21,630,0,0,0,0
52,69272.0,695,2,0,1,0
23,51186.01,666,11,1,1,0
52,79489.44,736,1,0,0,0
35,58970.2,698,2,0,1,0
27,74190.97,710,13,0,2,0
37,17242.94,758,6,1,0,0
43,26445.13,724,6,1,0,0
34,40856.62,679,14,0,2,0
46,84101.9,513,2,0,0,1
33,125525.58,721,1,1,0,0
47,45156.17,607,16,2,1,0
45,36105.84,673,9,3,2,1
39,18444.39,709,11,0,0,0
34,75491.99,786,6,1,0,0
41,37231.29,827,7,0,0,0
46,215166.48,606,4,1,1,0
64,33870.44,574,9,0,1,1
51,140454.31,706,12,0,2,0
51,71266.65,699,8,0,1,0
77,29315.39,583,13,1,0,0
46,55054.12,678,11,0,1,0
45,72091.42,727,2,1,1,0
48,43799.33,581,7,0,0,0
27,74532.56,600,5,0,1,0
34,73716.25,628,11,0,0,0
33,66050.13,663,10,0,1,0
47,48618.69,735,8,1,1,0
37,27242.4,653,13,0,0,0
41,47174.43,684,0,1,1,0
53,53531.86,850,4,0,0,0
50,19186.74,603,5,1,0,1
38,53349.38,627,9,0,0,0
31,46704.67,734,10,0,2,0
53,25634.31,759,7,2,0,0
49,41502.0,713,1,1,1,0
20,41943.42,824,10,0,0,0
36,128675.28,705,8,1,0,0
41,54724.08,521,0,0,0,1
49,82291.46,687,6,0,0,0
50,46216.51,634,9,2,1,0
43,19207.22,790,16,3,0,0
47,68608.45,757,2,1,1,0
40,35274.18,552,11,0,1,0
31,41448.21,788,2,0,0,0
36,28955.47,755,1,2,0,0
40,50837.21,654,1,1,0,0
39,83498.94,673,11,0,1,0
18,78148.73,791,8,0,1,0
35,108347.05,522,6,0,1,0
40,116305.98,715,10,0,0,0
36,17624.81,767,8,0,1,0
37,26989.14,672,8,0,1,0
45,19848.91,731,6,1,0,0
27,67236.07,688,2,0,0,0
20,34664.07,617,16,1,0,1
35,38384.53,615,15,1,1,1
49,43989.28,736,15,1,1,0
60,59354.63,629,5,1,1,0
49,23326.36,558,4,1,1,1
22,26122.92,689,5,1,2,1
37,49052.58,638,13,0,0,0
43,89265.73,584,7,0,0,1
42,48402.24,685,5,1,0,0
46,32996.94,741,9,1,1,0
28,16745.68,681,4,0,0,1
40,78931.67,594,1,1,2,1
45,33929.3,718,8,0,0,1
49,27619.62,762,5,1,1,1
30,20792.29,850,7,1,1,0
35,23871.72,795,0,1,0,0
18,30314.85,599,3,1,1,0
32,43502.58,748,7,0,1,0
33,26785.85,700,0,0,0,1
27,53790.6,587,0,0,0,0
41,43337.61,702,8,1,2,0
39,148894.93,833,11,0,2,0
18,20905.73,775,3,0,0,0
42,53142.9,598,6,1,0,1
28,53476.76,681,6,2,0,1
45,29281.8,719,0,2,0,0
24,51411.96,541,13,1,1,1
40,72027.06,544,7,2,1,1
36,51443.83,692,7,1,1,1
43,97951.86,693,9,0,2,0
41,16500.67,532,0,0,0,1
36,32173.01,711,12,1,0,0
21,102490.77,766,13,1,0,0
22,77343.6,662,8,0,1,1
32,64231.94,684,10,0,1,0
39,90817.54,725,6,1,2,0
32,18802.05,715,12,0,0,0
47,72970.12,546,3,2,2,1
36,83465.2,607,7,1,1,1
28,35265.13,648,8,1,0,0
36,182520.64,611,7,0,1,0
42,54077.55,797,13,1,0,0
43,16376.71,730,18,1,1,0
62,59316.1,591,7,0,1,1
31,34203.05,662,10,1,1,0
39,87771.98,770,3,0,1,0
45,64471.08,628,13,0,2,1
39,36353.25,748,5,0,1,0
33,103904.34,790,23,1,0,0
21,78411.48,777,0,1,2,0
33,32404.09,694,18,0,0,1
27,45432.25,780,12,0,0,0
19,63478.62,638,2,0,1,0
30,40858.43,850,19,0,0,0
27,41473.1,699,3,0,0,0
47,49929.26,771,6,0,2,0
47,28770.35,651,1,2,0,0
29,16052.46,719,7,0,1,0
36,55246.9,723,7,1,0,0
18,18134.11,605,12,0,0,0
34,29836.29,603,20,1,1,0
44,20215.58,663,5,0,2,0
49,21499.35,768,0,0,1,0
31,60668.36,533,11,0,0,1
52,43863.86,650,5,1,0,0
21,43079.38,784,17,0,0,0
25,25388.44,581,7,0,1,0
48,35315.44,780,4,1,1,0
60,59173.41,589,2,0,0,1
45,47760.6,606,11,0,0,0
39,73964.24,668,6,0,1,0
18,79423.22,829,15,1,1,0
18,43212.72,628,6,0,1,0
41,19416.44,541,15,2,1,1
35,33579.72,567,1,0,1,0
26,46683.93,754,0,1,0,0
40,33248.22,571,12,0,1,0
41,28931.55,775,5,0,0,0
51,50760.62,685,6,1,0,0
41,165239.56,677,2,0,0,0
54,38403.58,703,2,2,1,0
40,48952.08,615,11,0,2,0
38,25437.56,691,7,1,0,0
52,91281.24,584,2,1,0,1
28,75915.15,787,11,1,2,0
73,73340.41,597,13,0,2,1
44,96751.19,715,7,0,0,0
44,39589.9,597,13,0,1,0
46,42141.62,637,2,1,0,0
62,115259.26,650,10,1,1,0
49,67262.9,850,8,0,1,0
20,16161.53,678,4,1,1,0
56,61538.02,614,18,1,0,1
35,36649.35,644,9,0,0,0
41,76809.68,559,5,2,0,0
24,60119.84,666,8,1,0,1
46,20531.77,828,3,0,2,0
32,56073.3,706,2,0,0,0
41,54465.02,752,5,0,0,0
36,58790.25,607,6,0,1,0
63,65366.45,663,3,1,0,1
63,103567.93,696,14,0,0,0
40,60291.38,621,4,0,0,1
40,49585.28,712,3,0,2,1
35,87027.88,729,2,1,2,1
53,150447.63,723,1,0,0,0
36,77461.43,667,13,1,0,0
34,54344.74,767,9,0,1,0
51,60855.97,659,11,0,1,0
33,55715.96,652,13,0,0,1
39,49476.8,795,6,0,0,0
21,144724.24,591,15,0,0,0
48,33707.42,543,4,0,0,0
63,87330.31,610,2,0,0,0
48,46031.05,710,9,0,0,0
57,23383.61,782,8,0,0,0
29,44615.7,627,8,3,0,1
42,37294.91,825,13,1,0,0
28,65433.44,682,8,0,0,0
37,51310.47,670,9,1,0,0
49,29406.96,612,14,0,1,0
41,102283.53,836,9,2,0,0
23,84547.35,667,10,0,1,0
24,108339.79,573,0,0,1,1
23,55186.98,850,26,0,2,0
45,48152.75,711,0,1,2,0
64,69687.78,743,5,0,0,0
56,36726.82,814,5,1,2,0
18,52314.55,729,18,2,2,0
57,44898.56,757,4,2,0,0
51,23611.35,684,10,0,0,1
21,52246.48,738,5,2,0,1
36,39321.1,677,2,2,2,0
53,43422.1,678,10,0,1,0
46,58799.73,689,4,3,0,1
24,92620.57,648,9,0,1,0
47,32068.03,720,11,0,2,0
18,41428.36,720,17,0,1,0
37,33438.35,745,1,0,0,0
53,32367.49,731,7,1,0,0
40,36414.25,840,7,0,1,0
34,44434.65,764,8,2,1,0
50,65705.36,663,20,0,1,0
51,57539.27,716,7,0,1,0
55,28899.27,793,0,1,0,0
50,93627.57,604,7,0,1,1
52,78606.22,841,7,0,0,0
48,31238.52,618,6,1,2,0
43,90405.05,752,4,1,0,0
41,57726.36,680,1,0,0,0
37,45332.18,675,18,0,0,0
25,58632.24,575,9,1,2,0
28,48393.2,752,7,0,2,0
36,64378.78,576,18,1,1,1
42,53833.85,564,3,0,0,0
57,41410.39,772,11,0,1,0
39,17802.37,823,1,0,1,0
52,63805.28,626,11,0,0,0
52,40667.01,760,2,0,0,0
37,72328.48,743,10,0,0,0
47,62369.87,672,17,1,0,0
37,41198.94,786,8,2,0,0
55,81755.97,666,0,0,0,0
47,54307.67,721,8,1,1,0
25,53200.41,579,10,0,1,0
41,45749.89,583,12,0,2,0
59,113752.22,773,15,0,0,0
37,34315.99,724,15,0,0,0
45,41716.95,668,7,0,0,0
46,26405.63,832,4,0,1,0
27,70499.83,831,2,0,0,0
46,36641.09,715,5,1,2,0
23,38753.73,563,10,1,0,0
32,37855.5,671,1,0,1,0
52,50582.5,613,3,0,0,0
44,26228.98,687,10,0,0,0
36,15968.56,605,4,0,1,0
45,61626.79,584,9,0,0,0
39,17038.34,498,3,1,0,1
40,75137.04,693,9,0,1,0
47,106858.83,496,4,2,0,1
31,45156.44,654,0,1,1,0
40,93877.54,735,12,2,1,0
36,48429.86,622,4,0,2,0
20,109056.41,593,6,1,1,1
28,39022.4,674,4,1,0,0
58,15026.33,613,10,0,1,0
44,47100.75,694,9,0,1,0
24,115148.93,597,10,1,0,1
21,64054.15,671,5,0,1,0
38,37886.06,652,7,0,0,0
58,57783.04,679,10,1,1,1
37,79663.15,810,15,0,0,0
55,46966.59,695,9,0,0,0
44,182261.01,720,2,3,0,0
45,37846.4,630,9,0,0,1
23,80923.16,697,7,1,2,0
51,71751.83,658,0,2,1,1
35,34547.36,682,0,0,0,1
50,39647.37,731,7,1,0,0
30,81556.34,639,8,0,2,0
42,52701.22,648,6,2,1,0
44,58048.6,641,12,0,0,0
38,21633.89,639,3,0,1,0
44,68050.09,693,1,0,0,0
36,56593.44,650,3,0,0,0
32,47479.1,799,4,0,0,0
59,58714.73,850,7,1,1,0
52,39950.29,634,4,0,0,0
30,36462.83,703,0,1,0,0
46,43436.58,763,0,1,2,0
31,38866.91,658,8,0,0,0
25,145839.91,600,2,0,0,0
52,77337.59,819,0,0,0,0
19,30205.08,734,11,0,0,1
51,135692.69,705,15,3,1,0
36,39480.88,796,7,0,1,0
37,49748.11,741,9,2,0,1
44,76780.7,676,9,1,0,0
46,18306.39,601,0,2,1,1
30,43542.25,640,12,2,2,0
48,36802.94,776,14,0,0,0
41,54314.15,734,17,1,1,0
24,58984.2,665,5,0,2,0
37,47163.25,821,2,1,0,0
56,46081.94,667,14,0,1,0
60,83496.98,759,10,2,1,0
48,56996.38,697,12,1,0,0
25,50046.73,834,4,1,2,0
45,52782.52,740,9,1,1,0
50,122754.84,683,2,2,0,0
48,53441.19,665,7,0,1,1
49,37902.63,678,6,1,0,0
44,18873.24,621,19,1,0,0
39,23933.43,570,10,0,2,1
32,38812.09,704,0,0,1,0
18,46435.13,637,7,0,0,0
44,37130.32,637,9,0,2,0
42,58429.26,672,5,1,0,0
46,36891.85,684,2,0,0,0
23,31031.42,680,11,1,0,0
47,66590.81,819,3,0,2,0
64,97216.65,732,10,0,0,1
40,28181.36,848,2,0,0,0
39,55373.58,644,5,0,1,0
43,18910.97,742,12,2,1,0
64,23452.47,649,10,0,0,0
27,36520.06,635,8,1,2,0
42,86461.56,850,7,0,0,0
30,33211.35,618,8,2,0,1
33,32596.16,501,4,0,2,1
39,49913.34,623,0,1,0,1
56,49938.21,519,10,0,2,1
61,33104.82,603,15,2,1,1
45,132337.5,611,11,1,1,0
35,42929.66,682,9,2,0,1
69,51885.39,516,1,0,0,0
34,40099.14,775,12,2,0,0
33,61082.81,529,10,0,0,0
18,90896.68,669,11,0,1,0
56,112626.45,654,13,0,0,0
51,33485.48,746,15,0,0,0
69,84999.24,708,2,0,0,0
23,64527.09,774,1,0,0,0
57,79799.16,651,8,0,0,0
40,46819.75,642,3,1,1,0
49,44644.2,713,2,1,0,0
20,78265.12,762,14,0,0,0
57,79011.31,746,2,2,1,0
49,107243.83,705,7,1,1,0
39,54137.03,698,0,1,2,1
47,46469.09,677,8,0,1,0
30,14329.47,712,13,0,0,0
33,21902.8,842,14,0,0,0
34,40250.36,660,13,0,2,0
18,28267.57,650,7,2,1,1
50,73648.96,644,13,0,2,0
54,25463.2,711,10,1,0,0
31,38152.55,510,5,0,2,0
44,38909.23,669,9,0,2,0
36,89533.8,750,12,1,0,0
43,36166.21,637,1,0,0,0
32,61463.95,694,2,0,0,0
29,54060.18,848,7,1,0,0
52,77006.43,706,1,0,0,0
39,74989.81,500,1,0,0,0
64,48207.98,567,5,1,2,0
40,20991.08,659,12,0,0,1
28,43657.46,615,12,0,2,0
54,48534.11,688,9,0,0,0
47,56557.02,656,8,1,1,1
48,33901.77,773,18,0,0,0
54,86720.93,592,5,0,0,1
32,49355.76,663,9,0,1,0
38,30938.34,697,5,0,0,0
37,38983.2,707,1,1,0,0
24,128575.47,691,13,0,0,0
36,68335.79,487,6,0,1,0
56,82803.72,686,11,3,1,0
42,29120.76,667,6,1,0,0
23,34737.85,749,14,0,2,0
21,34866.75,737,3,1,0,0
59,53755.26,699,13,1,1,0
38,44936.2,705,12,0,1,0
32,38378.5,788,0,1,0,0
36,40862.38,772,5,0,1,0
22,32957.77,702,13,1,1,0
57,44805.24,850,16,0,1,0
35,85528.74,629,11,0,1,0
56,23004.16,585,6,0,1,0
40,58293.14,679,3,0,1,0
57,97738.06,650,10,2,0,1
43,44730.3,482,5,1,1,1
50,37630.19,627,6,0,0,0
48,77817.04,707,6,2,2,0
47,29968.11,675,12,1,2,0
44,48467.77,617,17,1,0,0
37,29146.15,683,13,0,1,0
62,19243.9,689,8,2,1,0
29,45433.63,737,3,0,1,0
40,26063.8,628,11,2,0,0
40,48735.59,749,16,0,1,0
44,85606.36,592,13,1,0,1
34,123887.32,639,9,0,2,0
43,51367.69,815,5,0,0,0
37,81601.91,598,9,0,0,0
21,59843.09,627,13,0,1,0
40,40475.14,579,9,0,0,0
26,18724.94,613,7,1,0,0
19,110552.54,691,4,0,1,0
41,29011.54,736,20,0,0,1
45,97869.03,678,3,0,0,1
46,64113.09,654,3,1,1,1
46,30091.37,580,8,2,0,1
18,57296.75,621,6,0,0,0
23,142408.58,556,13,3,0,1
63,105643.58,738,13,3,0,0
27,37935.53,744,1,0,1,1
47,34338.06,676,4,1,0,0
31,51539.51,715,3,2,2,0
40,45127.32,750,11,1,0,0
32,89310.0,688,10,1,2,0
46,70954.53,791,6,0,0,0
41,21033.66,598,9,0,1,1
34,61656.73,652,2,0,1,0
27,44822.01,642,4,0,0,0
43,49938.83,731,1,1,0,0
25,55518.5,565,8,1,1,0
45,89264.98,795,8,0,0,0
71,79929.2,724,3,0,0,0
56,33695.81,820,10,0,1,0
48,47605.04,676,13,2,1,0
38,39172.85,635,2,1,1,0
18,21143.27,732,6,1,1,1
24,46412.07,762,10,0,1,0
55,123300.19,622,7,1,1,0
30,20826.43,520,1,2,1,1
31,48434.57,533,5,1,0,1
38,47663.96,700,5,1,0,0
27,56605.86,803,7,1,1,0
25,30291.96,575,7,0,1,0
39,24039.29,658,15,0,0,0
29,24604.91,652,6,0,1,0
31,95365.0,833,0,0,0,0
30,29991.13,850,8,0,1,0
46,38185.8,713,16,1,0,0
37,140409.2,751,7,0,1,0
37,33957.74,749,5,0,2,0
47,58174.35,577,6,2,1,1
38,83441.9,735,10,0,1,0
36,81459.41,598,6,0,0,0
45,25190.24,666,0,0,0,0
48,34314.52,771,4,1,2,0
38,57021.4,686,7,0,2,0
40,128606.0,768,10,1,1,0
30,33498.12,783,5,0,2,0
29,38299.55,539,6,2,0,1
49,60463.02,505,8,0,1,0
45,66824.77,772,4,0,0,0
45,68880.4,776,7,1,1,0
43,32106.77,700,10,2,1,0
40,37570.56,711,2,0,1,0
48,54597.89,751,9,0,0,1
51,92148.41,749,2,1,2,0
50,43510.52,655,2,1,1,0
38,48477.21,756,4,0,2,0
56,29349.65,652,14,1,0,0
42,124444.29,699,0,1,0,0
47,52951.49,696,5,1,2,0
43,84025.65,611,7,0,1,0
42,49759.1,620,13,0,0,0
31,51155.92,850,17,0,0,0
48,23152.21,608,5,1,0,0
74,16724.32,709,10,0,2,0
35,91670.2,726,7,3,0,0
40,50971.87,675,7,1,0,0
34,54350.77,733,9,1,0,0
34,26251.36,706,0,0,0,1
58,31209.19,610,7,0,0,0
31,83378.94,722,10,0,2,0
34,117016.69,636,3,1,2,0
20,35931.26,819,10,0,0,0
30,68579.0,714,0,3,2,0
19,53906.83,623,8,0,1,1
47,46153.84,707,14,0,1,0
73,123745.15,606,6,0,0,1
35,39081.29,700,3,0,1,0
19,91158.62,661,0,2,2,1
50,59320.59,613,9,0,1,0
31,48608.58,612,12,1,1,1
55,97344.22,850,7,0,0,0
36,56673.8,687,5,0,0,0
32,46713.4,645,0,0,1,1
37,97706.28,631,8,0,0,1
49,91549.14,717,4,1,0,0
37,89409.45,628,4,0,1,0
34,7017.05,592,16,0,2,0
37,61089.07,677,0,0,1,1
24,54505.59,676,0,0,1,0
44,48173.69,646,9,0,0,0
18,66495.52,608,6,0,1,0
34,55841.83,648,5,0,1,0
49,68796.19,642,9,1,0,1
43,42873.92,631,9,2,2,0
47,103682.68,702,3,0,0,0
39,72364.57,850,5,0,1,0
54,64296.68,786,8,1,1,0
51,62746.16,835,8,0,2,0
45,87434.1,634,10,0,0,0
51,81702.83,813,5,0,0,0
49,46333.2,698,9,1,2,0
34,80431.02,758,12,0,0,0
23,53478.03,716,8,0,0,0
45,127830.88,652,7,2,0,0
46,84868.98,737,6,2,1,0
53,35853.46,718,4,0,1,0
28,157212.76,538,3,0,0,1
29,17136.74,670,6,0,1,1
45,67418.68,749,10,0,1,0
39,34609.25,702,3,2,1,0
18,125629.22,717,7,3,0,1
44,55625.84,619,7,1,1,0
18,32961.72,700,16,2,1,0
28,42905.39,672,11,1,0,0
56,34304.58,663,11,0,1,0
61,42070.9,625,12,1,1,0
25,41592.54,753,5,1,0,0
36,33672.01,707,14,0,1,0
40,56107.9,699,8,2,0,1
61,59611.99,844,7,0,0,0
34,29787.58,717,1,0,2,0
34,21394.0,776,5,0,0,0
58,57266.91,701,0,0,2,0
35,63956.62,651,6,0,1,0
48,70622.8,595,5,1,0,1
22,64575.3,699,6,1,0,1
37,107619.63,466,1,1,0,0
20,80703.24,701,11,0,1,1
27,187196.49,705,10,0,0,0
50,231034.79,662,16,0,1,0
39,20352.29,672,16,1,2,0
36,16340.97,579,8,0,2,0
31,48839.97,790,13,1,1,0
37,63077.3,653,9,1,1,1
43,47195.67,602,5,2,0,1
51,69688.47,723,6,0,0,0
18,42825.07,688,11,1,0,0
30,34649.02,651,28,1,2,0
41,37367.42,642,13,0,1,0
38,44352.12,679,9,1,0,1
44,74738.91,787,10,0,0,0
43,38431.38,717,10,0,0,0
36,42425.96,677,7,0,0,0
33,65193.07,748,11,1,0,0
37,44382.56,682,7,0,1,0
53,85678.34,712,2,1,1,0
31,30953.67,692,10,2,1,0
39,27772.96,727,11,0,0,0
42,57086.02,644,7,0,0,1
58,60002.66,588,9,0,0,0
36,31809.5,752,12,0,0,0
51,95970.65,800,7,0,0,0
54,128343.87,592,5,0,1,0
39,35813.24,694,4,0,1,0
37,103120.18,644,6,0,1,0
36,14897.28,750,15,0,2,0
36,83956.67,699,7,0,2,0
50,31924.17,850,9,2,1,0
42,79860.48,655,6,1,0,1
42,30313.91,802,5,1,0,0
26,47370.56,810,3,0,1,0
28,32693.85,722,8,1,2,0
65,44049.08,682,5,0,2,0
37,122389.27,687,14,0,1,0
30,46445.33,680,7,1,1,0
57,140807.76,770,7,0,0,0
43,40420.55,610,7,0,0,1
46,103350.6,667,9,0,0,0
38,21745.32,657,15,0,0,0
36,42478.17,541,2,0,1,0
37,37494.33,748,9,0,0,0
23,105752.08,765,0,2,1,0
38,53778.25,629,14,0,1,0
43,17256.75,762,7,3,2,0
62,25461.82,553,0,1,2,0
41,29544.97,681,1,0,1,0
18,78200.02,669,12,0,1,0
38,73313.77,687,0,0,1,0
72,42184.17,686,9,0,0,0
50,37262.59,673,5,1,1,1
30,70136.18,648,7,0,2,0
47,27868.11,671,4,2,0,0
31,61625.71,789,3,0,0,0
23,59057.04,633,5,0,0,0
35,42732.08,850,10,0,0,0
41,59804.67,629,6,0,1,0
18,51588.14,699,10,2,1,1
26,62862.79,725,6,0,0,0
40,25158.44,656,11,0,0,0
35,66652.71,790,10,1,1,0
44,81903.8,723,5,1,2,0
25,57553.82,663,3,0,0,0
48,66211.4,789,12,1,1,0
25,46399.33,598,3,1,0,1
59,76547.46,634,10,2,0,0
19,50646.41,725,8,1,0,0
26,27612.65,744,5,0,0,0
45,73873.4,705,10,0,0,0
59,21653.6,669,14,0,0,0
43,56465.77,659,11,1,0,0
46,40452.7,770,8,0,2,0
40,39180.6,699,16,1,2,1
27,53422.88,610,0,0,2,0
34,34384.32,605,2,0,0,0
25,63329.28,801,5,0,0,0
24,50432.86,622,15,1,0,0
44,36002.84,701,12,0,0,0
26,95711.12,788,0,0,1,0
43,54306.07,723,5,0,1,0
24,67198.11,619,1,0,0,0
43,99537.96,598,7,0,0,0
34,98724.58,829,12,0,1,0
56,65505.72,596,12,0,1,0
43,42136.55,635,9,1,1,1
54,23984.14,709,5,1,0,0
30,54357.91,662,7,1,1,0
40,84735.69,725,11,1,1,0
28,58521.96,562,19,0,1,0
35,8757.87,663,2,0,0,1
36,75737.68,734,15,1,1,0
31,78100.33,734,9,3,0,0
25,42166.82,634,12,0,0,0
23,80352.69,598,8,2,1,1
18,67102.91,697,15,1,2,0
27,34795.61,575,9,2,2,1
47,92563.54,782,4,1,1,1
20,26010.65,692,10,0,1,0
23,47637.6,624,13,0,0,1
61,45319.78,595,8,0,2,1
32,32444.33,629,0,0,0,0
43,57062.19,555,7,1,1,0
47,94389.44,719,8,1,1,0
47,91479.57,615,7,0,2,0
21,70391.8,711,5,0,1,0
37,20994.98,723,14,0,0,1
20,25135.18,757,0,2,2,0
69,53267.65,700,8,0,0,0
20,48188.83,770,8,0,0,0
27,38214.11,790,18,1,0,0
27,127091.38,700,7,0,0,0
22,51685.37,705,10,2,1,0
56,64293.02,635,8,1,0,0
69,80333.9,600,8,0,2,0
34,50386.53,782,16,1,0,0
24,179069.82,728,2,0,0,0
18,30632.41,734,4,0,1,1
37,36205.42,632,11,1,0,0
36,30594.86,809,9,1,0,0
32,107079.75,661,6,0,0,0
42,73206.75,615,7,1,0,0
44,37343.87,634,12,1,1,0
43,31826.73,805,10,2,0,0
36,97972.81,591,4,3,1,0
26,58738.1,619,9,1,1,0
47,99231.32,850,7,0,1,0
40,47568.47,755,10,1,1,0
50,63308.04,621,6,1,0,0
49,56960.53,593,1,1,2,0
22,35880.32,546,11,0,0,0
22,45612.08,687,10,1,1,1
30,27115.16,738,15,1,0,0
27,62758.76,801,1,1,1,0
49,71727.13,528,7,0,1,1
44,80425.02,573,6,0,0,1
53,68409.87,670,6,0,1,0
44,45976.93,850,0,1,0,0
42,106509.06,750,2,0,1,1
54,76584.83,709,9,0,1,0
45,98152.06,582,5,2,0,1
40,101279.91,510,3,0,1,0
57,46036.98,683,15,0,1,0
41,59512.39,672,19,0,0,0
36,72206.3,658,7,0,1,0
29,27596.08,649,0,2,0,1
48,27903.67,620,9,0,0,0
54,25599.91,601,0,0,0,0
39,46441.56,791,1,2,2,0
55,41495.55,609,10,0,0,0
18,23912.69,657,1,0,1,0
39,52821.79,676,6,1,1,0
39,46732.29,736,0,0,1,0
31,88532.07,611,8,1,0,0
68,134119.91,758,13,0,0,0
39,61588.18,633,4,0,0,0
35,34602.62,667,7,0,1,0
40,67735.26,811,3,1,0,0
18,49249.35,602,4,1,0,1
30,43474.83,737,3,0,0,0
51,31862.96,760,11,0,0,0
32,38866.58,704,0,1,0,0
30,44851.15,670,6,1,0,0
55,73280.38,850,10,1,2,0
56,63291.91,678,12,1,2,0
46,122123.5,696,10,2,0,0
34,68676.96,653,7,1,1,0
37,60605.9,692,5,1,0,0
30,42061.36,757,12,0,1,0
28,29180.87,657,3,0,0,1
27,36866.31,511,3,2,1,1
32,34547.16,721,14,0,0,0
27,13623.43,593,9,1,1,0
21,29604.57,739,9,1,0,0
42,109218.41,679,10,1,1,0
42,58941.46,755,7,3,0,1
60,40608.72,604,0,0,1,0
31,59828.65,637,9,0,2,1
43,18458.82,652,7,1,0,0
43,56446.52,561,3,0,0,0
36,92850.52,768,2,1,1,0
48,46140.3,549,7,2,0,1
49,20211.46,767,1,1,0,0
43,39856.06,713,7,0,1,0
36,92932.71,664,6,1,1,0
35,55788.04,707,7,1,0,0
23,24121.17,705,10,0,0,1
30,160141.74,647,11,0,0,0
32,26189.03,703,4,0,1,0
26,43414.02,738,12,2,0,0
45,29181.99,604,6,1,0,1
54,29202.19,707,16,0,1,0
29,39101.83,469,5,1,1,1
43,67378.08,525,0,0,0,0
27,93457.84,725,12,1,0,0
36,40413.37,646,10,1,2,0
31,29582.2,611,14,0,1,0
47,62275.27,675,9,2,1,0
31,63195.08,648,19,0,0,0
52,55281.2,600,7,1,1,0
37,56267.36,548,13,0,2,0
32,46337.96,522,5,0,2,0
24,51486.53,739,10,0,0,0
43,44764.67,646,11,0,0,0
50,83710.68,757,12,1,1,0
43,149377.17,645,11,0,0,0
66,53628.0,708,0,1,0,0
57,48859.98,669,7,0,0,0
36,55710.88,683,5,1,0,0
36,35278.86,687,6,0,1,1
45,71861.02,644,6,1,0,0
29,61119.62,581,12,0,0,0
53,39726.15,741,9,1,1,1
44,76959.41,807,5,1,1,0
43,49488.46,812,0,1,2,0
48,30181.12,635,15,0,0,0
60,58442.71,621,4,1,1,0
42,55187.75,635,7,0,0,0
38,79237.83,665,18,2,2,0
58,74293.11,675,4,1,0,1
51,46415.41,600,6,1,1,0
36,38714.0,561,9,1,0,1
40,49063.56,683,0,0,2,0
42,58785.73,397,0,0,0,1
44,62434.74,671,5,0,0,0
23,56994.28,604,5,1,1,0
21,46845.91,742,8,0,0,1
29,80693.11,763,3,0,0,0
28,34991.1,765,10,0,0,0
32,169346.42,652,0,0,0,0
47,71792.49,589,7,1,0,1
37,27896.52,614,9,0,0,0
42,53777.73,703,9,0,1,0
25,72138.4,548,7,1,1,0
34,41163.84,791,4,0,1,0
47,23212.08,653,7,0,0,0
47,29157.52,720,14,1,0,1
31,64282.74,537,5,1,1,1
41,20387.8,605,12,2,2,0
66,23749.76,527,13,0,0,1
39,64113.96,761,0,0,1,0
31,43858.57,667,7,1,1,0
37,34617.33,725,3,0,1,0
41,38278.13,685,0,1,0,1
38,23496.18,717,11,0,1,0
39,62456.57,653,10,0,0,0
22,32752.29,663,9,0,0,0
28,37501.04,672,2,0,0,0
38,58302.05,712,9,0,2,0
38,43117.59,714,1,3,1,1
33,34464.1,850,8,0,0,0
37,18129.23,814,4,0,0,0
40,58906.87,537,13,0,1,0
50,50995.69,668,6,4,2,0
38,37846.97,647,9,0,1,0
44,29181.8,782,9,1,1,0
33,49334.61,654,7,1,0,0
46,62332.35,717,8,0,0,0
44,51476.44,493,9,0,0,0
50,111194.12,558,3,0,1,0
48,69730.09,847,10,0,1,0
47,46460.53,684,12,0,0,0
38,70908.06,600,9,0,0,0
42,50228.16,699,6,0,0,0
52,50141.1,595,8,0,1,0
32,93730.78,657,6,1,0,0
32,31287.41,563,7,1,1,1
42,49595.47,616,2,1,0,0
44,88863.34,646,14,1,0,0
30,57210.65,769,17,0,0,0
39,40760.69,717,4,1,0,0
38,20887.79,731,11,0,0,0
18,15753.64,677,15,0,0,1
37,138425.92,745,3,1,1,0
38,57196.95,610,0,1,1,0
38,36605.85,621,15,0,1,1
56,58379.99,712,7,0,0,0
25,30520.78,657,5,1,0,0
30,41539.47,678,8,0,1,0
18,30623.71,666,6,1,0,1
34,24181.98,780,22,0,1,0
35,17111.53,784,5,0,2,0
33,22052.28,629,9,0,0,0
53,81686.49,539,14,0,0,0
50,29928.28,623,14,0,0,0
40,64051.71,608,13,0,0,0
35,79088.57,746,5,0,0,0
52,49428.86,753,7,0,2,0
39,42222.83,597,0,0,0,1
30,52392.12,619,7,1,0,0
19,39802.69,561,8,0,0,0
34,89496.49,690,11,2,0,0
49,125275.04,676,16,0,1,0
67,101205.25,743,11,2,0,0
40,16717.62,719,13,0,1,0
30,39398.64,728,7,0,1,0
25,49122.85,556,14,0,1,0
46,61791.99,629,8,0,0,0
18,20668.02,755,13,0,0,0
46,20502.01,636,12,2,1,0
49,94220.67,549,9,0,0,1
45,37065.44,744,0,1,0,0
37,23302.05,633,13,2,0,0
46,28231.1,765,9,0,1,0
42,59589.66,678,11,1,1,0
30,32491.25,657,9,0,2,1
62,55315.74,789,10,1,1,0
35,30050.55,575,14,0,2,1
49,20494.26,794,5,1,2,0
18,99926.49,628,10,0,0,0
55,59819.98,692,4,0,0,0
57,41486.55,693,10,0,1,0
40,37771.84,645,9,3,2,0
46,101971.66,619,4,1,1,0
46,65891.52,650,8,0,0,0
32,86977.65,598,5,0,0,0
46,36612.82,836,6,1,2,0
30,50278.52,641,9,1,0,0
32,59940.01,772,9,0,2,0
53,37233.55,762,0,1,0,0
51,46734.31,709,9,0,2,0
31,36614.32,669,6,0,0,0
31,59845.98,695,5,1,2,1
32,25318.81,725,2,1,1,0
48,65250.24,688,7,1,1,0
28,57259.94,554,5,0,0,0
44,44282.54,534,14,0,0,0
48,61375.04,800,0,0,0,0
38,40844.59,469,3,0,1,0
52,35064.15,695,2,0,0,0
36,64335.26,661,9,0,1,0
37,65742.9,692,13,0,0,0
28,38038.91,588,10,0,1,0
52,36441.88,708,2,1,0,1
30,44735.08,696,5,0,2,1
44,37197.51,850,3,0,0,0
39,105088.65,690,10,1,2,0
27,57425.16,787,5,0,1,0
32,49379.97,560,0,2,0,1
56,30749.76,761,10,3,2,1
42,70933.26,698,14,1,0,0
27,36105.39,701,7,1,1,0
43,35370.25,702,8,2,1,0
38,72135.92,816,0,0,1,0
80,59495.82,700,0,1,0,0
43,14020.51,617,0,1,0,1
35,45302.37,630,7,1,2,0
57,52195.93,745,6,0,0,0
18,41365.48,715,10,0,1,0
41,53113.26,557,7,1,2,0
63,19834.06,721,12,1,0,0
38,11902.33,593,12,1,0,1
19,30099.56,715,6,1,0,1
35,56450.73,615,2,0,2,0
57,9774.4,657,0,0,2,0
44,32151.9,636,15,0,2,0
29,18743.82,801,3,1,0,0
31,43420.54,712,0,0,0,0
33,130476.66,780,8,0,2,0
44,43976.56,850,0,0,2,0
56,46455.43,683,8,0,0,0
52,74579.09,800,6,2,0,0
45,49545.83,624,12,4,0,1
24,44024.61,780,12,0,1,0
24,77911.04,615,13,1,0,0
46,62065.38,678,9,0,0,0
23,56631.06,722,3,0,1,0
37,45734.58,735,2,0,0,0
43,41231.91,578,5,0,0,0
26,77542.81,610,17,0,1,0
27,41430.34,728,6,1,2,0
38,90728.47,650,8,1,1,0
46,29039.92,568,15,0,2,1
52,100397.44,674,9,0,2,0
47,62070.12,670,4,0,0,0
40,30204.09,694,11,2,0,0
31,63227.17,722,5,0,0,1
27,35413.51,717,9,1,1,0
33,49847.02,618,10,0,1,0
44,38433.56,647,5,1,1,0
44,45868.96,754,8,3,1,0
18,78489.13,636,16,2,0,0
30,63529.26,648,4,1,0,0
54,27926.11,559,14,0,0,0
40,28737.32,677,5,1,0,0
22,56127.87,707,17,1,0,0
68,58197.26,521,3,0,2,1
39,34988.6,594,6,1,1,0
44,108625.1,566,15,0,1,0
44,73625.56,743,15,1,0,0
35,35854.05,527,12,2,2,1
31,34162.11,673,2,0,2,0
65,43743.28,737,8,0,0,0
52,41525.91,695,8,1,0,0
49,91865.31,644,3,0,1,1
46,80198.61,707,11,0,1,0
27,49887.95,762,4,1,1,0
55,68799.57,671,1,0,0,1
29,73975.38,500,0,0,2,0
43,50469.8,771,16,1,1,0
20,59952.59,712,5,0,0,0
18,65979.13,677,5,0,1,0
43,62555.09,521,2,0,0,1
30,33209.73,656,14,0,0,0
18,34931.53,609,1,1,0,1
46,42433.89,582,1,1,0,0
65,34429.46,669,6,0,1,0
56,23469.33,637,7,1,0,0
36,68732.4,642,11,0,0,0
40,58291.06,739,4,0,1,0
50,25092.31,700,15,0,0,0
53,43457.63,640,4,0,0,0
35,44705.74,630,2,0,1,0
40,53689.47,643,2,0,1,0
43,28539.34,660,4,1,2,0
46,24909.46,726,2,0,1,0
38,63567.79,596,11,2,1,1
38,22765.9,796,2,1,0,0
56,43637.33,726,7,0,0,0
54,41646.03,460,2,2,1,1
45,46090.3,686,2,0,0,0
60,55623.38,763,13,1,0,0
35,109019.86,711,16,0,0,0
59,22032.06,647,14,1,0,0
46,75984.97,675,0,1,0,0
79,13959.58,694,1,3,0,1
25,98405.85,741,17,0,1,0
31,17651.31,566,6,0,1,1
45,165743.6,631,1,0,1,0
44,40340.7,811,13,1,1,0
63,93450.91,682,8,0,1,0
31,84295.02,802,10,0,1,0
50,39409.23,850,0,1,0,0
53,40950.75,640,6,2,2,0
48,32254.75,584,12,1,0,1
28,72670.08,658,4,0,1,0
56,39666.65,767,14,0,0,0
54,32549.21,779,1,1,0,0
47,64128.11,850,7,0,2,0
42,31301.2,677,16,0,0,0
42,41585.58,719,2,0,0,0
39,51717.57,623,9,0,0,0
47,35553.19,479,10,0,0,0
40,38339.1,676,8,0,2,0
29,105608.23,587,6,0,1,0
27,44262.03,731,3,1,1,0
30,40953.25,529,8,0,0,1
42,44910.97,620,7,1,0,0
39,61526.76,701,0,0,1,0
42,29233.43,709,13,2,0,0
46,60694.46,676,3,0,0,0
32,55709.73,829,0,0,0,0
57,20043.74,805,5,1,0,0
36,120225.91,625,3,1,2,0
34,101763.5,808,6,1,1,0
45,32850.38,820,1,0,0,0
18,27967.17,670,10,1,0,1
30,54941.58,683,14,1,1,0
51,24030.24,675,8,0,0,0
19,96968.5,628,0,0,2,0
53,38784.39,636,3,0,1,0
58,110293.85,785,9,1,0,0
35,32461.12,714,0,1,1,0
43,46346.4,635,1,0,1,0
53,92374.51,605,0,0,0,0
34,41705.16,619,8,1,2,0
50,56164.82,666,18,0,0,0
31,84654.15,753,1,1,0,1
34,37122.42,611,12,2,2,1
30,26085.38,752,5,0,0,1
44,23638.8,695,1,1,0,0
53,65625.29,691,15,1,0,1
37,59539.14,762,18,0,1,0
24,83352.31,747,10,1,0,0
27,42743.72,567,9,0,1,0
44,23971.75,593,8,1,1,0
62,15117.74,661,7,0,1,1
44,205660.34,708,9,0,2,0
35,63797.0,789,11,0,1,0
49,52490.94,685,16,0,0,0
37,56349.01,816,5,0,2,0
35,23964.54,623,8,0,0,0
28,32943.99,636,7,0,1,0
56,117203.27,655,13,0,1,0
18,68130.05,614,20,0,0,0
49,33463.19,772,13,0,1,0
34,26544.88,458,11,0,1,1
35,37879.03,639,12,0,2,0
60,41868.32,771,14,1,0,0
31,136567.33,655,20,0,1,0
31,44616.83,765,0,3,1,0
38,27044.1,850,10,0,1,0
44,47605.27,686,0,1,0,0
34,55947.51,773,12,1,0,0
21,25841.23,850,10,0,1,0
29,59939.01,712,5,0,1,0
55,89720.81,676,0,0,1,0
40,52540.29,752,7,2,2,0
45,32907.88,774,9,0,1,0
36,37630.3,676,7,0,1,0
32,21387.93,641,4,0,1,1
60,45847.79,817,3,1,0,0
37,57261.86,658,7,0,0,0
34,31309.71,775,3,0,2,0
53,129294.76,701,12,0,1,1
31,72848.68,826,7,1,0,0
32,20002.48,612,0,1,0,1
40,20208.7,611,8,0,0,1
40,29971.08,748,10,0,1,0
43,107644.85,589,16,0,2,0
65,76531.74,689,12,0,1,0
44,110398.97,803,3,0,1,0
18,49271.67,537,15,0,2,0
43,44145.9,712,1,0,0,0
40,26271.64,776,8,0,0,0
40,58386.62,677,11,1,1,1
42,44440.92,605,15,0,2,0
39,43593.52,658,17,0,0,0
39,110086.91,612,14,1,1,0
47,46019.81,685,7,0,2,0
33,95367.27,657,10,0,0,0
28,22158.19,638,9,0,0,0
76,187973.47,717,4,0,0,0
31,40674.83,806,7,2,0,0
41,69814.15,706,16,1,0,0
22,75594.32,787,11,2,0,1
41,38227.93,806,18,2,1,0
28,73829.6,633,2,0,1,0
34,75773.32,701,6,1,2,0
52,34318.08,646,10,0,1,1
45,34521.92,561,11,0,1,0
46,50143.96,708,7,0,0,0
18,46270.18,595,12,0,0,0
62,98377.27,718,11,0,1,0
25,69656.69,555,1,0,1,1
58,47324.73,693,11,0,0,1
52,66372.56,554,13,1,1,0
46,17617.95,733,9,1,1,0
29,36038.55,648,0,0,0,0
41,56608.28,640,6,2,0,0
34,85620.73,770,10,1,1,0
40,54170.12,654,3,0,1,0
37,101632.59,688,12,1,0,0
18,75657.35,664,11,0,1,1
53,38400.87,720,8,0,0,0
39,45705.99,763,8,1,1,0
34,60126.79,746,8,0,2,0
33,39170.62,642,7,0,0,1
44,105413.4,776,1,0,0,0
29,28159.41,606,5,0,1,0
18,57414.56,620,8,0,0,0
44,70807.73,669,15,1,0,0
46,41909.86,763,11,1,1,0
37,37443.95,586,15,0,2,0
26,47191.04,751,0,1,2,1
41,73570.49,675,6,0,0,0
22,38180.34,645,18,0,2,0
27,28725.47,767,4,0,0,0
30,87141.84,615,4,0,0,1
50,59853.08,850,6,1,1,0
35,81139.79,665,18,0,2,0
34,71658.41,691,4,0,0,0
63,145793.23,803,10,0,0,0
44,85603.89,694,9,0,0,0
44,34130.96,775,0,0,0,0
35,62015.15,523,7,0,1,1
32,37095.67,644,5,0,1,0
18,39063.23,711,11,0,0,0
51,24191.34,766,16,1,0,0
45,42486.57,741,6,1,1,0
37,64377.35,734,6,0,0,1
38,47429.0,764,20,0,0,0
48,28291.47,718,4,0,0,0
21,22890.8,508,1,2,1,1
32,140916.52,795,14,0,2,0
26,57675.07,612,7,1,0,1
61,32466.54,705,9,2,0,0
50,61752.62,694,19,0,2,0
18,146472.51,683,0,0,1,0
21,66851.64,591,7,1,1,0
38,12166.8,524,1,1,0,0
34,184636.78,599,9,0,0,0
24,19445.61,746,5,0,2,0
63,44222.72,564,2,1,1,0
43,27814.09,609,11,0,1,0
45,33860.31,713,8,0,1,0
31,56511.81,597,1,1,0,1
48,17404.57,636,2,0,0,1
35,46858.01,686,9,0,1,0
36,87000.68,702,0,1,0,1
47,32156.82,596,9,0,0,0
20,24461.54,691,14,0,1,0
59,45722.58,711,11,1,2,0
42,41391.44,578,4,0,0,1
55,36402.26,697,9,0,0,0
27,27060.41,622,1,1,1,1
28,63550.64,689,8,1,0,1
26,66014.64,737,6,0,1,0
43,28772.54,665,2,0,2,0
40,30834.0,753,11,0,0,1
34,52483.07,743,0,3,0,0
27,30257.95,752,2,1,2,0
24,53601.43,712,2,0,1,0
39,102132.19,768,5,1,0,0
34,47576.24,710,14,1,0,0
31,26720.65,546,11,0,1,0
58,59638.21,616,8,0,0,0
39,44854.21,663,8,0,1,1
55,45475.16,673,7,1,0,1
33,62172.09,708,14,1,0,0
42,69252.79,615,0,1,0,1
39,49898.74,840,11,0,2,0
19,47555.84,671,5,1,0,1
57,137553.85,679,10,1,1,1
38,89346.47,626,10,2,2,0
48,74367.41,599,11,0,0,0
30,52344.54,669,15,0,2,0
38,29647.36,682,1,0,1,0
29,86136.9,673,13,1,0,0
54,52688.21,812,7,0,2,0
43,36732.44,669,5,0,1,0
44,43409.33,673,18,0,0,0
56,30239.63,745,11,1,1,0
53,83171.87,666,5,1,1,0
49,68976.32,723,12,0,2,0
22,53681.1,577,7,0,1,1
31,47983.25,578,5,1,1,0
27,34879.88,689,4,0,1,0
48,16898.22,661,9,0,1,0
42,24186.18,615,4,1,0,0
23,33815.59,689,8,0,1,0
37,31367.16,696,12,0,2,0
22,56651.87,623,8,0,2,0
39,73551.92,638,17,1,1,1
20,45971.66,697,8,1,0,0
46,99156.87,598,14,0,2,0
44,33141.82,631,12,0,0,0
62,45808.8,722,15,0,1,0
50,47786.88,678,17,1,0,0
34,84634.15,641,0,0,2,0
49,51686.07,607,9,0,1,0
23,52406.42,598,7,0,0,0
28,21430.67,669,8,2,1,0
43,31258.5,842,6,0,0,0
18,84793.67,725,5,0,0,0
39,17367.03,573,2,1,1,1
27,95941.73,736,8,1,0,0
41,62933.4,619,12,1,0,0
27,33733.25,679,5,0,1,0
45,32337.26,632,6,2,2,0
40,126497.48,841,4,1,0,0
56,99280.35,589,3,0,0,0
40,46178.96,705,6,2,0,0
30,52433.23,625,9,1,2,0
37,35486.56,739,14,0,1,0
23,52438.27,703,2,2,0,1
44,34998.07,780,7,0,2,0
47,47132.99,737,13,2,1,0
69,121196.04,624,2,0,1,0
32,46732.4,850,14,0,1,0
36,29027.21,724,5,0,0,0
33,24755.77,635,11,0,0,0
42,52237.66,696,6,1,1,0
44,33508.43,730,10,1,0,0
39,55453.58,727,16,2,0,0
53,21812.72,719,7,0,2,0
32,69225.53,757,12,1,1,0
51,28851.51,749,9,0,1,0
46,50168.8,612,4,0,1,0
39,41392.23,848,7,0,0,0
36,115750.75,837,6,1,1,0
69,53409.54,744,0,2,1,0
30,129668.44,683,10,1,0,0
43,64884.96,684,11,0,1,0
30,99977.75,654,12,0,0,0
61,44161.16,664,15,0,0,0
50,58264.69,505,12,0,2,1
31,90158.26,802,4,0,0,0
46,77070.82,774,6,0,0,0
43,63926.97,545,12,1,1,1
33,41607.37,751,9,3,0,0
49,45279.59,679,7,0,2,0
44,86580.59,664,3,0,0,0
42,96081.84,719,5,0,1,0
39,36445.33,540,10,0,0,1
45,33796.77,679,0,0,0,0
42,31192.5,686,0,1,0,0
40,74224.56,686,11,0,0,0
32,30799.77,570,5,0,2,0
60,73776.96,715,10,1,0,0
27,64398.47,764,15,2,1,0
45,37326.32,712,2,0,0,1
36,107144.07,661,0,0,0,0
61,23596.9,850,6,0,0,0
29,112394.05,606,4,0,1,0
31,57494.41,741,7,1,1,0
28,17383.33,699,10,1,0,1
43,108655.74,840,9,1,0,0
23,79706.49,710,8,0,1,0
34,39572.68,728,13,1,0,0
18,30261.75,720,11,0,0,0
42,22369.79,595,7,0,0,0
33,164016.63,610,11,0,0,0
22,30893.75,657,0,0,2,0
53,26061.27,756,13,1,0,0
24,56047.77,698,8,0,0,1
49,21613.06,663,1,0,1,0
31,30008.2,789,5,0,0,0
59,80618.59,521,13,2,1,0
48,61827.61,576,4,1,1,1
27,40409.29,480,10,0,0,1
28,49471.56,776,12,1,1,0
47,39291.55,672,8,0,0,0
36,47524.52,757,3,2,2,0
37,33493.09,671,7,1,1,0
55,36676.09,761,0,0,0,0
31,36122.13,669,5,0,0,0
41,34100.58,712,2,2,1,0
51,82615.74,701,7,0,0,0
49,72045.9,707,1,0,1,0
38,30755.32,814,8,0,2,0
36,26978.7,550,13,3,0,1
19,45313.56,674,13,0,0,0
27,144010.83,695,1,0,0,1
43,29323.58,683,4,0,0,0
38,45224.21,648,12,1,0,1
40,51244.33,637,11,1,2,1
52,46428.97,802,4,2,0,0
25,38983.55,674,5,1,0,0
37,87337.92,850,8,0,0,0
42,61526.87,722,0,0,1,0
31,74824.65,656,10,0,1,1
57,65820.72,724,13,1,1,0
50,76647.65,688,6,0,1,0
43,108250.46,787,0,3,1,0
61,95370.25,586,15,0,2,0
22,156749.14,535,9,0,0,0
39,90099.57,708,11,2,1,1
44,35076.15,746,1,1,1,0
29,74881.04,702,1,0,0,0
43,69927.73,733,10,0,1,0
26,128046.33,722,13,0,1,1
48,30224.88,561,2,1,0,1
52,64794.47,702,7,1,0,0
43,34872.88,785,0,1,1,1
18,63340.01,693,4,0,0,0
28,44030.01,575,6,1,1,1
46,62301.1,653,10,2,0,0
40,24217.5,724,0,0,1,0
18,72883.19,823,14,0,1,0
54,54340.75,523,7,0,0,0
41,52896.71,708,14,0,2,0
30,129977.18,605,11,0,0,0
51,40487.89,720,12,2,2,0
31,58170.45,727,18,1,2,0
31,51541.13,661,4,0,1,0
44,54123.27,730,8,0,1,0
61,148880.9,771,3,0,1,0
59,50609.95,666,7,0,0,0
44,36914.51,573,11,1,0,0
45,124922.82,794,13,1,0,0
49,42030.7,746,6,1,0,1
24,21969.51,725,1,0,1,1
47,33846.07,624,8,0,0,0
31,26283.75,758,3,0,0,0
43,19930.71,843,5,1,0,0
37,40883.94,670,11,1,2,0
46,47329.64,687,10,0,0,0
41,88456.3,594,12,0,1,0
18,67151.11,622,6,0,0,0
42,65638.46,594,13,0,1,0
47,31363.34,690,8,0,0,0
45,76302.93,652,6,1,1,0
38,98283.99,709,2,0,0,0
59,59711.83,608,0,0,1,0
43,60552.06,666,0,1,1,0
45,26046.9,603,9,0,1,0
52,83051.64,695,3,2,0,0
44,119421.59,549,0,0,0,0
29,57611.43,692,5,0,2,0
18,36418.11,657,9,2,0,1
34,45206.79,694,10,0,1,0
49,39727.13,547,7,0,0,0
35,40936.41,732,7,1,1,0
49,67777.9,656,5,0,0,0
41,56372.24,697,11,1,1,0
55,80980.88,530,7,1,0,0
36,59009.36,580,7,1,1,0
45,31823.36,648,13,1,0,0
46,38164.23,790,11,1,0,0
58,36996.53,722,7,0,0,0
19,44656.94,690,6,0,1,0
34,120253.45,606,6,0,0,0
50,130281.11,591,0,0,1,1
58,74481.09,702,13,0,1,1
42,52019.91,736,4,0,0,0
36,24814.26,696,12,1,1,0
49,54721.07,816,8,0,2,0
50,33024.21,625,14,0,1,0
35,110775.5,694,10,1,1,0
43,21959.32,544,12,1,2,0
54,59411.45,696,5,0,2,0
62,31662.25,797,1,2,0,1
48,48788.13,596,8,1,1,0
40,68393.57,747,0,1,1,0
39,81714.3,795,5,2,0,0
46,47555.6,624,2,1,0,1
38,71725.98,717,3,3,1,0
42,35198.72,806,10,1,0,0
27,55424.07,698,10,1,1,0
55,80910.89,742,7,0,1,0
26,57875.52,538,9,0,1,0
34,37621.39,727,5,0,0,0
41,42637.05,721,20,1,0,0
63,81456.79,573,9,0,1,0
34,28398.1,602,5,1,0,0
32,30572.08,728,12,0,2,0
33,66223.75,655,14,0,1,0
59,39356.96,768,4,0,0,0
18,23705.7,704,0,2,0,1
27,96317.89,684,1,1,1,1
72,28288.19,666,4,1,0,0
47,44368.5,703,7,0,0,0
26,35962.78,744,0,0,0,0
39,42241.49,722,5,0,1,0
40,31498.34,646,6,0,1,0
50,70062.26,779,9,0,0,0
62,51813.8,732,11,1,1,0
44,80163.76,710,10,1,1,0
33,36149.41,687,16,0,1,0
49,142416.46,720,13,1,0,1
31,18914.34,533,9,1,0,1
27,22190.79,699,3,1,1,0
18,117776.31,811,4,0,0,0
21,62132.27,697,0,0,2,0
29,58144.88,686,8,0,1,0
25,60817.79,632,9,0,0,0
43,65225.36,719,12,0,0,0
25,56947.43,664,9,1,0,1
18,30243.84,784,13,0,1,0
27,73798.63,610,13,0,0,0
34,68209.5,643,2,1,2,0
32,100129.09,631,5,1,1,1
58,118435.12,826,7,0,1,0
32,57828.56,664,4,0,1,0
50,26535.15,636,6,1,2,0
39,118926.56,512,9,0,2,0
39,29464.02,607,7,1,2,1
29,58045.48,722,8,1,1,0
39,43115.29,721,3,2,0,0
30,39524.95,627,10,3,0,0
42,71836.65,632,10,1,0,1
37,55394.18,828,4,1,2,0
28,63362.07,850,1,3,2,0
51,32602.91,771,14,2,0,0
45,44934.56,804,16,0,0,0
34,33363.99,821,9,1,1,0
41,44376.45,850,6,1,1,0
38,46194.63,655,13,0,1,0
29,123272.43,609,10,0,2,1
40,43058.1,826,6,1,1,0
32,16936.07,602,12,0,1,0
28,98473.8,597,3,0,1,0
20,61367.13,599,4,0,1,0
35,45912.6,669,9,0,1,0
46,39394.93,521,8,0,1,0
31,30532.2,565,11,2,2,0
70,129188.01,630,13,1,2,1
50,50308.15,584,0,1,1,0
55,20560.45,764,8,1,0,0
49,57749.5,680,17,1,2,0
62,89597.78,726,5,1,1,0
30,53009.02,717,4,0,0,0
18,31232.15,663,0,1,1,1
34,29865.61,759,8,1,0,1
46,30987.54,716,10,0,1,1
41,104906.95,654,10,1,0,0
43,47295.38,545,2,0,0,0
55,21176.3,721,7,0,1,0
44,59401.04,579,9,0,0,0
49,52602.47,710,8,1,1,1
28,39165.53,686,2,0,0,0
26,29430.79,571,8,2,0,1
59,28797.75,700,3,0,0,0
41,84399.51,695,0,1,0,0
32,55478.81,695,11,0,1,0
32,62275.4,691,8,0,1,0
32,55402.47,627,10,0,2,0
31,57748.02,727,5,1,0,0
24,38785.54,624,11,1,0,1
21,44226.76,594,13,0,0,0
37,87768.32,733,16,2,0,0
32,99438.54,754,12,0,0,0
53,26607.65,728,9,0,1,0
43,44173.07,663,1,1,0,0
43,74581.12,524,7,2,0,1
31,125622.9,798,0,0,1,0
38,119489.02,523,3,1,0,1
44,32929.4,726,17,0,0,0
48,92737.02,848,2,1,0,1
38,50479.28,691,0,2,2,0
52,82636.63,703,12,0,0,0
40,72703.1,710,4,0,0,0
49,26056.38,695,11,2,0,1
34,64536.55,850,2,0,1,0
18,81052.17,612,5,1,0,1
43,48529.27,602,13,1,0,1
48,43340.46,653,1,0,1,0
46,22340.76,819,7,0,1,0
45,68996.34,633,9,0,1,0
35,54413.86,714,4,1,0,1
30,30912.26,765,9,2,2,0
46,41650.97,742,8,1,0,0
45,52957.85,761,10,1,0,0
33,37074.4,793,17,1,0,0
53,49086.46,704,21,2,1,0
29,20435.6,643,10,0,0,0
32,96250.63,691,7,2,1,0
59,49412.3,652,10,0,0,1
50,28291.69,850,6,0,0,0
35,14330.5,637,0,0,2,0
43,82007.62,718,7,0,0,0
41,64799.02,559,13,0,0,1
18,54466.59,690,0,0,2,0
29,75495.17,657,3,0,1,0
39,75391.45,734,5,1,2,0
35,54025.91,736,9,1,0,0
42,43169.65,793,19,2,0,0
53,39792.32,787,3,1,0,0
36,60504.38,674,8,0,0,0
27,98569.35,604,8,0,1,0
43,46562.39,613,6,0,0,0
36,102563.63,704,7,0,0,0
38,59075.78,692,5,1,0,1
36,59298.87,700,21,1,0,0
66,163171.12,637,11,0,0,0
18,112009.52,794,5,0,0,0
35,113471.23,562,13,2,0,1
39,32898.86,632,9,0,0,0
30,146692.12,593,8,1,1,0
50,47046.49,663,7,1,1,0
49,43750.33,779,6,0,1,0
39,16653.5,656,1,0,0,0
36,57707.67,688,0,1,0,0
38,28518.92,733,9,0,2,0
38,60121.75,653,7,0,0,0
39,27425.2,710,12,0,1,0
37,120433.13,700,3,3,0,0
43,64588.2,589,2,1,1,1
49,153266.85,642,11,2,1,1
25,29392.3,708,6,0,0,0
27,106360.51,782,12,2,0,0
19,19903.36,782,8,1,2,0
50,54395.56,847,17,0,1,0
43,35745.81,718,11,1,1,0
46,39183.92,646,10,2,2,0
22,37863.84,674,11,0,0,1
61,31027.89,670,6,0,1,0
32,26112.15,647,0,1,2,0
42,39292.41,710,9,0,2,0
50,51948.82,714,17,1,0,0
28,87714.91,586,0,2,1,1
33,56821.79,767,10,0,0,0
42,87839.81,533,0,0,1,0
74,23409.84,662,7,0,1,0
43,39478.65,771,8,0,0,0
59,69947.66,728,11,0,0,0
54,58197.37,651,9,0,0,0
44,31869.75,837,14,1,0,0
28,78200.74,644,13,0,0,0
52,37585.12,519,7,0,0,1
22,33233.65,716,13,0,1,0
59,62534.51,537,6,1,1,1
42,49172.25,613,5,0,1,0
18,37742.57,729,1,1,1,0
35,37107.18,643,14,2,0,1
47,28712.89,726,6,3,2,0
37,40220.25,587,0,1,0,1
48,84965.85,748,10,1,0,0
29,55396.7,544,5,0,0,0
24,79165.59,785,6,0,1,0
39,63451.7,641,6,1,0,0
40,36093.82,802,6,1,0,0
35,21491.86,612,21,0,2,0
54,30840.15,833,16,1,1,0
29,35044.79,603,11,1,1,0
43,33715.35,536,9,0,0,1
40,80058.27,683,13,0,0,0
21,79641.79,778,9,0,0,0
24,148143.97,743,12,0,0,0
40,33461.12,773,10,1,2,0
63,108958.7,744,8,0,0,0
46,108622.47,614,12,1,0,0
19,43646.05,741,5,0,0,0
18,62117.17,687,8,0,1,1
48,91159.56,623,3,0,0,0
38,47597.6,694,3,0,0,0
53,45789.23,675,0,0,0,1
29,35822.49,793,10,1,1,0
44,15062.76,638,11,0,1,0
50,50778.88,635,13,0,1,0
34,34374.33,624,2,0,1,0
34,28633.3,831,10,1,1,0
40,60542.19,628,7,1,0,1
46,23726.41,783,11,0,1,0
39,73353.09,597,4,1,0,0
51,62429.9,720,6,0,2,0
34,40130.96,701,0,1,1,0
24,47493.34,778,4,0,1,0
63,27035.05,767,8,1,0,0
32,71336.92,686,8,2,0,0
33,53835.16,637,0,0,1,0
39,55877.94,809,5,0,0,0
40,63003.48,629,8,1,1,0
35,35553.44,498,15,0,0,0
39,22936.18,531,3,3,1,1
39,79115.11,550,10,0,0,0
42,69172.54,727,5,0,1,1
18,37508.42,850,5,2,2,0
62,60147.5,516,3,0,1,1
38,91948.76,617,2,1,0,0
46,86625.58,687,5,0,1,0
23,36964.77,803,13,1,0,0
34,23286.28,616,4,3,0,1
31,25371.77,727,3,1,1,1
57,41945.94,659,9,1,2,1
32,101840.03,850,8,2,1,0
49,34056.54,691,7,1,2,0
32,36382.24,708,9,0,2,0
34,36009.73,686,2,0,0,0
37,37576.52,646,3,0,0,0
55,48746.4,755,12,0,0,0
18,25847.65,587,7,1,0,0
24,84303.61,519,10,0,0,1
18,45596.65,667,14,0,0,0
26,169323.66,745,12,1,1,0
30,27261.06,633,1,2,1,0
20,108546.41,694,7,1,0,0
31,98289.52,582,13,1,0,1
18,39901.05,765,10,0,1,1
27,40234.08,732,8,3,1,0
54,30925.96,681,0,1,1,0
44,31103.92,693,4,0,0,0
42,49005.95,568,8,0,1,1
27,49530.7,572,0,1,0,0
21,22000.54,670,11,0,2,0
26,154315.22,721,7,0,2,0
39,43055.34,725,0,2,0,1
50,50655.65,650,5,0,0,0
50,35842.2,739,6,0,0,0
47,42894.34,793,7,1,0,0
31,40989.08,672,15,0,1,0
40,48949.03,704,10,0,0,0
36,48664.5,663,1,1,0,0
37,73308.6,669,0,0,0,0
64,54918.74,693,6,0,1,0
18,69712.96,816,8,0,0,0
37,48780.92,753,12,2,0,0
54,55029.59,746,16,1,0,0
22,43449.18,643,16,2,0,0
32,80947.48,608,5,1,0,0
33,57601.92,711,12,2,1,1
37,45295.48,779,10,1,2,0
20,44624.8,817,2,1,0,0
47,46415.11,483,0,1,0,0
47,49772.7,850,8,0,0,0
46,47658.65,713,0,2,0,0
29,37070.59,752,3,3,1,0
41,71858.22,540,4,1,1,0
29,74164.29,661,9,2,0,1
36,119602.43,745,14,0,0,0
65,36249.66,586,8,1,0,0
41,68406.24,448,5,0,0,0
25,18871.94,706,0,0,1,0
42,74200.16,676,10,1,1,0
23,23663.97,795,8,0,0,0
25,29966.47,667,5,2,0,1
27,57879.16,673,13,0,1,0
34,35927.22,735,2,1,1,0
51,33551.04,762,4,1,0,0
46,38468.38,623,6,2,1,0
46,70601.95,755,5,0,1,0
26,30747.22,638,10,0,0,0
33,47711.25,681,10,0,1,0
43,40565.44,733,13,0,1,0
32,73861.38,747,10,0,0,0
36,74903.87,705,7,0,2,0
45,19581.86,593,6,0,0,0
35,82665.26,530,10,0,0,0
42,36120.72,664,7,1,1,0
59,55168.43,757,8,0,0,0
37,30654.83,715,10,0,0,0
54,59016.2,699,8,0,1,0
46,175549.17,679,9,0,1,0
22,52238.9,704,4,0,0,0
26,38951.64,600,14,0,1,0
29,43648.29,742,2,0,0,0
29,23517.15,747,10,0,0,1
38,101162.32,651,5,2,1,0
47,57322.1,714,13,0,1,0
55,29014.5,542,12,0,0,1
43,29491.01,694,7,1,0,0
34,49396.81,669,15,0,2,0
18,78119.71,780,7,1,0,0
40,27570.59,664,12,0,1,0
40,85537.03,749,4,4,1,0
42,46825.5,648,10,0,2,0
65,30787.94,497,3,0,1,1
54,38799.2,661,8,0,0,0
49,117509.79,695,7,1,1,1
28,24486.89,692,12,0,1,0
33,33997.88,693,4,1,1,0
38,78928.04,639,23,0,0,0
30,54623.99,654,1,1,2,0
46,33003.85,589,9,1,1,1
44,79411.35,520,9,0,1,1
26,81320.05,671,10,0,2,0
54,57855.01,620,5,0,0,0
41,36091.1,766,9,0,1,0
19,38981.7,505,5,1,1,1
39,56519.33,703,17,0,1,0
43,25438.92,849,4,0,0,0
51,95214.97,665,7,1,0,0
35,114703.35,679,4,0,1,0
49,43565.58,714,3,2,0,0
42,58574.35,720,0,0,2,0
24,88689.88,647,11,1,1,0
23,130324.19,599,4,1,0,0
53,106776.24,732,4,0,0,0
54,20583.22,527,3,0,0,0
43,41865.74,746,9,0,0,0
57,62965.62,648,8,0,0,1
52,38287.98,680,8,1,1,0
48,119537.26,637,4,0,1,0
29,110712.01,794,10,1,2,0
60,32598.94,699,4,1,1,0
46,45197.63,654,8,0,1,0
35,33698.98,652,7,0,0,0
31,44464.03,668,0,1,2,0
43,43795.39,850,18,1,0,0
19,78994.14,574,10,2,1,0
48,31437.84,766,8,1,1,0
28,13248.31,725,9,0,0,1
44,21976.49,803,18,0,1,0
33,29314.84,730,13,0,2,0
36,35318.22,680,9,1,1,0
30,53830.05,761,4,0,0,0
38,28569.73,698,5,0,0,0
62,26754.28,740,0,3,0,1
56,30800.19,794,6,2,0,0
44,28062.04,687,11,0,2,0
39,37151.27,646,11,1,0,0
50,36364.79,628,11,0,0,1
53,69184.24,716,5,1,0,0
30,29888.69,609,10,2,0,1
39,40994.85,652,12,1,0,1
18,37327.61,602,0,1,0,1
53,73456.05,720,9,0,0,1
64,45381.52,619,18,0,2,0
40,82896.52,577,6,1,0,0
18,27551.57,591,0,1,0,1
47,47825.62,634,3,1,1,0
29,36755.92,641,0,0,0,0
32,26555.1,700,4,3,1,0
47,47393.69,667,1,1,1,1
43,116595.26,709,12,0,1,0
34,32001.74,716,11,0,0,0
32,45994.29,739,9,2,0,0
41,25435.07,527,14,1,1,1
35,23632.69,589,5,0,0,1
26,33069.74,724,8,1,0,0
36,39144.24,696,18,1,1,1
44,40022.96,758,10,0,0,0
37,43782.41,556,10,1,1,1
23,21500.55,641,4,2,1,0
51,35847.42,656,5,1,2,0
18,62999.32,693,2,1,0,1
34,24856.57,682,16,0,0,0
32,41045.12,717,0,0,0,0
41,56750.62,670,12,1,0,0
46,33152.27,789,10,2,2,0
53,58148.9,815,0,1,1,0
31,22912.48,590,13,0,0,0
47,76437.2,683,6,0,0,0
42,58859.02,743,1,2,1,0
19,50404.35,726,9,1,0,1
62,86026.36,647,3,0,0,0
22,41577.96,700,6,1,1,0
45,35992.72,553,5,1,1,0
44,97369.87,678,3,1,0,0
43,123054.53,563,2,1,1,1
34,34657.91,720,11,2,1,0
49,46310.7,590,9,0,1,0
21,82662.5,693,9,1,0,0
39,47142.37,705,6,2,1,0
33,65992.36,686,8,0,1,0
31,72417.39,629,4,0,0,0
45,37006.46,663,4,0,0,1
52,60453.96,774,16,0,0,0
35,48869.25,646,12,1,2,0
49,26677.23,681,5,0,1,0
40,29886.84,635,0,0,0,0
29,35376.09,761,0,0,0,0
36,77984.08,686,4,1,0,0
36,79275.08,618,8,0,0,0
31,71321.74,680,8,0,1,0
45,61087.06,660,8,0,1,0
42,60259.36,791,9,1,0,1
20,56318.61,676,2,2,2,0
20,60102.01,569,15,0,2,0
45,62173.32,719,7,0,0,0
30,24289.24,822,9,1,0,0
43,33020.25,775,4,0,0,0
49,29305.75,591,9,0,2,1
24,85269.53,658,18,1,0,1
23,112089.18,677,3,0,1,1
60,16572.1,678,2,0,1,0
44,107195.26,710,3,0,0,0
34,51193.13,652,6,1,0,0
28,81337.29,606,5,2,1,1
33,63147.82,756,2,1,0,1
25,100729.86,590,7,1,0,0
50,54440.91,615,15,0,2,0
30,24791.91,589,7,3,0,1
53,46497.91,728,7,0,1,0
35,63438.61,688,9,1,0,0
27,44003.28,750,11,0,0,0
34,68109.08,617,14,1,0,0
18,47436.69,579,9,0,0,0
38,36397.13,644,7,0,0,0
37,28481.52,665,3,0,2,1
49,40299.42,696,11,0,0,0
18,54300.34,545,3,2,0,1
53,18403.65,718,3,1,1,0
49,33188.6,608,8,0,1,0
55,18063.6,628,15,0,2,1
39,36006.78,773,11,0,0,0
52,89201.88,505,7,0,0,0
22,27090.59,705,3,0,1,0
48,69673.82,705,15,2,1,1
30,203701.83,614,7,1,0,0
20,101393.99,644,6,0,2,0
26,52404.97,777,10,0,1,0
40,75298.63,837,5,0,0,0
30,24714.83,765,4,0,1,0
44,22321.21,830,4,0,0,0
18,49729.27,624,4,0,0,1
18,59832.56,553,2,0,0,1
56,84728.06,675,1,0,0,1
50,36887.16,744,12,1,0,0
27,53997.75,531,11,1,1,1
39,53080.02,605,3,2,1,1
52,45903.79,614,12,1,0,0
45,47276.21,708,9,0,0,0
41,31973.02,698,6,0,1,0
53,56379.09,617,1,0,0,0
31,54042.44,694,9,1,0,0
40,39339.88,588,17,1,0,0
39,68383.52,645,8,0,1,0
36,81954.2,578,12,0,2,1
35,68781.37,667,6,0,0,0
40,29108.29,615,12,1,1,0
40,51525.02,735,7,1,1,0
27,31078.89,677,0,2,2,0
49,51445.45,661,4,1,1,0
28,31139.48,821,8,0,0,0
37,92835.25,710,13,1,0,1
36,72523.49,650,7,0,0,0
44,87246.67,633,8,0,0,0
18,82939.03,585,5,0,1,0
50,42817.41,674,15,1,0,0
31,39624.19,704,15,0,1,0
54,117109.18,526,4,0,0,0
34,45136.21,570,0,0,1,0
39,24902.16,638,0,0,0,1
62,81123.94,592,11,0,1,0
36,52674.56,683,8,0,1,0
54,104085.93,694,4,2,1,0
40,55352.93,670,9,0,0,0
44,48533.0,724,1,2,1,0
40,105141.3,633,11,1,2,0
50,22714.68,676,6,0,1,0
31,36582.27,599,2,0,0,0
28,31455.17,702,6,1,0,0
32,16357.8,686,5,0,1,0
41,75855.71,584,9,2,0,1
37,37096.98,667,13,1,1,0
48,77086.54,676,13,1,2,0
55,59548.31,702,8,1,0,0
28,66407.9,705,7,0,0,0
31,39038.37,622,5,1,0,0
22,33452.3,741,0,0,0,0
64,51270.99,721,7,0,1,0
43,77620.29,622,3,0,0,0
45,47801.34,588,14,1,1,0
23,34510.95,628,6,0,0,0
39,26916.4,562,11,1,0,0
46,54289.25,696,5,1,0,0
36,37159.18,774,4,1,0,0
52,47293.57,793,11,0,2,0
67,43504.11,592,9,1,0,0
28,39253.05,742,9,0,0,0
27,56777.86,686,7,0,1,0
29,64682.89,488,11,1,0,0
59,130958.99,653,11,1,2,0
52,71609.56,644,0,0,0,0
38,108753.72,776,6,1,0,0
40,32555.44,610,13,1,0,0
30,22016.06,725,2,0,1,0
50,48668.38,671,0,1,1,0
35,75283.3,564,7,1,0,0
36,69604.25,635,10,0,1,0
47,89831.48,802,5,1,1,1
37,13790.39,666,14,0,2,1
37,91719.33,752,17,0,0,0
40,57972.92,748,0,1,0,1
49,22651.77,644,6,0,1,0
59,70387.04,577,0,0,0,0
47,53355.98,587,11,1,1,0
49,59314.83,796,4,0,1,0
37,80785.65,692,5,0,0,0
31,60787.39,541,13,0,0,0
47,23472.56,746,1,0,0,0
42,45637.58,537,0,0,1,0
22,21832.99,613,0,0,1,0
36,67814.47,686,14,0,2,0
39,98615.64,850,13,0,0,0
33,26351.33,745,6,0,1,1
57,35040.79,641,1,0,1,0
45,31533.8,682,12,1,1,0
56,39067.55,753,21,0,0,0
43,60247.21,793,6,0,0,0
40,39279.79,660,1,0,0,1
28,67932.18,662,14,2,1,0
40,83507.35,613,2,1,1,1
40,85040.22,733,6,1,1,0
23,28026.6,762,0,0,2,0
33,98023.69,524,6,1,0,1
36,102031.43,648,1,1,0,0
44,106546.84,582,14,0,0,0
45,45301.37,692,3,0,0,0
33,33660.45,580,11,0,0,1
45,29967.82,574,7,0,0,1
37,28257.38,769,8,0,2,0
18,49308.18,666,10,0,0,0
34,74901.26,675,7,1,2,0
52,94209.77,714,4,0,0,0
19,38454.13,757,3,0,1,0
41,48081.65,646,10,0,1,1
59,46532.5,648,0,0,0,0
30,35680.51,648,16,0,0,0
40,70818.44,766,8,0,1,0
24,58772.19,674,6,0,2,1
59,52623.16,656,9,0,1,1
39,58638.85,711,5,3,0,0
40,66684.35,826,7,0,1,0
56,66351.29,685,2,2,1,0
47,32233.29,658,9,1,1,0
29,76738.92,835,7,1,2,0
32,55697.08,786,8,0,1,0
45,39446.16,774,15,0,0,0
32,55111.56,639,3,0,1,0
18,58234.82,632,7,0,0,0
39,84195.09,533,0,2,0,1
22,29054.31,757,10,1,1,0
59,95081.74,686,7,1,2,0
42,49591.92,535,8,0,1,0
29,38060.16,776,7,0,2,0
31,37482.18,653,5,2,1,0
18,29712.29,662,20,1,0,1
26,20527.95,558,8,2,0,0
52,68782.18,719,9,2,1,0
66,131984.95,720,2,1,2,0
48,21833.32,676,12,0,0,0
38,30478.78,646,7,1,0,1
34,71381.33,850,10,0,0,0
28,47914.89,583,12,1,1,0
64,74399.88,622,7,1,0,1
37,46589.93,736,4,1,1,0
65,36668.97,598,0,2,0,0
56,43786.42,592,6,1,1,1
19,14897.6,770,4,1,0,0
32,27674.25,728,2,0,0,0
31,78758.36,718,15,0,0,0
39,88960.7,694,12,2,1,0
39,99020.58,624,0,1,0,1
75,61110.24,659,8,2,1,0
27,15866.51,673,3,3,1,1
42,35685.39,747,9,2,0,0
47,95066.11,714,4,2,1,0
39,110362.66,605,5,0,2,0
41,96889.25,743,12,0,1,0
27,43559.09,545,12,0,1,0
41,25507.1,654,15,0,1,0
46,48034.95,588,6,0,0,0
43,49385.07,611,0,1,2,0
46,107235.48,834,12,0,0,0
56,54934.43,562,12,0,0,1
51,49431.37,614,11,2,0,1
40,50855.7,720,4,0,0,0
25,59869.92,642,2,0,1,0
32,67051.75,692,10,1,0,0
37,34123.15,794,3,2,2,0
43,28888.24,732,6,0,1,0
34,97273.25,642,22,0,2,0
28,21579.07,669,18,0,1,0
25,111176.44,722,11,0,1,0
20,18857.4,730,4,0,2,0
37,36597.29,681,4,0,2,0
22,79692.2,708,11,0,1,0
27,49029.18,708,15,0,0,0
35,25381.14,672,5,1,0,0
23,60670.57,631,5,0,0,0
44,50690.92,739,8,0,0,0
48,44001.36,703,1,2,1,1
33,35883.72,513,1,3,0,1
34,48179.89,613,2,0,1,0
46,36645.25,641,10,0,2,0
31,165589.37,663,9,2,0,0
30,43477.18,776,13,0,2,0
54,40664.94,850,0,0,2,0
50,37390.87,483,0,0,1,1
47,119190.15,704,10,1,1,0
51,21600.39,685,3,0,2,0
18,58671.9,665,4,1,0,0
56,43492.99,723,13,0,1,0
44,24059.85,691,5,0,1,0
52,32547.7,651,5,0,0,1
44,57438.9,682,6,0,2,1
40,31818.51,724,7,0,0,0
36,55814.11,716,11,0,0,0
44,116375.42,695,1,1,2,0
36,53385.81,633,7,1,1,0
50,23700.32,850,13,1,0,0
20,32099.7,708,18,0,1,0
33,42501.61,740,1,1,0,0
64,41104.89,639,9,0,1,0
32,52891.98,695,7,0,2,0
37,57309.49,694,7,2,1,0
29,116455.44,527,4,0,2,1
44,48929.72,622,11,0,0,0
31,27553.99,621,11,0,1,1
37,87282.31,631,20,0,1,0
50,92181.27,594,1,0,0,0
31,55062.35,683,0,2,2,1
49,43338.77,791,18,0,0,0
49,66921.34,690,7,1,2,0
52,44110.81,585,5,0,0,0
41,17538.36,597,8,0,2,0
78,64973.65,649,1,1,2,1
52,76582.64,566,9,0,2,0
43,100764.72,704,7,1,1,0
29,34017.17,788,13,1,0,0
38,54889.79,633,12,0,0,0
57,55486.76,686,12,0,1,0
60,51158.88,645,8,1,0,0
57,51918.37,629,16,0,0,0
49,49939.52,695,10,0,0,0
24,54495.57,626,5,3,1,1
45,70993.28,615,3,0,1,0
25,90232.39,550,4,0,1,0
22,33584.97,685,10,0,1,0
42,44974.43,765,1,2,1,1
46,39683.71,736,8,1,2,0
50,36944.2,799,3,0,0,0
45,21850.61,626,1,0,1,1
46,49618.11,748,2,0,0,0
28,62296.48,591,7,0,0,0
38,45362.91,736,11,0,0,1
21,48801.73,811,4,2,0,0
18,60428.64,719,0,1,1,0
48,99266.14,812,23,0,1,0
30,39740.17,632,13,0,1,1
50,27287.77,669,12,0,1,0
53,46853.45,606,16,0,0,1
32,125715.99,682,8,2,0,0
47,27434.31,701,7,0,0,0
32,67850.89,682,14,2,0,1
18,87461.73,642,14,0,0,1
41,15021.43,640,11,1,0,0
34,60180.96,707,12,1,0,0
34,66284.1,667,1,2,0,0
63,42887.36,587,6,0,0,0
21,35482.0,528,16,1,0,1
44,36485.45,632,12,0,0,0
28,41594.19,569,0,0,0,0
50,42148.4,613,5,0,0,0
43,38353.9,646,15,1,1,0
44,41264.69,668,10,0,0,1
28,88911.42,626,8,1,0,0
30,26709.79,850,9,0,1,0
51,20444.53,579,7,0,1,1
61,89625.27,776,5,0,1,0
45,44533.24,666,3,1,0,0
29,40371.68,627,13,0,2,0
44,46369.23,727,9,1,0,0
69,54428.24,643,11,2,2,0
41,37721.08,615,10,1,1,0
57,63130.9,823,15,1,0,0
31,30298.96,504,10,0,0,0
39,42154.09,660,12,0,0,0
47,16198.14,695,8,0,1,0
44,88090.38,792,3,0,2,0
30,44889.36,648,6,0,2,1
30,68531.72,850,10,0,2,0
51,62211.01,740,11,0,0,0
54,64531.38,490,15,0,0,1
58,48830.59,563,5,1,1,1
61,59522.74,698,9,1,0,0
41,30313.78,588,7,0,0,0
36,27293.69,723,16,0,0,0
56,46604.25,643,9,1,0,0
48,34895.45,584,9,1,1,0
28,99980.66,602,7,0,0,0
27,59134.64,748,6,0,0,0
45,34260.87,518,0,2,0,1
37,42797.28,763,1,1,1,0
39,52391.69,765,8,2,0,0
52,47382.04,653,8,0,0,0
49,56155.11,567,8,1,0,1
55,50732.77,724,12,0,0,0
18,24457.0,641,8,1,1,0
43,16723.12,558,6,1,0,1
48,40667.95,832,6,2,1,0
21,64876.86,609,9,1,1,0
32,40897.14,562,6,1,0,0
29,90969.73,702,13,0,1,0
40,47884.96,674,7,1,0,0
59,96625.51,798,9,2,1,0
64,87199.31,649,3,4,1,1
30,82920.98,650,13,1,0,0
46,26855.99,706,15,0,1,0
46,49442.73,695,1,1,0,0
44,90344.62,698,10,0,0,0
44,56171.93,701,7,0,0,0
43,64678.23,693,9,0,0,0
60,24490.89,646,10,1,0,0
53,127950.02,746,0,0,0,0
27,33001.65,651,11,0,1,0
49,18084.08,744,13,1,2,0
50,41127.7,791,14,0,2,0
43,14418.37,625,3,0,2,0
53,28493.68,850,7,1,1,0
42,176179.02,622,5,1,1,0
42,40537.37,623,0,0,0,0
41,24007.14,723,4,2,2,0
18,49644.8,715,2,1,0,0
39,31291.39,685,9,0,1,0
31,75528.07,745,0,0,1,0
25,31420.87,700,3,0,2,0
57,56126.7,845,5,0,0,0
46,27624.84,675,11,0,0,0
39,179784.48,611,21,1,0,1
33,63058.1,635,9,0,1,0
43,45581.04,717,2,0,1,0
51,42341.41,718,4,1,0,0
30,37167.87,696,11,0,2,0
39,33508.13,612,1,1,0,1
50,33050.82,768,13,0,2,0
18,113455.32,834,9,1,2,0
39,37186.2,682,7,0,2,0
34,16903.75,824,0,3,1,0
38,27364.89,749,12,0,1,0
33,77953.07,850,4,1,1,0
41,43210.46,717,8,1,1,0
63,45842.15,690,7,2,1,0
36,87983.73,747,0,2,1,0
43,33236.92,645,6,1,0,0
63,67252.46,712,1,0,0,0
33,35103.58,786,4,2,0,0
61,65377.82,745,10,2,1,0
40,40313.12,677,11,0,0,0
61,43443.89,696,7,3,0,0
49,73870.35,740,3,0,1,0
43,71254.44,737,4,0,2,0
39,45129.26,740,4,0,0,0
32,38722.97,707,0,1,2,0
40,109051.31,614,8,1,0,1
50,65819.1,626,0,1,1,0
39,40312.99,716,8,1,2,0
36,35364.29,746,0,0,0,0
36,81834.05,736,1,0,2,0
51,51932.5,625,11,0,1,1
54,45171.58,667,8,1,2,1
31,51921.47,586,0,0,0,0
31,58040.62,568,5,3,0,1
44,47650.83,686,9,0,1,0
58,89486.53,788,4,1,1,0
53,92011.54,687,6,0,1,0
24,63955.58,832,9,0,0,1
36,97475.81,666,8,0,0,0
28,49229.5,682,3,0,0,0
36,69228.33,600,8,0,1,0
59,81001.92,652,6,1,0,0
22,81594.66,584,16,0,1,0
20,77497.39,556,7,0,1,0
30,67211.16,586,8,0,1,0
43,130426.36,686,9,0,0,0
47,37427.17,621,6,1,0,0
45,45360.17,640,4,0,1,0
54,44035.21,712,10,1,0,0
18,40780.79,556,10,1,1,0
54,18135.27,686,18,0,0,0
36,97482.91,747,11,0,1,0
48,29348.0,754,11,1,0,0
24,53364.84,721,11,0,0,0
40,24078.37,675,4,0,0,0
42,66860.11,630,1,1,1,0
53,33100.44,673,2,0,1,0
20,27778.54,812,11,1,1,0
40,54023.36,701,15,0,0,0
26,34531.69,671,11,0,2,0
46,36787.76,725,7,0,0,0
49,53417.56,683,16,0,1,0
55,73130.06,698,5,1,1,0
33,32558.7,660,2,1,2,0
51,29863.84,646,9,0,2,0
56,49599.79,759,14,0,0,0
20,64191.51,523,3,1,2,1
47,101862.34,718,0,2,0,0
51,28690.9,641,8,2,1,1
36,41815.25,527,11,1,0,0
25,88246.83,602,0,0,0,0
51,131471.75,677,12,0,1,0
25,29835.51,688,1,0,2,0
37,33880.47,739,11,1,0,0
39,59311.0,744,0,0,0,0
48,36721.89,556,0,1,1,0
32,33536.31,710,11,0,1,0
31,55394.48,738,14,2,2,0
41,106373.31,697,7,2,0,1
52,25470.06,720,19,3,0,0
67,103690.63,525,2,1,1,1
21,36776.54,600,2,1,0,1
43,58273.11,789,6,2,2,1
26,108599.86,657,6,0,0,1
52,57679.77,850,9,0,0,0
28,42245.56,577,4,0,0,0
31,70198.89,805,10,3,1,0
32,44954.98,631,10,1,0,0
39,63619.51,748,16,0,0,0
43,44252.16,656,5,0,2,0
45,75401.05,689,9,2,1,0
39,24413.32,727,11,0,2,0
24,29532.28,630,7,1,0,1
48,24234.58,744,6,1,0,0
39,47657.02,658,0,1,1,0
53,22816.31,694,8,0,0,0
31,34685.75,468,10,1,2,0
20,28176.56,653,7,2,2,0
39,102727.81,781,4,0,1,0
55,29871.49,735,0,1,2,0
41,25763.84,750,10,0,2,1
37,55501.72,684,8,0,1,0
29,113938.1,814,14,0,0,0
61,46256.92,703,0,1,0,0
27,48080.9,627,5,2,0,0
31,93468.4,748,1,0,1,0
46,76047.59,753,13,0,1,0
18,60639.85,730,14,1,1,0
55,36637.58,647,17,0,1,0
47,61573.01,702,10,1,1,0
50,24825.04,791,11,1,0,0
46,35888.14,718,10,0,1,0
38,100280.98,561,10,0,0,1
27,93994.95,629,8,2,1,0
38,61006.91,625,11,1,0,0
28,18682.14,619,18,1,0,1
45,26792.82,511,9,1,1,0
49,34900.76,831,8,0,0,0
57,44987.97,609,8,1,1,0
44,26233.55,615,7,0,1,0
51,43340.51,524,9,2,0,1
36,118616.11,749,7,1,1,0
34,59899.17,672,13,1,0,0
45,54688.75,651,13,1,1,0
35,29472.78,656,18,0,0,0
43,21601.27,727,7,1,2,0
27,26526.56,641,9,2,1,1
29,21169.26,520,9,0,2,0
47,50894.88,576,8,1,1,0
50,59393.67,572,13,2,0,0
28,30253.13,702,0,0,1,0
48,52783.8,754,10,0,1,0
33,102180.58,797,17,1,1,0
40,130463.49,549,14,1,1,1
57,72056.45,729,14,0,1,0
49,44917.37,630,12,1,1,0
49,70901.87,850,5,2,1,0
62,96365.64,790,4,2,0,0
31,17968.69,816,4,0,1,0
28,102850.78,744,2,0,0,0
31,37335.75,710,12,1,1,0
36,37515.84,647,15,1,0,0
18,41049.59,632,10,2,2,0
37,57528.86,615,12,1,1,1
33,28123.84,729,9,0,0,0
49,42514.18,804,10,0,2,0
44,63744.53,651,0,2,1,1
32,54681.77,622,9,0,1,0
47,59302.53,561,5,2,2,1
48,41689.96,699,7,0,1,0
30,69345.39,778,9,1,0,0
34,83133.92,782,4,0,0,0
18,80677.88,790,2,0,0,0
26,60706.44,713,4,0,0,0
31,78389.58,687,0,1,0,0
40,75775.5,782,2,2,0,0
28,186885.98,591,2,1,1,0
33,90132.27,644,0,0,0,1
25,46893.2,816,10,0,0,0
42,31075.04,594,3,1,1,1
45,43020.41,677,0,2,1,0
44,41527.35,730,5,0,1,0
40,63304.47,686,2,1,0,0
21,34539.95,771,15,1,1,0
32,88973.03,802,8,1,0,0
35,24470.38,718,0,2,0,1
35,21671.16,791,10,3,0,0
40,45818.44,605,8,1,1,1
57,32167.78,667,6,2,0,0
49,26131.14,850,15,1,2,0
28,35648.6,835,3,0,0,0
48,33498.54,577,13,0,0,0
47,49269.83,678,5,1,1,0
30,35945.69,690,7,0,0,0
50,37437.67,713,4,1,2,0
38,48901.69,781,4,1,1,0
23,81399.21,827,5,1,1,0
45,102270.11,682,0,0,2,0
42,52779.8,769,9,1,0,0
37,54872.72,731,8,1,0,0
39,44730.3,678,0,0,0,0
31,62356.57,544,11,1,1,1
47,59582.05,761,15,0,1,0
39,95122.79,728,4,1,0,0
41,19065.73,711,4,1,0,0
44,43597.33,601,13,0,1,0
26,58081.06,836,10,0,1,0
29,48380.79,692,7,0,0,0
18,30650.78,588,12,0,0,1
46,25599.21,575,9,0,0,1
25,73361.99,734,15,0,0,0
41,33575.0,736,7,2,0,0
44,20384.9,642,10,1,1,0
47,75228.58,717,13,0,0,0
25,61666.21,733,0,0,1,0
39,46261.39,691,13,1,0,0
60,31030.45,623,5,2,1,1
60,46317.69,756,10,1,0,1
51,90020.6,747,16,1,0,0
44,21865.17,725,6,0,0,0
27,22426.78,613,5,0,1,0
48,35814.83,573,7,0,1,0
38,48372.08,686,0,1,1,0
46,38248.29,754,18,0,0,0
32,67603.04,763,7,1,1,1
37,84492.41,726,16,0,2,0
41,56352.64,643,6,0,0,0
42,64874.91,615,8,0,0,1
45,56165.04,678,12,2,0,1
33,49254.4,679,2,0,1,1
23,25673.66,768,7,3,2,0
59,29319.38,641,12,1,1,1
69,24947.8,648,6,0,0,0
45,45512.74,844,5,2,1,0
24,55057.81,804,13,0,0,0
30,23750.74,609,15,0,0,1
46,50832.82,797,15,1,0,0
56,31646.78,590,4,0,2,0
25,28721.47,645,5,0,1,0
38,35858.12,654,5,1,0,0
42,27994.46,673,11,0,0,0
50,66391.85,729,2,1,2,0
35,45071.16,688,2,1,1,0
21,73688.87,729,4,0,0,0
47,39271.4,647,3,0,2,0
53,40020.89,709,12,0,1,0
39,125077.81,686,12,0,1,0
44,21773.95,568,5,2,1,0
34,93175.55,718,7,1,1,0
29,112112.94,687,0,0,0,0
52,71891.17,622,5,1,0,0
44,41554.65,646,14,0,1,0
45,100052.57,647,5,0,0,0
58,41736.0,660,2,1,1,1
27,34444.59,820,14,0,2,0
33,40370.95,847,2,0,1,0
41,36860.77,461,15,0,1,0
33,30536.82,719,22,0,1,0
49,85391.68,756,7,0,0,0
37,33298.77,662,14,1,0,1
28,48299.5,754,0,1,1,0
40,23816.03,812,0,2,1,0
42,49781.83,570,4,0,1,0
51,27502.63,690,12,1,0,0
44,27166.97,836,8,0,1,0
45,46413.98,580,7,1,1,1
43,83157.04,670,1,0,1,0
37,61096.32,644,7,1,0,0
31,63231.65,764,4,0,1,0
43,45937.7,775,3,0,2,0
36,41447.38,692,2,2,0,0
60,72807.21,682,8,0,1,0
56,36990.32,542,4,1,0,0
47,74400.44,793,7,0,0,0
44,90941.66,651,0,3,0,1
38,32186.64,668,10,0,0,0
24,34640.45,757,9,2,1,0
37,37315.06,695,6,0,1,1
41,23541.47,760,8,1,0,0
42,38765.99,728,12,2,0,0
45,93969.44,696,0,0,1,0
51,29062.74,704,8,0,0,0
31,95091.8,590,1,1,1,0
31,39469.27,668,8,0,1,0
57,141070.89,766,6,0,0,0
49,34859.94,608,7,1,2,0
35,45615.78,622,12,0,0,0
38,31098.3,609,12,0,2,0
38,34757.46,692,13,0,0,0
40,95711.1,792,6,1,2,0
45,62147.65,723,11,0,1,0
70,81994.62,505,10,0,2,0
42,25392.4,731,6,0,1,0
47,68010.29,644,8,1,2,0
19,30160.2,720,7,2,0,1
34,25118.02,668,14,0,1,0
54,55236.71,611,12,0,0,0
44,54954.96,674,6,0,1,0
18,50345.92,644,5,2,0,1
48,70177.23,704,12,2,1,0
63,75870.5,609,14,2,0,0
18,102218.16,590,9,0,1,1
58,27033.4,738,11,1,2,1
18,103881.71,768,14,0,2,0
51,125637.46,726,7,1,2,0
39,40818.27,628,8,0,0,0
18,21284.92,620,10,0,2,0
45,24544.68,625,5,1,0,0
53,38912.64,751,16,2,2,0
44,134197.89,613,5,0,1,0
47,49441.23,750,8,0,1,0
35,36004.81,730,17,0,0,0
18,34797.43,779,0,0,0,0
48,25302.0,765,9,0,1,0
60,75908.81,723,4,0,0,0
53,46815.31,562,8,0,1,1
18,140072.41,728,1,0,0,0
21,67111.1,689,6,2,0,1
29,74233.3,650,8,1,0,0
20,43431.82,788,9,2,0,0
40,28409.67,667,12,2,0,1
44,31672.67,637,0,1,1,1
22,24720.21,769,7,0,0,0
49,77280.53,647,7,1,0,1
47,40438.7,633,7,0,0,0
33,78924.76,589,8,0,1,0
37,52467.92,614,3,1,0,0
18,42344.37,621,0,0,1,0
36,27315.2,729,9,0,1,0
40,57000.56,598,3,1,0,0
42,43944.53,531,10,0,2,0
44,76963.92,704,3,0,1,0
42,34279.22,629,11,2,1,0
36,66706.25,678,7,0,0,0
43,111348.95,782,8,0,1,0
52,56177.86,685,6,0,1,0
38,72594.59,800,5,1,0,0
43,65247.64,674,6,1,2,0
37,126632.66,760,13,0,1,0
32,59028.77,636,0,2,1,1
46,69562.4,688,4,1,2,0
33,48139.68,605,13,1,0,0
44,33283.12,614,12,0,1,0
40,26793.43,662,14,1,0,0
36,92361.18,573,7,0,2,0
36,29608.61,692,1,1,1,0
33,71177.52,655,2,1,1,0
20,60355.56,698,6,0,0,0
44,77566.64,574,11,0,0,0
42,37897.64,736,6,0,1,0
50,33012.28,815,6,0,0,0
33,59230.15,798,9,0,0,0
62,42354.47,832,8,1,1,0
35,26489.03,683,5,0,0,0
29,129218.85,651,2,1,1,0
28,33001.09,719,12,2,1,0
19,29827.43,660,13,1,1,1
58,43431.15,540,2,1,1,1
56,91713.91,745,5,0,0,0
47,16591.28,661,11,0,0,0
29,87986.78,562,2,0,0,1
61,31078.24,639,9,0,1,0
35,55952.74,663,6,1,0,1
36,34961.28,680,1,2,2,0
57,132714.89,681,16,0,0,0
47,52172.46,789,6,2,2,0
66,34404.9,576,10,0,0,0
42,42169.58,667,2,1,1,0
35,51267.82,609,15,0,2,1
32,53575.03,780,17,0,0,0
18,61045.9,635,0,1,2,0
36,48986.39,652,7,1,0,0
53,24622.57,763,14,0,0,0
47,41351.59,785,5,2,2,0
40,66391.82,797,10,1,0,0
28,35068.5,548,0,0,0,1
42,68623.52,718,4,0,0,0
52,49804.42,701,9,1,2,0
45,43964.15,675,5,0,1,0
42,89060.57,685,6,1,0,0
30,20556.54,782,0,0,0,0
50,34973.28,763,11,0,1,0
18,90781.82,751,1,1,1,1
44,122396.93,696,15,0,0,0
70,153736.63,850,4,0,0,0
21,50270.7,647,12,0,1,0
37,61632.75,550,11,0,0,0
39,73770.48,658,3,1,1,0
34,92738.38,684,5,1,1,0
52,57328.09,784,5,0,1,0
45,77891.68,639,6,0,1,0
41,61690.6,719,1,1,1,0
49,63647.29,561,10,0,1,1
40,30971.27,766,4,1,1,0
78,41580.77,685,7,2,1,0
41,37745.27,657,13,0,0,0
42,27052.98,850,10,0,1,0
19,21465.4,765,4,0,0,0
33,39663.48,596,13,0,0,0
53,42961.47,671,11,0,0,0
23,51664.11,850,4,1,2,0
18,64722.81,838,5,0,1,0
40,53855.57,753,13,0,1,0
56,43111.47,532,11,0,1,1
40,31021.53,786,0,0,0,0
35,76003.49,629,2,1,0,0
18,46587.56,785,11,0,0,0
45,39462.46,622,2,1,0,0
47,44657.29,719,12,0,2,0
18,33983.41,628,17,0,0,0
53,37596.38,650,9,0,1,0
49,37003.61,729,3,1,0,1
53,42460.58,574,8,0,0,1
47,68041.8,850,13,0,0,0
47,60087.44,597,8,0,2,0
46,106230.73,593,10,0,0,0
50,89847.09,730,4,1,0,0
18,130380.31,783,4,1,0,0
21,64833.6,654,12,1,0,0
31,64315.29,594,4,1,1,0
38,38418.41,606,0,1,2,0
44,74087.9,597,6,0,0,0
43,35310.71,704,9,1,0,0
53,23500.39,674,13,1,1,0
53,105151.95,714,16,1,0,0
29,26249.68,709,8,1,0,0
42,61048.62,745,11,0,0,0
29,31565.95,647,8,1,1,0
37,86105.95,620,9,2,2,1
43,92177.84,692,7,0,0,0
18,63868.97,675,9,2,0,1
68,91416.6,700,4,1,1,0
46,49200.97,623,17,0,0,0
32,149804.64,731,0,1,0,0
63,71188.22,585,10,1,0,1
35,31248.42,644,9,0,0,0
41,50756.93,770,9,1,0,0
34,45421.87,589,2,2,0,0
59,43251.53,764,0,2,2,1
38,21406.08,567,11,1,0,0
41,59482.19,553,14,1,1,0
54,24517.04,560,9,0,1,0
47,13867.4,689,12,1,2,0
39,41274.21,738,5,1,1,0
53,33592.33,783,9,0,1,0
70,31863.98,777,14,1,0,0
43,10388.47,749,6,3,0,0
41,32034.82,613,13,1,0,1
42,44944.29,612,0,1,1,1
55,35700.61,743,4,0,0,0
32,59496.44,793,10,2,0,0
36,98354.18,597,17,1,0,0
21,63461.18,783,8,1,1,0
25,81895.32,526,2,0,0,0
33,85354.06,711,17,0,1,0
39,29453.55,671,7,1,1,0
61,61056.65,663,11,0,2,0
46,80626.18,682,6,0,2,0
29,39419.65,611,8,0,0,1
31,33013.99,715,5,0,0,0
56,63908.22,684,19,0,0,0
53,23369.47,754,13,0,2,0
40,28452.68,807,16,0,0,0
34,35123.36,690,4,0,0,0
53,61405.65,614,0,0,0,1
28,54691.1,588,6,0,0,0
44,82140.41,815,20,1,0,0
67,30917.11,805,6,0,1,0
42,30099.49,750,13,0,1,0
30,63701.03,684,2,2,2,1
44,32881.54,745,3,0,2,1
34,36251.94,784,7,0,1,0
23,19372.65,630,18,0,0,1
48,56693.96,682,13,0,0,0
53,105941.81,591,0,0,0,0
36,29300.37,669,11,0,1,0
35,81703.47,803,2,0,0,0
28,47586.33,766,4,0,0,0
38,20278.02,690,10,0,0,0
33,31339.56,464,14,0,0,1
27,30386.88,627,14,1,0,0
62,41845.36,688,9,0,0,0
45,60461.2,662,9,1,0,0
46,123557.44,682,14,0,2,0
50,23966.85,699,0,1,1,0
49,38469.13,637,17,0,0,0
35,31319.92,679,4,1,1,0
43,26004.12,668,9,1,1,0
36,51416.98,623,5,0,0,0
45,49057.09,827,2,0,1,0
44,19793.3,641,10,0,0,0
35,49467.7,499,9,1,1,0
24,26830.7,822,7,0,0,0
41,49311.56,612,7,1,0,0
37,92480.05,751,15,1,1,0
18,61792.3,625,18,1,1,1
46,53570.75,725,14,1,1,0
51,37632.27,676,9,1,2,1
70,50687.46,760,0,1,0,0
35,64966.51,662,11,0,2,0
33,61826.24,627,11,1,0,0
26,46648.25,700,11,0,0,0
42,54649.11,649,2,0,0,0
42,25380.06,525,12,0,0,1
30,33956.37,631,15,1,0,1
37,69827.27,850,3,0,1,0
18,74683.65,534,11,0,0,0
51,51369.47,699,3,0,2,0
30,102691.32,660,7,2,2,0
39,63196.85,826,3,0,2,0
22,43627.21,591,6,1,1,1
33,26638.79,688,6,0,0,0
36,100646.19,734,10,1,2,0
39,72053.11,665,12,2,0,0
45,120469.96,618,14,2,0,0
57,144845.61,678,4,1,1,0
48,25758.75,655,9,0,1,0
51,25792.35,655,2,2,0,0
57,11712.36,754,7,0,0,0
46,77589.01,712,8,1,0,0
39,68066.56,724,3,0,0,0
52,51476.95,706,10,1,0,0
52,26553.94,756,7,1,2,0
47,46886.41,784,8,1,1,0
22,53763.64,657,14,1,0,1
29,72501.52,745,5,3,0,0
36,56189.96,576,12,1,2,0
49,68316.09,499,15,0,1,0
39,46070.8,826,14,2,1,0
53,88498.51,653,7,0,2,0
55,67229.34,700,3,0,2,0
54,27079.53,581,4,0,0,0
54,98185.14,578,0,0,1,0
27,90471.1,622,11,2,1,0
45,61866.7,731,11,0,2,0
32,56407.58,638,8,0,0,0
20,112342.31,653,1,0,1,1
36,21662.62,620,6,1,0,1
55,91181.95,773,14,0,0,0
45,38634.33,749,11,0,1,0
64,84760.82,641,11,1,0,0
42,52061.86,734,24,0,1,0
69,26331.92,660,9,1,0,1
42,38243.93,652,0,0,2,0
40,81704.51,676,2,1,1,0
24,44130.04,731,9,1,1,0
53,35927.46,608,8,0,1,0
33,35807.55,720,7,0,1,1
32,67583.81,850,7,0,0,0
55,117632.13,694,4,0,1,0
53,16807.13,682,9,0,2,0
53,198857.19,673,14,0,0,0
35,54277.94,718,16,0,0,0
39,65520.09,551,16,0,0,0
39,39413.71,816,3,0,0,0
49,48934.72,758,7,1,1,0
58,53973.93,628,6,1,0,0
44,29011.63,682,10,0,0,0
63,32766.41,635,7,0,0,0
50,88635.15,703,6,1,1,0
37,22557.58,684,15,2,0,0
49,61115.42,698,8,0,1,0
60,40730.87,597,8,0,1,0
63,30322.53,641,10,1,1,1
54,131395.34,771,11,0,2,0
40,30416.75,637,11,0,1,0
37,27860.05,468,15,1,0,1
46,44645.72,667,1,1,2,1
60,33380.28,850,9,0,1,0
45,49177.44,747,7,0,2,0
45,52981.58,633,6,1,2,1
40,55123.37,675,11,0,0,0
36,46076.33,734,14,0,0,0
38,34507.06,539,5,1,1,1
41,67622.87,611,16,2,0,0
60,46358.21,711,0,1,0,0
37,38261.19,807,10,1,2,0
40,102744.11,644,3,1,1,0
29,46135.78,805,4,0,0,0
48,84625.7,619,8,0,0,1
56,90528.43,409,6,0,1,1
59,93324.36,739,0,0,2,0
42,69256.96,723,11,1,2,0
46,49005.28,738,11,0,0,0
38,47475.98,735,7,0,0,0
46,43388.08,695,6,1,2,0
43,16589.95,659,6,1,2,0
40,70221.05,662,0,1,0,1
41,55394.34,643,0,0,0,0
45,74069.72,647,12,0,1,0
36,46235.32,535,13,0,0,1
37,68351.08,582,10,0,1,1
60,24618.33,666,9,1,0,0
72,27319.81,500,11,1,1,1
25,14212.74,519,11,0,0,1
24,45836.01,653,4,0,0,0
28,33314.14,669,9,0,0,0
38,31204.23,654,6,0,0,0
50,57949.44,489,6,0,1,1
47,39626.22,804,13,1,0,0
42,23943.56,565,15,0,0,0
46,174972.38,614,0,0,1,0
31,48122.0,579,6,2,1,1
37,28521.64,783,6,0,1,0
39,35069.33,713,13,0,0,0
20,44955.51,642,0,4,2,1
26,44908.26,636,0,0,2,1
26,94003.02,694,12,1,0,0
49,47112.09,580,12,0,1,0
42,123946.35,710,0,2,1,0
47,39489.44,636,7,0,2,0
18,60670.81,721,15,0,2,0
22,81714.77,718,2,0,0,0
47,89105.48,632,8,2,0,0
18,94460.41,515,10,1,2,1
54,42787.19,660,0,1,0,0
18,48886.44,564,5,1,1,1
50,14189.94,686,0,1,0,0
29,44444.43,659,7,3,0,0
52,84594.72,632,4,0,0,1
78,76758.41,576,9,0,0,1
18,46946.15,774,11,0,0,0
48,114642.02,643,14,1,1,0
18,40457.1,850,19,0,1,0
45,34266.73,682,9,1,1,1
37,38790.05,708,6,0,1,0
41,27966.64,683,6,2,0,1
29,66916.28,707,3,1,1,0
49,56626.98,767,10,0,0,0
22,66502.16,768,5,0,0,0
54,39847.48,538,10,0,0,1
35,47617.88,748,3,2,2,0
23,16494.64,719,5,0,0,0
59,59166.62,682,10,0,0,0
39,51504.31,817,7,3,0,0
62,28275.08,820,0,1,0,0
54,46521.56,752,7,0,0,0
30,43091.25,636,3,0,0,0
38,118439.31,584,13,0,0,0
41,28837.63,740,12,0,0,0
58,57856.04,788,0,0,1,0
45,28413.39,517,12,0,1,1
42,37088.54,766,9,1,2,0
37,56297.73,659,0,0,0,0
39,44104.56,535,12,1,0,1
55,48874.18,717,1,0,2,0
40,57893.54,752,13,1,1,0
35,38298.09,651,4,0,0,0
33,76272.92,595,0,0,0,0
33,42077.15,816,18,0,1,0
23,46687.06,626,0,0,2,0
30,58727.05,772,3,2,0,1
57,54912.71,558,4,0,0,0
37,67650.77,713,5,0,1,0
48,57439.2,711,11,2,0,0
18,61976.8,749,8,1,1,0
46,41660.71,799,13,1,0,0
38,28727.62,614,9,1,0,0
34,24008.92,721,0,1,1,0
42,21261.32,570,10,0,2,0
34,118345.47,569,9,0,1,0
18,16213.72,633,4,1,1,0
51,89041.85,712,18,2,1,0
42,32518.53,814,11,0,1,0
36,88718.21,828,12,1,0,0
28,16296.9,651,12,0,1,1
22,43584.33,704,5,0,1,0
42,101418.64,755,11,0,2,1
59,70024.8,741,9,1,0,1
42,41413.71,666,5,3,2,1
23,18555.31,686,1,0,1,0
42,25304.96,671,8,0,0,0
39,98181.55,663,10,1,2,0
50,41187.06,652,8,0,0,0
47,47291.6,670,7,2,2,0
18,56487.1,647,8,2,1,0
46,25554.8,589,6,1,1,0
27,60092.79,749,15,1,1,0
22,39743.13,721,9,0,2,0
37,56775.0,830,5,1,2,0
44,36716.24,709,0,2,0,0
20,22324.54,646,7,0,1,0
48,39589.28,629,5,0,1,1
49,67534.16,683,4,0,0,0
40,59696.58,724,12,0,0,0
29,49784.82,660,8,0,1,0
28,76808.14,562,0,0,1,0
52,44276.22,620,11,1,0,0
21,50419.75,681,0,0,2,0
52,38565.62,739,11,0,0,0
38,79087.41,561,5,0,2,0
38,56713.31,701,8,0,0,0
19,37105.52,697,7,1,2,0
38,23283.15,643,7,1,0,0
47,85176.48,633,9,0,0,0
23,33791.6,621,8,1,0,1
45,50819.34,691,17,0,1,0
41,158942.83,770,9,0,0,0
32,73185.66,775,9,1,1,0
50,109707.7,590,4,0,1,0
18,37456.58,665,9,2,1,0
44,83741.35,504,2,0,0,1
59,49678.85,688,13,1,0,0
57,58865.38,727,0,0,1,0
44,134648.22,805,3,1,1,0
36,42645.5,537,0,0,0,1
32,49495.01,592,10,0,1,0
36,31206.84,691,5,0,0,0
46,76437.93,550,11,1,0,1
30,37037.51,693,3,0,2,0
49,81744.61,729,10,0,0,0
65,21483.56,577,10,0,0,1
39,64493.46,690,9,0,0,0
23,35530.73,583,8,1,0,1
23,70633.43,790,8,0,2,0
49,48689.58,696,3,0,1,0
39,37508.79,628,2,0,2,0
50,40405.46,580,10,1,1,0
33,32042.1,711,6,1,0,1
49,74525.3,788,10,1,1,0
38,29018.28,618,15,0,0,0
31,42892.86,644,5,1,0,0
35,58257.01,619,4,0,0,0
25,109836.4,804,6,0,0,0
63,48793.42,527,8,1,0,0
38,43423.01,782,11,1,0,0
47,56208.17,649,7,0,1,0
33,17383.35,674,18,0,1,0
27,26921.41,652,10,1,0,1
37,40632.23,699,11,0,1,0
53,34321.09,621,7,1,0,0
33,22017.29,764,13,1,0,0
29,75273.94,767,6,0,1,0
41,55819.49,601,4,1,0,1
45,52582.18,733,12,1,0,0
59,34648.32,651,7,0,0,1
44,51005.89,684,9,0,1,0
47,63400.35,802,12,0,1,0
48,42939.7,626,8,0,1,0
26,61223.48,754,7,0,0,0
28,32924.42,716,5,1,0,0
26,51469.4,664,13,0,0,1
24,86790.21,709,6,1,2,1
49,90763.26,699,7,1,1,1
43,95205.63,587,9,2,0,0
40,56544.56,631,9,0,0,0
18,49801.83,596,13,0,0,1
64,39167.62,657,7,0,2,0
29,19855.92,787,14,0,2,0
64,25022.99,726,6,1,0,0
22,45070.02,565,9,0,0,0
30,46437.18,658,7,1,0,0
18,99320.92,698,18,0,0,0
44,94598.75,739,6,0,0,0
26,34778.58,627,6,0,1,0
27,73803.6,581,8,0,1,0
23,38617.68,675,6,0,0,0
49,68961.81,725,9,0,1,0
48,73350.81,698,14,3,0,1
61,91221.55,609,8,1,1,0
31,38318.13,820,8,0,0,0
42,81401.73,672,6,0,0,0
24,19217.81,695,5,0,1,0
35,93723.84,627,8,0,2,0
33,48411.45,768,8,2,0,0
45,48929.51,725,13,1,1,1
52,17699.32,705,3,0,0,0
51,40362.93,587,15,0,1,0
29,96542.61,767,7,0,0,0
51,39602.56,740,8,0,1,0
39,70033.67,761,2,0,0,0
36,49875.12,682,10,0,0,1
31,83394.24,674,3,3,0,0
33,53946.63,665,9,0,1,0
60,30763.81,850,9,1,0,0
43,50424.14,636,6,0,2,0
42,109164.2,585,0,2,1,0
36,62869.88,650,18,1,0,1
69,46248.15,637,2,0,0,0
55,151428.96,780,9,0,0,0
31,87518.71,571,4,1,1,0
36,73744.89,635,13,0,1,0
37,57450.05,695,6,0,0,0
41,70624.82,781,4,0,0,0
31,71780.35,737,10,1,0,0
45,16458.42,809,1,0,0,0
57,59722.74,707,5,3,0,0
24,45233.67,663,11,0,1,0
26,38181.71,748,15,2,2,0
34,44457.16,570,3,1,1,0
34,22518.12,543,4,1,0,1
63,19884.48,758,9,0,2,0
52,91422.89,696,0,0,0,1
51,61764.18,757,14,0,0,0
36,14669.03,611,3,1,1,1
36,36746.85,782,5,0,0,0
22,76135.95,733,9,1,0,0
49,42616.33,677,8,0,1,0
45,91354.47,696,3,0,0,0
55,82857.36,707,16,0,0,0
37,24875.64,611,0,0,1,0
38,45630.79,649,2,2,2,0
42,39181.32,706,4,0,0,1
50,24474.35,645,3,1,0,0
22,23691.29,562,14,0,0,1
48,32760.84,703,0,3,0,0
39,35579.94,746,15,0,1,0
27,56478.48,765,6,1,2,0
18,82628.24,722,1,1,1,0
38,63374.86,745,0,1,2,0
57,71338.12,759,6,0,0,0
60,42902.75,686,4,2,1,0
44,66270.5,510,9,2,2,1
63,45515.7,772,5,0,0,0
39,39311.16,608,12,1,0,1
51,126569.96,589,7,2,1,0
34,15287.06,591,5,2,1,0
33,19213.1,850,12,2,1,0
31,59358.46,715,9,0,1,0
18,42937.84,596,11,0,0,0
55,23896.99,625,13,0,2,0
32,28931.74,679,6,0,1,0
30,30877.93,723,8,1,0,0
25,76585.9,702,12,0,0,0
37,89877.71,605,0,0,1,0
61,111277.38,705,7,2,0,1
65,22147.82,631,6,1,0,0
20,24746.47,763,9,3,1,0
35,23913.22,684,3,0,2,0
27,93379.63,619,13,0,0,0
51,60392.02,735,4,0,1,0
43,51026.46,710,5,0,2,0
32,54984.93,642,4,0,0,0
40,47648.71,738,14,1,0,0
34,27985.14,730,0,0,0,0
59,63359.9,776,16,1,0,0
46,44664.34,736,15,0,0,0
48,26898.86,662,5,1,0,0
18,65325.83,544,13,0,0,0
39,39620.67,694,8,0,1,0
64,54925.98,707,16,0,0,0
55,46051.26,684,12,0,0,0
18,76549.23,439,18,0,1,0
36,54725.3,734,0,1,1,0
25,31512.83,607,8,0,1,0
60,57584.09,734,0,0,0,0
42,58532.91,816,5,1,0,0
30,63301.64,659,19,2,1,0
40,82284.43,715,10,1,2,0
18,36026.45,682,12,1,1,0
26,68457.46,722,10,1,0,0
40,20693.84,688,10,0,0,0
50,46166.4,638,5,0,1,0
18,42730.58,607,4,0,2,0
35,101105.78,807,5,1,1,0
52,45334.89,715,0,0,0,0
22,66436.0,746,7,0,0,1
42,20314.92,711,9,1,0,0
40,41114.7,758,4,2,1,0
60,32106.7,608,7,0,0,0
37,169017.17,686,10,2,0,1
37,35122.65,720,12,0,0,0
50,50850.21,783,2,0,2,0
24,52223.5,850,4,1,0,0
37,22142.65,712,11,1,0,0
34,37683.68,627,10,0,0,0
38,60017.01,584,14,0,1,1
50,51167.57,607,14,0,0,0
46,15518.6,618,20,1,1,0
31,36919.84,447,6,1,1,0
41,81667.45,625,15,0,0,0
57,65782.65,737,3,0,2,0
30,90130.75,686,19,0,0,0
41,29946.76,659,10,1,1,0
37,93010.23,550,10,0,1,0
39,47944.39,764,12,0,0,0
20,108674.37,720,1,1,0,0
56,49101.86,678,2,2,1,0
30,17610.71,503,8,0,0,0
52,74953.81,640,9,0,1,0
32,39271.06,714,18,1,1,1
32,40614.69,677,3,1,1,0
54,23705.25,695,15,1,0,0
51,110315.5,734,6,1,0,0
42,37776.76,692,6,1,1,0
49,107744.49,731,7,0,1,0
36,39512.74,612,6,0,0,0
39,30826.42,582,10,0,0,1
32,94822.75,718,6,0,2,0
50,47255.89,734,0,0,0,0
31,47487.13,721,6,0,1,0
57,25827.29,690,10,0,1,1
36,38994.98,654,0,0,0,0
40,60739.4,696,10,0,0,0
49,25601.6,710,13,1,1,0
40,37438.55,715,15,1,1,0
36,39726.62,850,9,1,2,0
39,50676.64,606,0,0,0,0
50,102721.82,850,11,0,0,0
32,42193.58,579,12,0,0,1
38,34708.84,710,4,0,0,0
40,193529.52,584,7,0,0,0
50,39474.39,704,10,1,2,0
38,44563.52,758,16,0,0,0
61,40989.73,682,6,0,0,0
38,42685.54,757,12,0,0,0
37,50964.14,646,9,0,2,0
37,77683.51,516,8,0,0,0
24,59993.64,730,14,1,1,0
27,83997.96,682,3,1,1,0
33,82620.6,641,9,1,1,1
53,54408.52,647,8,1,0,0
39,59169.17,712,0,1,1,0
34,85337.42,614,14,0,0,0
54,28124.46,710,12,0,0,0
58,170946.45,775,8,0,1,0
55,37937.96,844,6,2,1,0
29,41131.01,792,8,2,0,0
34,26743.57,692,11,1,1,0
61,27144.36,700,8,0,1,0
42,79779.12,647,4,1,2,0
36,152526.96,642,5,0,1,1
48,36915.25,749,7,0,0,0
52,58317.54,655,3,2,0,1
33,54725.4,709,9,0,0,0
42,80831.52,602,4,1,0,0
51,148651.1,789,3,0,1,0
26,104871.04,654,23,1,1,1
40,43506.71,767,17,0,0,0
26,63855.87,623,8,0,1,0
28,67106.01,619,12,0,0,0
33,48530.84,786,13,3,1,0
45,28340.07,629,7,0,0,0
36,32879.74,554,9,0,1,1
32,87035.93,596,6,1,1,1
40,91642.83,748,14,2,0,0
26,44188.34,740,14,0,0,0
45,55855.75,618,15,1,2,1
53,89199.61,629,9,0,0,0
39,20907.55,733,18,1,0,0
37,39215.36,785,7,0,1,0
44,134448.39,674,18,1,1,0
18,56934.33,724,5,0,1,0
46,27872.39,749,1,1,2,0
77,51981.4,850,18,0,0,0
38,81692.53,587,11,2,1,1
38,13721.7,626,10,1,0,0
48,53537.78,639,6,1,2,0
59,40692.24,746,3,1,1,0
51,21568.75,659,4,0,2,0
18,51070.57,704,8,0,1,0
46,45787.2,689,7,1,1,0
70,48433.88,680,0,0,2,0
47,41186.66,688,16,0,0,0
26,29417.09,762,5,0,0,0
43,23685.03,602,14,0,2,1
24,34705.55,668,4,2,2,0
54,75329.42,582,8,2,1,1
28,55079.63,698,12,1,0,0
40,47354.32,664,12,0,0,0
29,29147.25,765,6,1,1,0
33,40661.73,679,10,1,1,0
57,70868.32,644,11,0,0,0
41,63094.69,660,7,0,0,0
33,38615.17,817,2,0,0,0
26,13283.78,554,4,0,0,1
18,34981.55,629,6,0,1,1
24,38509.21,682,8,0,0,0
41,31146.18,629,15,0,0,1
51,39871.3,719,12,0,0,0
33,73738.11,675,3,0,1,1
58,48115.12,700,17,2,1,0
31,80406.32,689,7,2,1,0
37,23059.06,671,11,2,1,1
27,42085.9,576,3,0,0,1
51,18592.04,694,5,1,2,0
65,39605.02,538,13,0,0,0
18,29061.55,626,3,0,0,0
35,93025.27,719,8,0,0,0
55,60165.6,775,10,0,2,0
22,81423.14,850,2,0,0,0
46,39550.2,645,0,1,0,0
54,29440.92,610,12,2,0,0
40,28975.86,721,22,2,2,0
46,55978.31,829,10,0,0,0
61,121185.87,802,11,0,0,0
63,60245.98,597,3,1,0,1
39,40644.39,668,15,1,0,0
33,44605.59,748,6,2,2,0
28,48259.59,753,13,0,0,0
51,135039.32,727,11,0,0,0
23,90835.39,644,11,0,1,1
36,55825.14,726,10,2,1,0
41,51785.53,754,10,0,2,0
33,56935.63,605,9,0,0,0
43,62764.06,786,12,0,0,1
70,39870.86,759,4,0,2,0
38,32143.34,620,6,2,0,1
34,82134.23,753,15,1,0,0
52,49562.58,745,8,0,2,0
42,78776.02,748,6,1,0,1
57,111644.99,806,13,0,1,0
41,63596.1,679,12,0,2,0
37,58645.98,706,1,2,1,0
18,242831.12,468,11,1,2,1
20,54366.86,769,8,0,1,0
18,28416.54,761,11,0,1,0
44,42590.54,788,8,0,1,1
23,106493.83,605,10,1,0,1
55,25665.84,756,0,0,0,0
40,33650.06,761,3,1,1,0
37,85238.92,627,11,1,0,0
29,42795.56,764,21,0,0,0
47,46391.76,717,9,0,1,0
30,83841.75,544,4,1,0,0
28,34255.05,726,8,0,1,0
54,23522.17,618,3,0,2,1
44,24478.66,545,14,2,0,0
37,65571.09,709,8,1,0,0
47,55802.06,674,13,0,1,0
40,34673.01,792,7,0,0,0
44,27463.25,694,13,0,0,0
30,42817.98,742,0,0,0,1
64,85670.06,720,8,1,0,0
33,32276.38,761,10,1,1,0
58,35194.95,609,6,1,0,0
37,27030.99,695,9,2,1,1
49,40794.13,668,9,0,1,0
48,58048.81,732,13,2,0,0
53,141150.87,700,11,0,0,0
29,54660.18,630,9,1,0,0
52,47722.63,652,12,0,1,1
62,75468.32,811,1,1,0,1
36,69432.32,544,4,0,2,0
40,36723.41,736,1,0,1,0
33,154976.7,779,10,1,1,1
35,48426.78,726,10,0,2,0
60,55170.72,837,14,1,0,0
27,64580.92,755,9,0,0,0
28,58275.45,710,4,2,0,0
59,105103.29,642,8,0,1,0
47,36499.2,712,0,0,0,0
65,72525.33,734,5,1,2,0
34,53225.04,680,0,0,2,0
41,80126.47,620,9,2,1,0
32,44024.75,583,6,2,0,1
41,41142.31,694,7,0,0,0
18,70688.4,561,3,0,0,0
48,58629.7,642,4,0,0,0
43,32527.88,485,11,1,1,1
39,96067.48,746,0,0,0,0
35,70703.81,772,10,0,2,0
29,47235.35,686,3,1,2,0
48,38788.71,826,0,2,0,0
25,58809.9,787,14,0,1,0
46,68202.92,718,14,1,0,0
64,22091.82,670,5,1,1,1
57,59150.51,652,5,1,1,0
21,67933.01,724,6,0,1,1
33,15120.03,668,3,0,1,0
45,54073.25,723,4,0,0,0
39,69376.58,729,10,1,0,0
23,65541.52,661,18,0,2,0
44,73220.02,767,6,0,2,0
39,41615.03,661,13,0,1,0
62,29145.24,681,9,1,0,0
36,19932.92,601,0,0,1,1
54,84635.72,658,7,0,0,0
24,69670.53,850,7,0,1,0
27,87925.44,607,15,1,0,1
48,34112.85,715,15,0,2,1
53,73270.86,643,9,0,2,0
28,23124.77,502,14,0,2,1
40,31737.47,724,7,0,2,0
23,52207.87,635,13,0,0,0
37,68295.82,705,8,1,0,0
50,113494.11,759,13,0,1,0
34,43476.16,698,13,2,0,0
37,31796.93,706,11,1,2,0
26,30990.18,610,4,1,0,0
32,34754.94,736,5,0,0,0
61,148823.07,664,11,2,1,1
40,71570.4,520,12,0,0,1
27,85499.51,746,8,1,0,0
36,43499.61,770,6,0,1,0
20,48980.41,798,8,0,1,0
27,69538.25,850,6,1,0,0
56,38066.91,741,6,1,0,0
38,42376.37,721,17,0,1,0
62,34984.06,767,5,1,1,0
38,39193.01,609,10,0,1,0
39,50236.11,546,8,3,1,1
47,32504.86,641,1,1,0,0
18,56556.16,782,1,0,0,0
42,56516.67,627,7,0,1,1
39,44818.47,717,0,0,0,0
57,32411.55,725,17,0,2,0
51,51662.19,699,6,0,2,0
26,38083.93,577,5,0,0,0
54,50176.25,707,14,2,0,0
36,84885.94,646,7,4,1,0
29,26200.4,816,11,1,1,0
42,145327.22,770,5,2,0,0
37,47275.06,649,8,0,1,0
58,60229.63,821,12,0,0,0
44,33645.18,707,3,0,0,0
42,86777.77,546,10,0,0,0
50,46036.36,673,0,0,0,0
53,40253.04,810,14,0,0,0
49,36762.83,614,5,2,1,0
57,42862.56,674,7,1,0,0
47,60425.93,571,7,2,0,1
42,53444.84,583,3,0,1,0
54,48053.49,613,2,2,1,0
38,34347.66,581,10,0,0,0
40,33370.02,630,10,2,1,0
60,38931.65,819,3,0,0,0
59,61706.09,677,10,0,2,0
39,68263.46,742,10,0,0,0
34,73022.44,767,6,1,0,0
57,48984.86,591,1,0,0,1
49,59384.05,613,7,1,0,1
43,45061.1,741,9,1,1,0
36,20513.76,629,7,0,2,0
43,44004.03,735,5,0,1,0
39,40633.04,814,10,1,0,0
32,29157.79,563,14,1,1,1
41,36912.4,651,4,0,0,0
43,52446.33,664,6,0,1,0
35,27816.28,637,21,2,0,0
50,34358.59,631,9,0,1,0
55,106292.61,640,1,0,0,0
51,21996.68,678,5,0,2,0
36,44730.41,693,4,1,0,0
49,27360.22,756,9,0,1,0
40,33663.91,677,9,1,0,0
25,44406.07,769,4,0,0,0
48,29917.89,632,17,0,1,0
41,65314.24,583,8,0,1,0
71,96333.88,655,5,2,0,0
57,74670.4,716,1,0,1,0
48,81822.42,748,3,0,1,1
42,24590.91,796,1,0,0,0
41,43410.84,703,7,1,0,0
27,61926.94,740,3,1,0,1
19,75780.44,789,11,1,0,0
29,117792.1,617,5,0,0,0
39,83660.3,663,12,1,1,0
18,76745.06,850,10,1,1,0
33,182918.83,748,11,1,0,0
37,51439.13,720,12,2,0,0
37,42424.05,751,17,2,0,0
32,53566.49,573,3,2,0,1
35,31022.67,628,12,0,2,0
60,50706.88,599,9,0,0,0
47,20672.8,713,13,3,0,0
33,37618.1,650,8,1,1,0
39,46273.89,687,13,3,0,1
39,78811.77,655,1,3,1,0
30,85437.92,549,2,0,1,1
30,30278.45,750,5,0,2,0
52,138415.69,539,7,0,0,1
34,52795.79,621,8,1,1,0
26,55272.04,574,4,2,0,1
39,21832.46,609,3,0,0,0
41,35953.13,696,4,1,0,0
18,82860.35,778,0,0,0,0
39,53363.87,555,6,1,0,1
50,51735.91,635,7,2,0,0
45,54917.43,540,10,0,0,0
66,23822.79,631,8,0,1,0
55,46709.17,685,16,1,1,0
57,99127.8,741,12,0,1,0
73,84402.63,510,11,1,1,1
49,46046.19,724,9,1,0,0
41,107133.86,602,10,0,0,0
51,26119.85,582,6,1,1,1
33,30156.36,685,8,0,0,0
41,124468.9,730,17,0,1,0
32,65446.39,671,7,1,0,0
44,42427.68,592,1,1,1,0
32,47683.5,671,11,1,1,0
31,32750.86,621,12,1,0,1
44,56291.36,728,8,0,2,0
38,54105.67,766,0,0,0,0
18,49510.61,760,14,0,0,0
22,27450.01,678,9,0,1,0
26,55959.2,769,6,0,1,0
29,37618.24,598,13,3,0,0
44,29941.82,822,0,0,0,0
42,92352.79,597,8,0,0,0
52,145053.9,517,5,2,0,1
49,129483.67,789,15,1,1,0
52,67850.46,623,9,2,1,1
47,42924.9,689,3,1,0,0
42,47326.34,597,13,0,0,0
53,60042.09,850,0,0,1,0
51,39730.57,825,10,1,1,0
44,94788.66,803,1,0,1,0
55,17714.46,687,5,0,1,0
18,42282.87,758,6,0,1,0
36,73169.63,675,12,0,0,0
36,32125.98,769,19,0,1,0
53,43474.31,647,0,1,1,0
58,65961.18,806,10,1,2,0
22,104729.34,643,19,0,1,0
56,25668.78,652,5,1,2,0
25,24734.71,642,4,2,1,0
26,30545.87,695,9,1,0,1
37,22725.25,648,12,0,1,0
36,23548.34,718,11,1,1,1
21,30141.84,641,6,1,1,0
47,90830.17,743,3,1,0,0
48,41938.59,801,14,0,0,0
52,49795.88,686,4,3,0,0
34,30402.13,850,0,1,0,0
39,67290.11,770,0,0,1,0
39,125226.83,850,5,0,1,0
60,31450.97,675,15,0,0,0
18,116119.39,547,2,0,1,0
28,58818.53,623,15,1,1,0
40,49435.88,631,14,0,2,0
26,59877.85,603,9,1,2,1
36,59591.2,504,0,0,1,0
38,124063.92,761,2,0,1,1
32,63583.57,531,4,0,0,0
40,64251.07,754,16,1,1,0
47,39705.7,850,5,0,0,0
37,74573.36,617,4,0,2,0
34,30381.12,711,8,0,1,0
38,51766.68,648,0,0,1,0
39,207241.86,746,7,0,1,0
19,14015.3,584,4,0,1,0
45,55081.74,669,21,1,1,0
34,56151.66,769,3,0,0,0
55,43737.25,676,17,1,0,1
47,44255.74,549,2,0,2,0
54,51313.28,779,9,1,1,0
27,43217.4,576,10,2,0,1
35,54775.04,686,8,0,0,1
25,38414.67,726,8,1,0,0
31,134752.68,689,12,0,2,0
55,43217.17,850,10,1,2,0
57,65173.34,738,7,1,0,0
26,35083.35,663,4,1,0,0
34,78164.55,728,7,1,0,0
39,70737.7,696,7,0,0,0
47,60453.52,683,7,2,0,0
18,29329.01,699,8,0,1,0
20,33651.01,645,0,1,1,1
45,113901.18,697,2,1,0,0
18,33465.26,639,12,0,0,0
34,67538.36,528,0,0,1,1
41,30566.64,771,13,0,0,0
44,81161.12,634,5,1,0,1
38,34780.12,691,16,1,0,0
35,30284.95,619,14,1,1,1
50,34331.85,621,6,0,0,0
43,37164.11,596,6,1,1,1
32,60014.21,755,15,1,2,0
40,50751.27,775,14,0,0,0
44,28351.12,682,12,0,1,0
60,48340.57,637,13,0,1,1
49,27674.02,544,2,3,1,0
54,67628.09,743,9,2,0,0
32,74120.8,625,4,1,0,1
33,48437.34,590,2,1,1,1
37,56152.51,682,8,0,0,0
38,117719.75,653,5,0,1,0
27,45306.17,558,7,2,1,0
55,30572.95,569,5,3,2,1
50,65486.39,706,1,0,1,0
36,27824.53,627,16,1,2,0
47,44122.08,720,8,0,2,0
42,36333.85,691,0,0,0,1
48,34512.96,763,8,1,0,0
23,43258.81,613,15,3,0,1
38,76875.74,698,12,0,0,0
39,85206.62,731,5,2,0,0
47,77893.9,629,5,0,1,0
32,57998.77,770,3,1,1,0
18,43094.11,546,4,0,0,0
27,15079.44,613,4,0,1,0
39,58913.79,543,0,0,1,1
40,15683.02,621,5,0,1,1
60,18738.14,667,9,0,1,0
46,45214.19,746,5,1,1,0
40,55954.19,667,9,0,1,0
39,39122.68,632,16,0,1,0
53,105637.17,556,17,0,0,0
32,61762.45,582,7,1,0,0
38,43273.51,704,12,1,1,0
26,98042.37,750,7,0,2,0
57,107211.27,646,5,1,1,1
44,63340.45,776,2,0,1,0
31,33268.66,604,8,1,0,0
38,37229.8,648,13,0,0,0
46,23780.72,655,1,0,1,0
36,47992.09,802,6,0,2,0
33,28997.92,690,6,2,1,0
32,41583.66,536,9,0,0,1
44,55843.04,756,9,0,2,0
35,18181.24,827,10,1,0,0
34,26059.28,660,17,0,1,0
23,38046.94,608,3,2,0,1
40,47750.09,749,3,1,2,0
37,38294.23,837,9,0,0,0
36,42819.16,747,15,0,1,0
42,34437.67,550,0,0,0,0
48,23749.1,740,9,0,0,0
48,37519.82,712,6,2,0,0
46,44064.76,603,12,1,0,1
37,41973.97,783,11,0,2,0
33,51839.0,715,8,0,1,0
27,60442.47,785,10,1,2,0
32,68931.13,595,4,2,1,1
40,35711.38,711,12,0,0,0
30,22294.64,608,14,0,0,0
41,92577.2,699,8,1,0,0
28,59440.02,798,5,0,0,0
20,30414.32,565,7,1,0,0
49,56322.68,570,11,0,0,0
34,83616.6,756,7,0,0,0
29,116376.77,678,2,0,0,0
26,55564.8,773,12,2,0,0
45,83269.31,615,3,1,0,1
56,26774.33,684,10,1,0,0
35,48148.66,735,0,0,0,1
37,41460.39,696,8,0,0,0
52,58179.3,536,7,1,1,0
18,109710.13,850,0,0,2,0
63,55544.77,696,9,0,0,0
69,30673.51,572,2,1,0,1
18,26063.23,705,8,1,0,0
38,111623.85,714,5,0,0,0
31,63379.56,759,0,0,0,0
36,61331.0,754,2,0,0,0
34,41280.04,662,3,0,0,0
49,56046.16,542,12,0,0,0
38,29927.11,716,12,0,2,0
29,59492.12,548,18,0,0,0
37,27243.36,777,5,1,0,0
46,40960.19,621,5,0,1,0
25,35544.95,730,8,2,0,0
20,9617.27,627,6,0,0,1
63,41217.4,640,5,1,0,0
32,31274.76,615,8,0,1,0
38,44126.03,737,11,0,2,0
35,49063.05,630,0,1,1,1
46,118653.88,741,5,0,2,0
61,57088.3,632,0,0,1,0
46,57933.8,661,7,0,0,0
21,62806.06,682,10,0,1,0
23,75803.84,692,13,0,1,0
35,61521.36,606,5,1,0,1
36,56435.66,736,8,1,0,0
19,69956.12,658,0,0,0,0
49,14569.46,723,3,0,0,0
26,139319.59,678,9,0,1,0
57,108539.01,726,1,0,1,0
61,54642.53,647,14,0,0,0
37,24185.21,616,10,0,0,0
45,89785.18,714,3,2,0,0
25,34650.3,640,0,0,0,0
47,64018.06,796,4,0,0,0
34,25810.77,685,3,1,1,0
26,149223.95,570,1,0,1,1
36,23834.55,633,0,1,1,1
34,50741.18,600,6,0,0,1
36,16964.98,765,11,1,2,0
51,48020.76,741,4,0,2,0
30,39630.62,675,10,1,1,0
60,86559.88,703,6,0,0,0
24,39628.76,672,11,0,0,0
59,86622.23,748,4,0,0,0
27,29376.19,721,9,1,0,0
39,42574.86,735,8,2,0,0
34,43003.81,664,14,1,1,0
35,62805.26,629,10,0,2,0
49,58934.81,733,9,0,1,0
57,70341.17,804,0,2,0,0
54,56017.27,768,5,0,0,0
35,68231.21,806,3,0,0,0
42,31290.44,692,3,0,0,0
30,59539.74,602,8,1,0,0
28,109546.34,609,9,1,0,0
26,21162.87,790,9,0,0,0
34,62598.96,531,14,0,0,1
42,68760.85,800,10,1,2,0
18,101782.47,616,1,0,1,1
39,70475.72,833,9,0,2,0
58,51542.29,674,10,0,1,0
53,60781.25,737,14,2,0,0
32,33944.46,850,7,0,0,0
23,40377.01,653,7,0,1,0
45,25138.32,652,13,0,0,0
18,103106.2,624,8,0,1,1
53,61394.69,599,0,0,0,1
37,31006.24,653,0,0,1,0
61,56144.19,635,17,0,0,0
19,87524.48,579,0,0,0,0
51,80530.89,663,7,0,1,0
38,30828.06,715,12,1,0,0
36,10230.01,608,0,0,2,0
23,59736.17,667,2,2,1,1
47,31462.93,792,1,1,1,0
48,66914.02,566,17,0,0,1
61,78836.8,834,18,0,1,0
52,85546.6,626,4,0,0,0
32,117285.95,696,10,0,0,0
27,90960.3,782,9,2,1,0
23,117568.26,806,6,1,0,0
57,97687.63,717,0,1,1,1
30,102038.84,624,19,1,1,0
57,48029.27,617,0,0,2,0
46,25728.04,634,9,0,0,1
43,169589.34,831,4,1,0,0
36,50588.34,649,13,2,2,0
47,90613.1,705,12,0,0,0
39,37229.72,596,3,0,0,0
35,79376.78,587,4,0,0,0
48,14436.55,682,0,2,0,1
38,39925.81,654,8,0,0,0
30,46667.09,659,11,3,1,1
47,61778.11,561,5,0,1,0
39,83785.26,674,6,1,0,0
45,28365.49,803,17,0,0,0
34,68185.29,611,12,2,0,1
25,90520.67,751,14,1,1,0
60,158412.2,402,0,1,0,1
58,69794.74,615,10,0,0,0
50,38958.3,527,9,1,1,1
35,25954.95,778,1,1,1,1
36,122345.12,750,2,0,0,0
56,70874.85,597,6,0,1,0
35,48485.12,703,1,1,0,1
32,21809.28,776,4,0,1,0
62,30773.46,788,5,0,1,0
39,67215.57,647,10,0,0,0
61,58507.87,503,4,0,1,1
23,18524.22,608,5,0,1,0
46,67259.01,741,13,1,2,0
64,22376.84,847,0,0,0,0
40,96471.66,675,9,2,2,0
36,54408.62,631,9,0,0,0
25,38882.1,850,10,0,0,0
52,80424.74,712,5,0,1,0
30,58498.11,581,2,0,2,1
38,95079.04,670,15,2,2,0
25,51033.51,759,3,1,0,0
58,52544.18,674,2,0,0,0
53,42504.91,743,8,0,0,0
39,55909.16,551,4,1,2,0
26,114573.92,565,13,0,2,0
58,38124.71,621,6,0,0,0
35,67776.96,657,13,2,0,0
26,31564.18,706,10,0,1,0
18,17441.96,730,6,3,0,1
32,54378.78,850,13,1,0,0
22,58994.69,620,4,0,1,0
32,46396.27,654,6,1,0,1
48,23202.32,623,10,0,1,0
35,57076.66,766,9,0,2,1
44,56002.79,770,4,0,0,0
31,31432.88,644,0,1,1,0
40,24915.72,845,7,1,1,0
63,43209.08,623,4,1,1,1
35,67945.73,762,8,0,2,0
44,60374.82,796,5,0,0,0
21,31557.97,571,4,0,2,1
58,52494.44,726,6,1,1,0
34,76386.65,461,7,1,0,0
52,27273.4,745,11,0,1,0
38,50593.46,591,10,1,1,1
47,95781.08,725,18,0,0,0
48,25913.88,740,8,0,1,1
34,87357.41,769,4,0,0,0
53,110149.49,751,7,0,0,0
30,43866.11,684,10,1,1,0
49,41294.96,649,13,2,1,0
35,82170.14,674,14,2,1,0
44,44664.52,590,2,0,1,1
34,15114.91,663,14,2,0,0
40,46658.14,656,7,0,1,0
27,62019.37,616,3,0,0,0
42,70972.09,540,6,1,0,0
40,31561.25,577,14,1,0,1
33,42834.51,427,10,0,2,1
39,79893.81,655,1,2,0,0
41,47572.05,708,1,1,1,0
32,22825.44,465,1,1,1,1
38,91018.59,698,4,1,0,0
27,44044.0,670,8,1,0,0
68,84593.22,585,2,1,0,0
52,24398.37,645,5,2,0,0
43,46143.28,764,15,2,0,0
54,63251.11,602,16,1,0,0
18,46930.71,686,15,0,1,0
18,27132.75,707,0,1,0,0
35,14862.53,614,16,0,0,0
23,104991.28,760,8,1,0,0
37,55493.38,712,8,3,0,0
42,87851.27,659,13,1,0,0
51,77989.9,850,11,0,0,0
26,66066.92,761,0,1,2,0
44,41744.85,545,4,1,1,1
40,62622.72,648,6,0,1,0
44,100334.86,850,1,0,1,0
33,51098.25,601,12,0,0,0
56,126861.41,685,15,1,1,1
38,23162.48,778,7,0,0,0
61,21950.51,732,9,0,0,0
30,80341.18,743,7,0,0,0
48,32553.12,739,8,0,1,0
39,136171.24,682,13,2,1,0
36,95671.02,616,0,0,1,0
47,108421.94,714,10,0,1,0
36,76283.97,647,8,0,0,0
18,30921.54,641,4,1,1,0
18,21382.52,798,5,0,0,0
55,103533.17,649,17,1,0,1
54,23160.79,816,1,0,0,0
62,108276.44,700,7,1,0,0
39,68514.96,667,16,0,1,1
24,47187.0,534,1,1,1,1
34,61146.25,849,5,0,1,0
40,61861.02,679,8,1,2,0
27,44302.43,498,10,1,0,0
59,99991.82,759,7,0,1,0
66,98292.25,675,3,0,0,0
45,52988.47,605,10,0,0,0
39,36315.6,754,7,0,1,0
24,94181.31,476,11,1,1,1
58,17831.46,622,12,0,1,0
40,61202.68,656,0,1,0,0
36,70954.04,748,13,1,1,0
45,32397.1,850,6,1,1,0
32,79769.2,660,12,2,0,1
41,48378.32,716,10,1,0,0
22,37314.97,850,17,1,0,0
53,79349.04,680,8,2,0,0
38,28485.71,717,5,0,0,0
53,75704.79,581,5,0,0,0
37,18193.63,836,2,1,0,0
38,56548.4,622,12,0,0,1
25,50107.3,701,2,0,1,0
49,37427.17,699,11,0,1,0
29,59564.34,686,6,0,0,0
34,47108.79,645,0,0,2,0
40,83062.43,699,15,1,0,0
41,64865.78,820,0,0,1,0
19,61472.62,850,7,0,1,0
37,56722.75,665,9,2,1,0
49,38712.46,644,0,1,0,1
35,42154.56,615,10,0,1,0
37,55498.31,850,4,1,0,0
41,44950.64,690,6,0,0,0
38,85453.39,769,14,0,0,0
27,51365.66,735,8,1,0,0
39,59158.96,850,6,1,0,0
51,24310.36,660,7,0,0,0
27,78559.78,591,16,0,0,0
35,36658.96,828,10,0,1,0
23,29105.23,752,3,0,1,0
51,111646.51,716,5,0,1,0
38,69481.15,802,2,0,1,0
29,79901.34,721,5,1,0,0
41,61528.03,805,16,1,0,0
25,46789.99,699,7,3,1,0
27,42625.08,752,1,0,0,0
22,72370.58,722,10,2,1,0
27,86358.24,653,6,1,1,0
56,47377.76,663,10,3,1,0
31,138174.33,648,6,1,0,0
45,44415.36,701,15,0,0,0
29,24416.05,643,3,1,1,0
49,20727.96,714,2,1,0,0
27,21080.68,712,12,0,0,0
40,39858.63,696,0,0,0,0
40,43651.42,697,7,1,1,0
67,68961.24,634,12,1,2,0
47,48324.6,657,0,1,0,1
32,74733.63,546,8,0,0,0
48,50133.58,670,0,0,1,0
65,49353.34,601,0,0,0,1
20,36726.09,687,2,1,0,0
29,99837.01,622,7,2,2,1
37,22794.12,515,4,2,2,0
34,56991.37,850,13,1,1,0
36,44764.68,661,8,0,0,0
24,72466.33,795,5,0,0,0
56,48512.91,637,1,0,0,0
22,49233.12,815,9,0,1,0
37,42902.28,587,18,0,0,0
52,98383.48,694,4,0,0,0
39,49079.81,592,5,1,2,0
28,131245.59,850,2,0,2,0
23,56169.18,660,13,0,0,0
37,49557.06,746,12,0,1,0
30,45585.12,716,5,1,2,0
42,64998.76,677,5,0,2,0
23,36526.87,721,3,1,1,1
49,52726.38,788,6,0,0,0
41,49220.65,733,13,1,1,0
42,57677.58,692,8,1,0,0
57,58396.73,721,14,0,0,0
34,59933.89,833,4,2,2,0
31,51403.03,646,0,1,1,0
33,107416.79,531,21,2,2,1
37,60553.61,592,9,0,0,1
38,180411.05,598,11,1,1,0
30,50258.03,609,4,1,1,0
18,79178.23,612,1,0,0,1
33,34097.37,678,8,0,2,0
44,98754.73,699,0,1,1,0
41,34470.46,698,6,2,1,0
54,61570.55,621,13,0,2,0
63,42949.76,759,10,0,1,0
49,61451.52,722,9,0,0,0
56,43590.82,806,16,1,0,0
49,33036.67,747,9,1,1,0
60,42796.17,652,0,0,0,0
62,105957.15,784,7,1,1,0
51,61922.45,701,17,0,0,0
48,25734.17,743,6,2,1,0
37,84769.52,737,17,1,1,0
39,31389.95,670,13,0,1,0
35,71088.41,688,5,2,1,0
47,64639.6,669,2,0,0,0
31,66713.01,611,9,0,1,0
37,123821.29,508,14,0,1,0
18,32392.41,624,0,1,1,1
60,66529.28,695,8,1,1,0
37,92023.04,766,0,1,0,0
45,35536.98,743,6,3,1,0
57,33763.08,657,0,2,0,1
43,42463.76,625,10,1,0,0
57,57662.74,665,4,0,0,0
25,24215.83,601,13,2,1,0
68,64582.64,510,5,0,0,1
53,24241.14,556,4,0,1,0
42,93588.75,789,0,1,2,0
57,63378.72,828,9,1,0,0
25,127589.06,740,10,0,0,0
36,68486.5,675,12,0,2,0
57,42092.29,568,11,1,2,0
18,32881.37,667,10,0,0,0
46,55240.16,728,10,0,1,0
46,48284.93,746,11,0,0,0
63,88704.82,735,12,0,1,0
21,30812.96,776,0,0,2,0
59,134652.28,835,5,0,0,0
33,92724.54,647,0,0,0,0
34,44277.78,850,9,1,0,0
25,120440.42,518,16,0,0,0
26,33138.0,617,12,1,0,0
44,54327.99,696,4,2,0,0
26,25893.95,723,10,2,1,0
48,123412.12,665,9,0,2,0
32,21510.72,640,9,0,2,0
25,23855.72,850,1,1,0,0
33,35690.63,636,14,2,1,0
44,94955.33,598,2,0,1,0
36,79017.33,815,6,0,1,0
40,52105.48,747,12,0,1,0
48,81590.09,767,6,1,1,0
52,46272.04,695,8,0,0,1
36,60549.37,569,8,0,1,0
27,111956.2,686,8,1,0,0
40,43333.9,558,8,1,1,0
45,33416.79,699,9,1,2,0
22,62018.37,732,8,0,1,0
29,70978.84,766,3,0,2,0
31,51804.06,672,0,0,1,1
37,80958.39,739,12,0,1,0
30,44327.94,607,13,0,0,0
48,52248.84,757,9,0,0,0
20,59117.81,733,9,0,2,0
21,56595.26,615,3,0,1,0
35,109824.16,722,0,2,1,0
37,58969.65,767,6,0,0,0
22,42110.35,686,0,0,0,0
32,63830.78,614,8,3,1,1
35,81180.1,694,14,1,0,0
35,72194.4,724,4,0,0,0
41,70221.08,613,5,1,1,1
32,23178.37,599,2,0,0,0
57,14097.37,721,8,2,1,0
45,92747.15,745,7,0,0,0
30,61048.79,850,2,0,0,0
41,48494.77,733,12,0,1,0
41,69366.31,583,21,0,0,0
54,128496.25,843,13,1,1,0
32,99385.91,764,7,1,1,0
49,79309.27,519,7,0,1,0
40,31465.19,597,5,0,0,0
57,33577.27,640,5,2,2,0
55,14865.49,747,12,1,0,0
42,67289.32,489,13,0,0,0
36,85332.75,670,2,0,0,0
46,88884.14,742,9,0,2,0
37,68714.48,453,13,2,0,1
60,45386.35,739,6,2,1,0
40,36969.97,749,6,0,2,1
35,32445.52,612,11,0,1,0
34,45174.48,587,11,0,0,0
25,30064.09,611,10,0,0,1
46,117945.39,466,9,0,0,1
30,25560.77,653,9,1,0,0
53,44421.26,697,6,0,0,0
24,18618.12,582,2,0,0,1
41,56856.02,757,0,0,1,0
53,48962.41,688,10,0,1,0
18,41011.38,700,8,0,0,0
64,30748.87,647,10,3,0,1
34,49081.18,739,3,3,1,0
41,37338.1,783,8,1,2,0
46,45778.33,647,8,0,1,1
48,130446.05,740,14,0,2,0
43,53427.91,741,12,0,1,0
51,63986.9,713,4,3,2,0
46,38861.82,814,10,0,2,0
61,33116.34,621,4,0,1,0
46,48461.32,646,0,1,1,1
63,171435.61,617,16,1,0,1
50,42458.66,738,6,0,2,0
18,58730.76,658,13,0,1,0
71,32396.34,624,4,0,2,1
33,12361.77,813,3,1,0,0
57,33027.12,824,5,1,0,0
40,161192.53,653,9,1,0,0
52,66018.82,570,8,0,2,1
31,111353.17,829,10,1,1,0
47,41197.75,717,5,2,1,0
36,15086.94,713,8,0,0,0
58,28159.65,688,3,0,0,0
45,59785.14,615,15,1,2,0
51,55204.9,646,1,2,0,1
18,48765.97,734,3,0,0,0
38,37604.37,644,5,0,2,0
44,78421.85,714,19,0,0,0
42,38151.74,681,11,2,0,1
51,57177.08,595,3,0,0,0
35,54049.96,809,12,0,0,0
40,40771.92,727,10,0,2,0
54,31550.73,706,9,2,2,0
18,39590.12,724,11,1,0,0
47,125092.77,536,8,1,0,0
35,85495.92,640,8,2,0,1
29,81649.78,557,0,0,0,1
44,33082.78,689,15,1,1,0
54,23888.57,706,5,0,0,1
52,84816.65,691,1,2,0,1
38,77063.39,774,5,0,0,0
50,52502.94,560,5,0,0,1
50,40730.4,616,3,0,0,0
38,23577.02,713,11,1,1,0
31,75636.95,701,12,0,2,0
32,88704.65,574,0,0,1,0
50,34907.39,775,5,0,0,0
39,33479.89,803,5,2,0,0
27,91174.54,714,7,0,1,0
19,35563.24,559,16,1,0,1
49,119315.93,692,3,1,1,0
33,46419.46,707,15,0,1,0
43,40405.42,658,7,1,2,0
54,50138.98,787,15,2,0,0
24,40404.0,670,6,0,0,1
39,86086.35,848,5,1,0,0
37,76336.39,742,7,0,1,0
44,84461.67,702,14,0,0,0
54,53758.65,753,8,0,0,0
24,39019.73,802,9,0,0,0
46,48799.14,751,11,3,0,1
52,39622.47,673,3,1,2,1
37,102058.17,627,9,0,2,0
38,80913.57,590,4,0,1,0
45,46828.09,484,15,0,2,0
44,30846.0,693,10,2,0,1
46,105917.93,648,11,0,1,0
46,52488.12,653,0,0,1,0
28,45931.95,762,11,0,0,0
51,106385.69,671,7,2,1,0
54,37988.0,831,0,2,1,0
42,41795.19,634,8,0,0,1
22,43678.9,602,0,0,2,0
38,25379.97,579,11,1,0,0
42,57403.91,737,15,1,2,1
26,33484.16,772,0,0,1,0
35,36851.04,632,7,0,0,0
23,34467.85,594,7,0,1,0
47,36551.04,802,0,1,0,0
41,32226.45,563,12,1,1,1
20,55470.53,760,11,0,0,0
44,45351.72,634,18,1,0,0
39,50211.74,711,10,1,0,1
46,159037.3,766,3,0,0,1
35,45352.45,718,10,1,2,0
30,66335.06,656,14,0,2,0
30,70219.04,791,5,0,0,0
33,47504.12,703,12,1,0,0
40,56212.79,850,0,0,2,0
41,49530.76,543,15,1,0,0
37,54245.71,542,12,0,2,1
34,36561.15,759,0,0,1,0
35,38288.1,677,9,0,1,0
70,49437.33,743,0,1,0,0
30,18288.87,592,4,0,0,0
33,103573.46,684,11,0,1,0
79,144412.49,716,7,0,0,0
45,53379.13,636,14,0,2,0
23,68373.09,698,8,0,1,0
50,84164.53,571,7,0,1,1
29,25277.38,711,13,1,1,1
50,77974.64,795,6,0,0,0
37,39607.75,580,7,0,1,1
34,154100.78,576,8,0,2,1
59,44617.0,775,7,0,2,0
46,77195.09,574,13,0,0,0
51,44837.2,747,4,0,1,0
45,147023.3,684,3,0,1,0
34,37942.41,646,2,0,1,0
47,87776.09,797,0,0,2,0
54,67059.73,754,15,0,0,0
41,60003.31,702,3,0,1,0
61,54967.85,507,6,2,0,1
50,35118.87,736,15,0,1,0
42,13453.19,594,7,1,0,0
43,83884.49,662,10,0,0,0
41,38391.08,680,0,2,1,0
24,87974.31,831,14,0,0,1
38,58445.44,659,7,0,0,0
42,89333.19,566,2,0,0,0
35,73199.68,797,2,1,0,0
44,14294.82,738,16,0,1,0
40,66665.83,741,5,0,0,0
49,41281.19,799,3,1,0,0
47,87772.68,817,5,1,0,0
42,65880.89,608,8,1,0,0
23,66269.47,568,8,1,0,1
61,42782.25,747,10,2,0,0
38,31060.65,659,9,2,0,0
39,39480.28,666,11,2,1,1
35,19931.44,590,6,0,1,0
34,36491.26,726,18,0,0,0
58,23574.49,712,5,2,0,0
56,23887.95,667,14,2,2,1
45,51960.52,568,5,1,2,0
38,64024.72,776,0,0,1,0
47,48247.69,700,0,0,0,0
40,38200.53,769,9,0,2,0
37,30524.84,511,13,0,0,1
44,41831.44,684,2,2,0,0
34,32496.53,622,3,1,1,1
43,47504.73,682,9,0,0,0
42,22907.83,755,7,0,2,0
47,69609.67,709,5,0,1,0
32,36919.1,681,1,1,2,0
48,59167.55,681,9,0,0,0
29,76390.3,555,11,0,0,0
33,57753.28,607,10,1,2,1
33,73098.52,769,8,1,0,0
27,17442.77,639,2,0,1,0
52,38314.04,771,9,0,0,1
28,85096.26,746,9,2,0,0
31,63235.1,750,1,0,1,0
55,123529.05,706,6,0,0,0
33,114942.84,645,9,2,2,0
37,56942.43,667,7,0,0,1
27,43217.93,731,0,0,0,0
49,30356.95,509,4,1,1,1
50,38642.03,779,4,0,0,0
48,39969.68,639,10,1,0,0
46,36438.29,673,20,1,0,0
40,30971.76,673,8,1,1,0
33,59921.36,676,2,0,0,0
30,114498.82,574,7,2,1,0
55,78169.0,692,8,1,2,0
49,41722.26,727,11,0,0,0
31,81390.55,516,14,0,0,0
40,58298.14,575,14,0,0,0
36,48033.21,751,10,0,1,0
26,46557.28,736,7,2,1,1
42,44357.18,703,15,1,2,0
35,67882.47,625,6,0,2,0
28,52566.54,737,8,0,0,0
22,34056.92,583,6,0,0,1
21,33242.15,669,0,1,0,1
35,57122.42,575,14,1,1,1
38,60738.05,667,11,0,0,0
29,41916.45,597,0,0,1,0
47,27833.54,740,13,1,0,0
39,91627.12,714,6,0,0,0
46,82396.83,634,12,0,1,0
37,18147.93,767,8,1,0,0
30,95778.3,603,1,1,2,1
41,44157.24,677,8,0,1,0
24,53905.81,630,3,1,1,0
46,86604.89,739,1,0,0,0
28,112001.71,731,12,1,1,0
51,80937.51,784,9,0,1,1
35,55299.28,686,15,0,2,0
52,24641.31,443,6,1,1,1
26,17798.76,645,3,2,2,0
31,76044.92,805,11,0,1,0
44,95895.58,654,3,2,0,0
54,32619.89,526,6,1,0,1
59,42834.97,715,10,0,0,0
40,37099.81,721,7,1,0,0
62,36609.02,621,5,0,0,0
36,83908.37,660,0,0,0,1
53,54676.35,612,12,1,1,0
28,43713.44,721,6,3,0,0
45,185120.09,684,11,0,0,0
18,23927.64,586,10,1,0,1
26,64470.02,679,13,2,1,1
45,29013.34,621,6,1,0,0
24,45309.93,796,6,0,1,0
45,52802.78,751,2,1,1,0
50,74779.41,670,5,0,1,0
33,43019.51,686,9,2,0,1
28,40803.61,761,3,0,1,0
34,42636.14,666,9,0,2,0
28,28567.46,740,15,0,1,0
38,67248.83,798,5,0,0,0
41,56424.98,640,1,0,1,0
36,60936.3,811,5,0,1,0
60,47345.57,788,0,0,2,0
31,44514.09,699,14,0,0,0
56,88238.63,644,8,1,2,0
27,81706.86,698,4,0,1,0
40,99449.01,660,5,0,1,0
54,59059.29,616,2,1,1,0
53,96406.8,722,13,1,0,0
34,39813.39,598,17,0,0,1
46,44336.97,652,0,0,0,0
45,89103.19,653,13,2,0,1
33,74735.52,570,6,1,1,0
47,42394.54,732,14,0,2,0
62,29052.82,661,0,1,0,0
45,44268.02,783,9,1,1,0
46,34806.72,660,5,0,0,0
48,116105.18,647,11,0,1,0
22,71683.82,607,8,3,0,1
45,33424.31,683,8,1,0,0
27,29071.24,683,7,1,0,0
32,33217.87,739,15,0,2,1
65,37070.89,685,7,1,1,0
36,45100.55,847,12,0,1,0
31,85585.68,716,11,2,0,1
53,30234.58,601,12,0,0,1
28,154009.35,594,2,1,2,1
34,30587.6,722,11,0,1,0
54,24233.13,598,9,1,0,0
40,114022.65,727,2,0,2,0
21,94904.63,751,6,0,0,0
46,44749.05,753,19,2,1,0
35,59317.89,610,6,1,0,0
58,60071.13,753,6,0,2,0
32,52488.86,705,10,0,2,0
52,25636.19,631,5,0,0,0
61,14171.9,667,8,0,1,0
29,32132.94,717,5,1,2,0
37,121549.54,626,10,0,1,1
44,123959.08,704,7,0,1,0
29,43005.42,795,17,0,1,0
43,30364.15,757,8,0,0,0
37,56334.4,686,6,1,0,0
37,61052.57,698,13,1,0,0
40,66194.97,636,1,0,0,0
40,13856.17,639,16,0,0,0
41,237726.97,557,3,0,0,0
32,86356.33,700,13,2,1,1
33,44403.26,734,15,0,0,1
38,34226.7,674,5,1,0,1
39,80310.27,609,5,0,0,0
34,62799.18,685,7,3,1,1
43,51332.21,787,11,1,2,0
18,61646.23,751,3,0,1,0
31,46334.41,677,7,0,2,0
36,59929.92,843,6,1,2,0
29,70486.85,850,2,1,1,0
59,58201.04,641,2,0,1,0
40,56696.11,660,8,0,1,0
42,98363.99,735,8,1,0,0
34,22058.35,606,4,1,0,0
39,32894.44,747,8,0,0,1
25,49676.16,688,4,0,0,0
37,34032.33,709,14,0,0,0
28,40214.53,633,7,0,0,0
36,93327.57,616,13,2,1,1
18,45502.13,521,0,0,0,1
26,19641.39,798,9,0,1,0
57,39669.15,755,10,0,0,0
49,50466.07,733,7,0,0,1
55,50003.32,707,5,0,0,0
56,64732.5,495,7,0,1,1
48,62143.05,619,11,3,0,1
34,45733.53,659,1,0,2,0
27,26996.98,593,11,0,1,0
53,39317.71,544,9,1,1,1
40,35904.28,601,6,0,0,1
69,42508.02,683,6,0,2,0
35,69257.33,683,8,0,0,0
63,59997.09,752,16,0,1,1
38,74013.51,845,9,0,0,0
56,40455.52,734,3,0,1,0
60,104211.77,665,5,1,2,0
27,68625.49,824,2,0,0,0
34,51850.37,553,0,2,0,1
27,66281.98,513,2,1,1,0
25,34965.59,609,8,2,1,0
48,17079.31,744,14,0,0,0
37,36194.11,693,12,1,1,0
40,71234.21,589,2,1,2,0
46,51026.89,621,4,0,2,0
18,45779.09,580,3,1,0,1
55,32082.95,580,0,0,1,0
35,18436.49,804,7,0,1,0
46,99949.75,668,12,0,0,0
47,44181.11,821,6,0,0,0
56,39546.44,608,1,1,0,1
38,35037.59,719,3,0,0,0
18,91790.24,698,6,1,1,0
40,76166.38,750,11,2,0,0
42,30223.66,700,7,2,1,0
27,87752.14,758,11,1,1,0
41,45590.96,724,7,3,0,1
35,36124.58,592,9,1,0,0
23,42327.56,738,3,1,0,0
48,33135.2,671,4,0,1,0
33,25325.36,617,1,1,0,0
35,72262.85,735,11,1,1,0
34,43899.03,753,6,1,1,0
54,66743.0,641,0,1,1,0
39,56591.08,651,10,1,0,0
40,64490.33,569,12,2,2,0
34,17623.82,535,3,0,0,0
45,31780.87,660,10,0,0,1
56,65165.3,743,6,1,1,1
47,25915.19,634,0,0,2,0
48,59073.19,794,17,0,1,0
47,24456.41,663,6,1,1,0
23,49425.51,663,9,0,1,0
29,109644.13,656,4,0,1,0
37,72207.56,758,6,0,1,0
31,19431.09,603,8,2,1,1
27,74920.72,669,2,0,0,0
18,121919.85,636,16,0,1,0
23,198492.78,635,12,0,0,0
36,62164.41,682,10,1,0,0
39,24779.95,670,7,0,0,0
30,60921.35,764,4,0,1,0
40,108881.65,679,13,0,1,1
34,44643.14,724,11,0,1,0
53,82582.61,693,6,1,0,0
38,32215.36,792,2,2,0,0
48,59052.17,655,0,0,1,0
42,14118.06,656,8,0,0,0
23,30480.19,739,6,1,0,0
38,48871.01,654,13,2,2,0
25,40876.95,719,12,1,0,0
38,25583.2,850,8,1,0,0
31,38184.0,601,7,0,0,0
44,57804.82,802,2,0,0,0
23,46952.24,640,13,0,0,1
40,50537.39,787,7,0,0,0
46,70684.7,734,11,0,0,0
50,41291.78,728,13,0,2,0
30,96721.3,667,5,1,1,1
40,29892.55,659,3,0,0,0
42,128540.75,622,20,0,2,0
58,85521.18,680,10,0,1,0
22,41027.63,665,6,1,0,0
29,42418.53,695,14,0,0,0
73,54359.13,567,6,0,0,0
36,66127.2,681,9,0,1,0
18,84734.16,781,5,1,1,0
33,25076.95,755,7,1,1,0
18,61005.62,681,6,1,1,1
42,17013.17,850,4,0,0,0
49,44862.15,633,9,0,0,0
29,101412.97,673,4,0,1,0
34,24129.62,563,10,0,0,0
51,22034.86,647,6,2,0,0
18,54742.6,823,0,0,0,0
24,98097.25,650,11,0,1,1
37,57681.84,557,11,1,1,0
30,18914.63,749,19,0,0,0
36,21129.72,711,8,1,0,0
24,51476.12,746,8,1,1,1
42,27183.86,656,10,1,1,0
38,52488.17,599,13,1,0,1
46,54067.99,665,12,0,1,0
42,38373.46,724,9,1,1,0
42,121464.48,674,7,0,0,0
22,65856.51,711,12,0,1,1
45,89840.88,637,7,0,0,1
36,77675.17,714,1,2,1,0
38,45477.06,679,0,0,1,0
52,44479.17,623,6,0,0,0
31,42242.83,691,8,1,0,0
56,68909.62,649,20,0,1,0
57,35412.4,729,7,0,1,0
49,116135.92,749,8,1,0,0
28,33761.13,720,5,1,0,0
18,54569.89,549,11,2,0,1
52,43715.57,602,9,0,0,1
41,39128.38,629,4,0,2,0
31,145244.44,616,2,1,1,0
54,39358.72,636,5,0,1,0
29,42093.11,754,3,1,2,0
34,35169.45,735,6,1,0,0
46,50037.11,646,8,2,2,1
26,46599.58,727,5,0,2,0
38,28011.58,706,15,0,0,0
53,39648.76,677,13,0,2,0
42,66492.42,771,6,1,1,0
54,81919.59,627,3,1,0,0
53,49612.61,684,7,1,0,0
40,50488.32,595,7,0,0,0
18,40925.25,599,7,0,1,0
26,38130.86,571,6,0,0,0
49,30952.64,601,2,3,0,1
21,22509.11,686,8,2,1,0
36,34502.14,655,6,2,1,0
44,77035.87,658,6,1,0,0
57,39647.83,656,8,0,0,0
33,41232.85,821,7,0,1,0
32,40833.47,589,8,0,0,1
39,91340.89,580,6,1,1,1
44,30816.6,612,9,0,0,0
38,56304.33,674,4,1,0,0
52,47371.07,721,2,0,2,0
30,50714.31,729,3,3,0,0
41,55391.16,755,4,0,0,0
45,50442.15,671,1,2,0,0
35,72875.73,648,0,0,0,0
50,48308.91,810,10,1,0,0
41,117264.6,457,14,1,2,1
49,50123.24,685,10,0,0,0
42,20915.93,714,5,0,1,0
44,67450.9,829,0,2,0,0
32,59638.01,547,8,0,0,0
32,49825.02,646,0,1,1,1
54,43054.17,571,7,1,1,1
47,17029.3,536,4,1,0,1
27,18519.47,663,0,1,0,1
42,111720.96,746,15,0,0,0
18,36579.7,776,1,0,2,0
33,79444.2,637,6,0,1,0
51,21993.08,733,7,1,2,1
38,29044.11,664,5,0,0,0
41,68824.87,724,10,1,0,1
18,46571.75,772,4,0,1,0
35,64140.65,664,9,0,2,0
44,48687.8,766,9,1,1,0
45,44186.03,582,1,0,0,1
51,34890.79,732,9,0,0,0
37,26983.98,762,2,0,2,0
38,98849.19,754,2,0,1,0
24,107329.04,585,9,0,2,0
37,29162.78,663,5,1,1,0
24,28224.92,704,9,0,0,0
18,41196.7,715,9,1,0,0
26,58117.23,689,0,0,0,0
58,44760.93,794,11,1,0,0
36,62928.85,576,9,1,1,1
42,47828.43,660,5,1,0,0
33,46290.15,544,7,1,0,0
18,163822.59,729,11,1,0,0
51,37699.36,724,6,1,2,0
18,111298.77,850,18,0,1,0
33,101056.15,762,15,0,0,0
39,63072.92,706,8,2,1,0
42,18712.26,700,6,1,2,0
31,49787.97,654,7,0,1,0
18,37897.96,690,4,1,0,0
30,49515.71,702,8,1,0,0
31,28811.12,522,11,1,1,1
30,71548.37,695,1,0,0,1
51,80217.14,688,11,1,0,1
25,87992.97,820,12,0,0,0
43,40494.06,669,10,1,0,1
41,28862.18,618,7,1,0,0
51,58444.96,701,10,0,0,0
38,117952.49,685,14,1,0,0
49,50751.42,669,7,0,1,0
37,61460.41,577,8,0,2,0
45,43588.05,667,18,1,0,0
21,38111.25,633,9,0,1,0
18,68127.62,662,2,3,0,1
44,46488.8,738,12,2,1,0
45,59979.7,626,10,0,0,0
45,63180.65,662,4,0,2,0
33,58323.39,723,2,1,0,0
57,64791.37,658,9,0,0,0
34,32000.19,850,7,0,1,0
45,31038.55,699,1,1,1,0
47,47987.18,580,7,1,0,1
60,48567.96,612,7,1,0,0
36,37753.69,604,7,0,1,1
32,55298.45,613,10,1,2,0
22,77196.45,722,0,1,1,0
58,88765.73,591,2,1,0,1
45,99322.85,653,5,0,2,0
45,25402.41,771,14,0,1,0
77,27405.55,638,19,4,1,0
43,42411.6,733,8,0,0,1
24,51028.69,545,8,0,0,0
37,43511.95,650,0,1,0,0
28,37185.73,609,12,0,1,0
35,42099.49,703,10,0,0,0
35,62420.99,597,9,1,1,0
32,25214.86,845,1,0,0,0
23,158210.01,548,17,1,1,1
59,49538.07,770,15,0,0,0
43,82902.77,750,9,1,2,0
37,36680.39,704,12,0,1,0
49,65327.92,684,8,2,1,0
45,51536.5,828,12,0,0,0
43,75237.44,850,1,0,0,0
48,44385.87,663,0,0,1,0
41,106487.38,692,1,0,1,0
48,23247.95,635,3,0,1,1
49,78801.47,586,4,0,0,0
41,52018.77,717,10,0,1,0
37,29461.41,699,6,0,1,0
58,130096.65,551,7,0,1,0
34,123543.53,716,2,0,0,0
44,17379.81,702,1,0,1,1
44,53551.13,631,8,0,1,0
32,69761.06,626,5,0,1,0
30,61135.77,713,8,0,1,0
35,104585.98,808,10,0,0,0
34,94260.39,711,16,0,1,0
22,55971.26,742,7,1,1,0
32,153054.88,613,17,1,1,0
43,78309.43,646,10,1,0,1
55,41121.76,728,11,0,1,0
46,37191.15,571,13,0,0,0
18,91278.52,696,11,0,0,0
47,32975.59,719,3,0,0,1
33,39939.89,676,13,0,1,1
45,43486.86,705,6,0,0,0
39,58561.14,684,9,0,1,0
37,44501.17,630,8,1,2,0
38,25374.87,585,13,0,1,0
39,87644.13,672,9,2,1,0
56,40046.66,784,1,1,0,0
39,134587.21,761,18,2,0,0
53,57067.78,652,12,1,0,0
51,92374.27,650,5,0,2,0
48,67200.15,644,2,0,1,0
18,94610.92,644,12,2,0,1
53,65197.05,703,2,1,2,0
34,55137.45,764,12,0,1,0
48,84678.5,850,13,2,1,0
28,169903.53,613,4,0,0,0
25,42834.6,732,4,1,1,0
63,72945.18,723,5,0,0,0
28,48892.41,653,3,0,0,0
53,63134.93,597,9,1,0,0
41,50065.09,702,9,1,1,0
34,16666.04,849,11,0,1,0
39,44351.71,701,3,1,0,1
24,80803.66,617,12,0,0,0
39,33436.28,667,3,0,0,0
27,77689.33,588,12,1,0,0
35,53734.18,681,0,2,2,0
51,44544.98,734,15,0,1,0
43,77103.79,624,5,0,0,0
22,68907.19,419,10,0,1,0
50,60492.43,702,11,0,1,0
39,81466.74,639,1,0,0,0
33,54260.36,619,12,0,1,0
48,21540.0,619,5,1,0,0
37,40576.31,712,6,1,0,0
26,19886.55,647,4,0,1,0
62,68096.59,754,16,2,2,0
39,76733.98,756,2,0,0,0
39,78499.78,658,10,1,1,1
35,62601.68,638,4,0,1,0
54,79535.8,690,13,0,2,0
33,22285.65,668,19,0,0,0
21,46453.94,539,4,0,0,0
31,24162.13,833,8,0,0,0
55,40979.83,737,6,0,0,0
49,109987.93,642,13,2,2,1
36,84678.63,526,6,0,0,1
56,68264.33,665,12,0,2,0
48,44765.36,632,6,1,0,1
36,29827.99,675,19,2,0,0
38,53826.1,506,0,0,0,0
43,85420.2,642,9,1,1,0
30,60170.4,647,7,1,0,0
40,22184.62,664,7,1,2,0
43,51653.1,661,9,1,0,0
19,18832.43,684,8,1,2,0
37,73283.58,801,9,0,0,0
36,34665.36,638,10,0,1,0
52,26593.96,607,16,0,0,0
18,73789.03,541,0,0,1,1
35,64840.71,639,17,0,1,0
34,55061.14,567,20,0,0,1
51,146657.32,756,0,1,0,0
39,67339.34,672,8,1,0,0
61,35508.29,755,14,0,1,0
47,63551.25,797,12,2,1,0
35,42487.34,610,16,0,0,0
42,92353.55,652,9,3,0,1
35,56414.9,786,0,0,0,0
50,59276.11,695,14,0,1,0
24,23832.75,721,11,1,0,0
30,50547.86,762,15,0,1,0
45,47660.92,751,0,1,1,1
54,29374.82,712,1,0,1,1
18,43881.55,791,8,2,1,0
56,60954.09,674,14,0,0,0
38,48914.31,721,16,2,2,0
18,24196.18,665,4,0,0,0
18,42761.42,761,5,1,1,0
21,38792.71,623,22,0,1,0
39,54000.94,545,5,0,1,0
39,51162.71,732,11,0,1,0
47,39902.47,598,5,1,2,0
33,39130.92,590,10,0,0,1
26,50696.46,781,3,0,1,0
35,79339.26,757,3,1,0,0
40,56349.03,652,6,2,0,0
42,99861.02,436,5,1,2,0
30,86387.26,722,6,0,2,0
50,103605.04,733,10,0,1,0
32,97179.38,721,17,0,0,0
29,107095.34,717,5,2,1,0
33,27540.93,665,3,2,2,1
52,67759.04,647,8,1,2,0
38,90143.69,591,3,0,2,1
31,98667.77,624,0,1,1,0
51,33344.25,705,13,2,0,0
65,68097.12,707,8,0,0,0
42,50899.15,743,8,0,0,0
54,123442.42,567,0,0,0,0
52,24498.18,547,5,1,0,1
32,33368.09,649,0,1,1,1
40,19824.68,598,7,0,1,0
24,52696.7,694,8,0,1,0
37,152043.23,575,8,1,0,0
32,47945.93,774,4,0,0,0
35,51560.78,614,3,0,2,0
31,64545.09,807,7,1,2,0
36,46251.76,721,9,0,2,1
46,58865.65,595,5,2,2,0
38,59641.44,847,3,2,0,0
18,32119.6,701,3,2,1,0
31,46769.04,693,4,0,0,0
21,71037.73,674,5,0,0,0
42,77986.27,717,2,1,0,0
46,93831.02,722,5,0,1,0
43,57972.15,610,14,0,0,0
30,58565.02,662,6,1,0,0
42,71331.44,689,1,1,2,0
34,36410.59,726,0,1,0,0
26,35671.61,727,17,1,1,0
48,46055.44,693,13,0,1,0
49,25912.77,635,9,0,0,0
51,60081.09,631,13,2,0,0
32,82829.62,584,10,1,0,1
54,34371.33,727,7,0,1,0
34,60935.71,630,1,0,1,1
47,35790.38,664,17,1,0,0
33,29487.22,699,5,0,1,0
37,137006.07,680,6,1,0,0
18,29699.44,679,8,1,1,0
36,25857.1,607,8,0,1,0
41,54576.45,701,10,0,1,0
35,56064.65,654,10,1,0,1
61,68433.39,673,5,0,1,0
26,133334.2,772,8,0,0,0
33,33237.54,720,10,1,0,0
29,36709.16,634,4,1,0,0
33,109579.19,668,15,1,0,0
52,78398.64,807,7,0,0,0
57,73133.42,655,15,1,2,0
31,36499.93,683,1,2,0,0
31,86072.4,733,11,1,2,0
26,73246.92,697,3,0,0,0
55,53893.69,650,4,0,1,0
53,36590.21,620,12,1,0,0
38,51706.97,679,6,0,2,0
23,111775.03,732,20,1,0,0
24,28367.97,785,10,0,0,1
42,32862.93,562,4,0,0,0
46,35814.17,821,10,0,1,0
18,39918.27,656,6,0,2,0
36,48636.6,753,12,0,1,0
59,79164.68,620,6,3,1,1
37,61741.22,551,10,1,2,1
57,50534.95,574,8,0,1,0
47,56302.64,653,8,0,0,0
26,66969.69,721,13,0,0,0
36,21144.75,682,0,1,1,0
38,83766.81,659,8,1,1,0
28,32428.52,769,4,1,1,0
28,39271.13,680,1,0,0,0
58,58117.24,702,3,1,0,0
28,47206.98,850,4,0,0,0
52,62533.97,679,6,0,2,0
34,52623.28,624,9,1,0,0
39,42418.25,718,10,0,2,0
46,105280.04,738,5,1,0,0
32,69844.93,704,15,0,1,0
46,57014.37,692,6,0,1,0
18,69304.14,798,0,0,1,0
45,34452.45,788,6,0,1,0
18,145420.65,670,8,3,1,1
37,28457.91,628,0,2,0,0
50,51874.59,714,14,0,0,1
47,42479.92,628,7,0,1,0
24,41680.67,750,2,0,0,0
25,39060.68,713,3,1,1,0
31,33327.73,850,11,0,1,0
42,88802.59,797,12,2,0,1
18,26840.0,593,4,1,0,1
39,80160.16,638,1,0,0,0
43,67796.7,526,8,0,0,0
36,40520.14,508,9,1,0,1
46,63978.58,689,10,0,0,1
42,45299.46,584,5,2,0,0
33,28268.31,811,7,0,0,0
18,28418.15,772,8,0,0,0
41,68031.14,658,12,0,0,0
28,66289.39,653,14,0,2,0
33,55326.41,798,16,1,1,0
45,40305.44,817,14,0,0,0
57,44568.57,605,17,1,1,0
39,41656.95,595,13,0,1,0
46,20466.16,655,5,1,1,0
22,50545.37,714,15,1,1,0
42,63654.64,638,1,0,2,0
39,50706.25,716,19,0,2,0
54,118726.12,836,3,1,0,0
33,29664.87,567,12,2,1,1
37,35222.77,644,15,0,0,0
52,52392.02,569,10,0,0,0
38,55374.99,613,0,1,2,1
26,18946.9,656,3,0,2,0
70,66260.49,621,9,0,1,1
27,55501.12,721,11,0,0,0
39,16988.7,692,7,0,0,0
44,46242.07,703,8,0,0,1
43,32719.59,655,0,1,1,1
37,39078.92,662,16,1,0,1
37,25108.2,651,6,0,1,0
37,60360.75,660,11,1,2,0
26,118289.25,713,15,1,0,0
65,55966.68,526,2,1,2,1
37,16652.37,703,8,2,0,0
47,56545.34,610,9,1,0,1
35,44474.92,652,6,0,0,1
35,28268.23,555,12,1,0,0
34,58501.75,651,4,0,1,0
21,76106.0,702,8,0,1,0
38,35092.87,716,6,0,1,0
35,21550.05,585,19,2,0,0
54,17928.8,712,4,1,1,0
25,35142.18,771,11,1,1,0
33,45353.76,640,16,1,0,1
29,37873.13,680,3,2,0,1
57,34834.34,514,8,1,1,1
29,65117.58,608,3,0,2,1
46,61784.82,701,0,0,1,0
51,54165.35,756,4,0,2,0
38,73735.81,632,5,1,0,1
23,35307.35,850,5,0,1,0
23,28359.59,705,6,0,0,0
50,37753.49,578,8,0,0,0
24,36473.77,782,2,0,0,0
44,17577.15,579,9,1,1,0
41,37317.43,706,14,0,1,0
44,85171.77,605,14,0,1,1
45,73161.65,571,6,0,1,1
28,63741.55,756,12,1,0,0
28,52355.33,659,4,0,0,0
48,101159.05,818,6,0,0,0
32,28851.47,598,9,0,0,1
18,30260.13,555,6,0,0,0
47,86003.88,641,1,1,2,1
27,49702.1,850,12,1,2,0
45,35045.79,746,3,0,2,0
56,64599.52,724,5,1,0,0
40,39370.28,726,13,0,1,0
51,32248.84,641,10,0,2,0
41,31803.26,850,8,2,0,0
59,57571.02,716,0,0,0,1
27,54334.12,709,2,0,0,0
39,104649.65,758,9,0,1,0
48,42402.19,578,11,0,1,0
37,42042.04,609,9,0,2,0
53,100691.51,660,5,0,0,0
34,80243.69,759,5,1,0,0
64,52704.13,576,9,0,1,0
65,22460.05,674,1,1,0,1
43,32665.43,663,8,0,2,0
46,28939.21,554,1,0,1,1
54,49922.44,639,2,0,1,0
25,38018.55,723,8,0,0,0
24,109256.37,561,10,0,1,0
55,22343.29,792,9,1,2,0
43,27428.29,717,2,1,1,0
37,55398.87,707,0,1,1,1
40,63622.22,680,7,0,1,0
18,13445.93,592,0,0,1,0
37,20584.53,628,12,0,0,1
30,42967.45,708,2,1,2,0
51,96569.85,627,19,0,0,0
51,125980.25,695,3,1,0,0
46,39844.96,608,10,1,2,0
44,45011.64,716,4,0,1,0
22,32259.48,722,7,0,1,0
47,67278.98,549,8,0,0,0
47,105268.0,685,12,3,1,0
54,91859.03,558,13,0,1,1
65,48315.11,531,11,2,1,1
19,32232.62,632,13,2,0,1
35,49222.13,850,4,1,0,0
31,97771.98,742,11,1,0,0
42,40124.46,791,6,1,0,1
40,19777.21,728,12,2,0,0
37,40945.43,696,8,0,1,0
52,42637.4,751,11,0,0,0
26,19719.26,628,9,0,0,0
27,55051.18,717,11,1,2,0
27,63133.22,774,3,0,1,0
35,124237.0,735,0,1,1,0
25,25180.16,779,12,0,1,0
39,70633.56,694,14,0,0,0
38,79492.51,815,7,1,1,0
30,63564.5,663,12,1,2,0
50,29631.68,849,0,1,0,0
39,28782.9,725,4,1,1,0
52,51461.97,649,8,1,1,0
37,51281.68,585,0,0,0,0
39,37059.61,615,0,1,0,1
33,93509.52,603,8,0,0,0
39,40119.76,672,4,0,2,0
48,19018.16,578,6,1,2,0
35,43825.53,783,5,0,0,0
46,62326.17,688,1,0,0,0
30,58161.6,685,6,1,2,0
49,57936.99,586,7,0,1,0
33,103465.6,618,5,0,1,0
50,28074.16,502,5,1,0,1
40,39661.88,809,6,1,0,0
58,106141.35,566,12,0,0,0
26,18330.56,572,7,0,1,0
22,47722.24,793,0,1,2,0
32,90622.75,711,2,0,1,0
23,89949.9,689,12,0,0,0
23,68190.34,707,4,0,0,0
47,69059.22,756,7,0,2,0
39,29128.97,687,17,0,1,0
34,97400.69,556,11,1,0,1
35,26902.36,738,0,0,0,0
32,27716.79,713,15,3,1,0
59,59512.23,773,8,0,0,0
31,38311.02,580,9,0,0,0
24,54358.07,621,9,2,1,1
49,60802.34,711,12,0,1,1
37,119259.24,604,7,0,0,0
64,60892.32,491,0,1,0,1
33,35980.52,695,9,1,0,0
50,68750.82,751,1,0,0,0
52,32342.03,669,17,1,0,1
33,77387.28,723,6,1,1,0
31,50630.73,712,7,1,0,0
48,59890.42,680,4,0,1,1
46,20124.09,690,9,2,1,0
23,15908.79,787,10,1,2,0
26,23139.3,602,4,0,1,1
18,117346.39,741,10,0,1,0
47,27609.7,585,8,0,2,0
36,70696.75,616,7,0,0,0
38,35562.47,775,4,0,0,0
19,43476.9,583,19,1,0,0
26,47936.85,660,13,1,1,0
34,111512.19,850,11,1,0,0
31,65660.5,762,13,2,0,0
41,59427.75,621,9,0,0,1
47,93746.46,634,6,1,0,1
67,35717.7,666,0,1,0,0
39,83631.16,784,1,1,2,0
53,76930.01,599,18,0,0,0
30,76492.63,595,13,1,0,0
19,45364.8,737,9,0,2,0
35,39392.97,545,0,0,1,0
20,31732.23,607,11,0,2,0
40,32741.83,673,6,0,2,0
30,30992.28,677,11,1,0,1
18,58889.84,570,2,0,0,0
60,43731.85,708,5,1,1,0
33,60821.59,724,12,0,0,0
20,62563.73,627,17,2,0,1
50,28857.41,812,4,0,1,0
31,28427.6,707,3,3,0,0
53,43724.76,599,13,2,0,0
31,33270.94,809,1,1,1,1
33,31564.68,638,2,0,0,0
44,114444.3,694,9,1,0,0
47,22772.81,641,18,3,1,0
49,134797.94,729,3,2,0,0
38,56638.16,641,6,1,2,1
46,80267.42,646,8,1,0,0
48,75672.22,667,5,1,0,0
42,66734.65,639,0,1,2,1
38,112523.33,765,12,2,0,0
22,28532.29,579,8,2,2,1
47,45333.92,677,9,1,1,0
40,32002.73,687,7,1,0,0
35,20993.33,670,15,1,1,0
55,35220.35,757,5,0,0,0
22,125025.61,559,2,0,2,0
59,44948.23,725,16,1,2,0
39,132158.58,580,0,1,0,0
43,139095.16,639,7,1,2,0
35,219161.72,572,7,1,0,0
19,127102.17,653,7,1,1,0
38,159383.09,633,0,1,0,1
44,57675.27,811,2,0,0,0
48,54949.18,699,12,0,0,0
37,56807.28,715,14,3,0,0
18,49022.33,591,5,0,0,0
21,52829.85,739,3,0,1,0
64,71402.72,811,0,1,2,0
26,38835.54,749,12,1,1,0
57,24616.89,575,12,0,0,0
28,58794.84,642,0,0,0,0
37,34668.87,688,0,0,2,0
47,36510.8,633,8,0,1,0
30,45643.81,850,9,0,0,0
59,40697.76,641,5,0,0,0
40,85393.16,676,7,0,2,0
45,45099.63,631,6,0,0,0
36,87572.72,698,8,1,0,0
47,54339.58,790,3,0,2,0
58,46898.24,689,7,1,1,0
38,53056.37,662,4,2,2,0
60,25698.43,594,4,0,0,0
32,58048.76,776,0,1,2,0
49,74951.36,668,7,0,2,0
45,80452.74,665,12,1,1,0
27,24932.14,492,6,1,2,1
42,22937.08,669,6,1,0,0
40,37481.05,647,14,0,1,0
29,97961.63,533,13,1,1,0
44,54747.54,759,16,1,1,0
41,33278.02,637,19,1,1,0
39,23707.11,831,8,2,2,0
39,34822.02,793,2,0,0,0
38,33665.35,622,5,1,1,0
35,78261.33,789,10,1,0,0
41,81330.15,808,15,1,1,0
32,28999.94,635,2,0,1,0
71,71437.84,597,9,0,2,0
23,67871.97,507,4,0,2,0
32,27177.9,710,7,0,1,0
33,47008.83,602,7,2,0,1
64,58128.42,712,9,1,1,0
24,53189.58,634,18,1,1,0
45,20842.08,617,10,0,0,1
42,52343.93,635,5,0,0,1
44,67381.95,576,5,0,2,0
54,107990.34,635,7,1,0,0
54,35087.65,621,3,0,2,1
34,37319.58,678,8,1,0,0
42,44159.64,688,0,0,2,0
18,56704.45,594,6,0,1,0
41,51457.37,768,7,1,1,0
30,66313.85,667,2,0,1,0
37,27928.61,800,6,0,1,0
19,59780.02,699,13,0,1,0
44,33822.86,685,13,0,0,0
19,45630.56,640,5,2,0,1
41,115151.83,729,10,0,2,0
25,24364.41,682,0,1,2,0
29,42627.99,748,6,1,2,0
53,25917.59,808,9,1,1,0
47,52919.86,621,15,0,1,0
53,82794.46,729,13,0,2,0
58,53360.58,726,9,0,1,0
30,46241.92,716,3,0,0,0
57,95244.37,645,14,0,1,0
22,57829.32,646,6,0,0,0
48,73849.39,633,10,1,0,1
34,70096.54,631,7,1,1,0
28,11636.24,612,17,1,2,0
47,47177.18,671,4,1,0,0
51,28594.3,619,12,0,1,0
50,32381.47,714,7,0,0,0
42,102466.69,684,10,1,1,0
41,40643.62,693,16,1,1,0
46,126283.43,658,0,0,1,0
43,24249.61,685,7,0,0,0
46,28514.4,660,3,0,0,0
42,71766.66,742,10,0,1,0
50,41328.77,644,11,0,1,0
20,57163.09,710,5,0,0,0
38,46343.98,575,5,0,0,0
23,45647.85,736,9,1,1,1
43,42103.32,635,1,0,0,0
59,53623.71,607,9,0,0,1
34,67563.23,588,3,1,0,0
41,109887.36,582,11,1,2,1
49,44300.17,641,1,0,2,1
18,40262.7,799,5,0,0,0
33,37751.07,628,4,0,1,0
44,102220.95,503,6,0,0,0
18,69228.12,709,14,0,1,0
28,18967.52,590,12,3,0,1
53,18553.98,745,5,0,0,1
52,32369.47,646,5,1,1,0
44,54999.13,658,12,1,0,0
50,48207.26,775,2,1,0,0
42,63410.79,729,8,0,1,0
46,44903.83,580,4,1,0,0
36,98588.45,592,7,0,2,0
41,72117.77,537,12,0,0,0
32,50959.59,850,4,1,0,0
55,86913.59,610,12,1,0,0
58,21494.38,773,18,1,0,0
56,46979.31,637,11,0,1,0
35,52509.86,593,7,1,1,1
28,66238.57,681,13,0,1,0
55,20793.94,653,2,1,0,0
46,43036.18,744,15,1,2,0
43,59887.94,745,4,0,0,0
32,62229.29,632,18,2,0,1
45,88704.41,564,4,0,2,0
26,71736.34,584,11,0,0,0
47,47551.9,497,0,1,2,1
56,68698.79,658,6,0,1,0
59,44325.62,679,2,0,0,1
48,52753.58,588,0,1,1,1
23,72940.64,578,14,0,2,0
42,47922.94,678,1,1,1,1
65,58746.97,629,4,0,0,0
29,79273.12,662,3,0,1,0
39,69988.23,650,13,0,0,1
56,90829.18,699,13,0,0,0
47,157035.03,634,14,0,0,1
69,69665.74,640,4,0,1,0
31,38923.51,529,14,0,0,1
28,63317.15,675,4,1,1,0
54,61970.22,687,4,1,0,0
25,66619.68,665,4,0,0,0
37,103518.76,832,4,2,0,0
39,21119.33,693,7,2,1,0
52,104497.56,667,3,1,0,0
47,123649.77,719,9,0,2,0
45,65123.15,849,0,0,0,0
35,65911.46,700,9,0,1,0
54,43441.81,502,2,0,1,0
80,49176.05,714,4,0,1,0
48,69492.64,609,4,0,1,0
41,67290.62,526,12,0,0,1
24,70287.89,815,10,1,0,0
32,67059.41,798,7,3,0,0
37,76818.06,607,4,0,2,0
33,72643.87,608,11,1,0,0
39,29372.84,692,16,0,2,1
61,74319.9,609,7,1,1,0
54,124155.9,669,0,0,2,0
38,48372.49,622,4,2,0,1
25,103750.06,647,10,1,0,0
56,30987.91,567,5,1,0,0
39,48296.71,746,3,1,1,0
19,35575.8,776,3,0,2,0
48,97695.49,671,8,2,2,0
52,111328.24,677,0,0,0,0
18,46648.77,730,7,0,1,0
30,88038.61,680,8,1,1,0
38,111894.68,818,5,0,0,0
48,48220.55,574,2,1,0,1
33,52306.49,748,13,3,2,0
30,70742.92,670,1,2,2,1
48,32168.11,590,8,4,2,1
34,51794.99,850,11,0,1,0
46,143113.54,850,8,0,0,0
26,38177.18,663,14,0,1,0
23,75125.33,715,2,1,0,1
49,63697.6,642,4,0,2,0
43,45166.78,655,5,0,0,0
51,54766.15,589,24,2,0,0
33,117748.93,577,10,0,1,0
30,64653.57,827,11,1,0,0
56,69906.18,676,11,2,0,0
21,109144.85,684,8,0,0,1
55,42416.59,615,13,2,0,1
55,29043.28,695,0,1,0,0
50,118678.53,559,9,0,0,0
31,52483.86,618,10,0,1,0
30,76634.33,584,13,0,0,0
37,33484.42,783,2,0,0,0
24,59531.64,547,2,0,0,0
28,28325.95,585,2,0,1,0
47,50608.25,516,10,2,0,1
47,35455.67,608,10,2,0,1
27,31608.23,643,3,0,1,0
48,42126.77,758,17,2,2,0
45,15573.17,662,9,2,0,1
58,27448.01,647,8,2,0,1
46,72490.23,703,6,0,0,0
52,58327.75,644,12,2,2,1
45,28649.94,850,9,1,1,0
51,64468.81,632,17,2,1,1
24,31599.4,713,1,1,0,0
38,70331.98,746,0,2,0,0
39,46266.83,630,4,1,2,0
37,41665.9,693,10,0,0,0
45,46838.85,639,5,1,0,0
47,176268.6,701,14,0,2,0
44,33543.53,688,6,1,0,0
37,54900.59,668,13,0,0,0
31,72452.35,587,3,1,0,1
53,30296.68,829,13,0,1,0
44,22089.8,726,14,0,2,0
27,36295.57,552,5,0,1,0
37,71663.13,646,10,1,2,0
19,41315.72,554,9,1,0,1
40,43671.33,740,10,0,1,0
37,77295.02,678,14,1,1,0
33,32755.58,680,12,1,0,0
59,46892.94,612,10,1,1,0
26,22996.09,654,11,0,1,1
48,57547.13,742,1,1,1,0
66,54981.58,764,7,3,1,0
52,72967.41,747,2,1,0,0
39,27649.75,555,7,0,0,0
26,44536.14,665,13,0,2,0
23,25868.07,700,7,0,1,0
35,43345.0,621,0,0,0,0
31,102836.34,547,2,1,1,1
31,41757.05,577,10,0,1,0
36,24761.37,799,5,0,0,0
38,34893.66,584,11,1,0,1
45,21906.18,683,1,0,1,0
25,25645.25,667,9,1,0,1
31,68561.98,667,10,0,2,0
38,23786.14,654,11,3,0,0
37,57306.21,743,4,0,1,0
62,49655.84,682,11,1,1,0
42,37580.32,629,15,0,0,0
20,54922.31,684,0,0,0,0
45,30673.96,577,8,0,0,0
46,74639.28,718,0,0,1,0
38,34573.05,625,3,0,0,0
25,40409.35,630,4,1,2,1
61,38075.43,721,7,0,1,0
27,69198.66,647,9,2,0,0
47,64358.35,651,12,0,0,0
42,13215.55,773,9,1,0,0
47,55665.81,602,11,1,1,1
60,20490.23,719,2,1,2,0
46,41329.8,755,13,1,1,0
33,46439.84,773,0,0,1,0
53,41108.53,850,15,1,0,0
32,62969.74,628,14,1,1,0
41,70265.65,610,11,1,2,0
24,33298.48,745,19,0,0,0
27,32699.06,755,0,1,2,0
40,48147.05,616,11,1,0,1
44,22654.96,718,8,0,0,0
19,38619.44,850,9,0,2,0
45,96185.98,688,2,0,1,0
30,23082.95,753,9,0,0,0
55,41354.7,806,9,0,0,0
35,36455.57,850,4,1,0,0
26,133603.79,699,7,1,0,0
40,37461.51,780,1,0,2,0
29,38564.77,616,6,0,1,0
55,29278.76,681,12,1,0,0
40,49249.82,644,12,3,1,1
38,56110.8,529,11,1,0,1
47,31479.45,551,12,0,0,0
27,80367.2,714,12,1,0,1
24,56135.95,715,4,0,0,0
44,75052.99,596,9,1,0,0
26,41603.19,804,13,0,1,0
26,55358.87,591,1,1,0,1
50,44066.35,700,1,1,0,0
46,101604.26,646,0,1,1,0
24,51954.94,688,0,0,1,0
32,49235.83,751,2,0,2,0
29,38982.92,740,5,1,2,0
61,37873.93,736,15,0,0,0
50,55207.88,726,5,0,0,0
34,73850.18,578,0,0,1,0
46,34812.12,770,8,2,0,0
23,52223.59,595,7,0,2,0
31,53749.24,671,4,1,1,0
41,58640.55,651,5,0,1,0
45,20873.84,708,13,1,2,0
38,30872.89,641,0,0,0,0
42,24762.3,667,0,1,1,0
40,49833.47,809,10,0,1,0
38,31241.83,576,4,3,1,0
36,38249.26,679,15,1,0,0
34,26980.23,590,7,0,0,0
42,40069.94,733,7,0,0,0
44,27943.73,621,11,1,0,0
42,71607.44,683,0,1,1,0
25,62293.6,574,9,0,0,0
28,52844.8,783,6,0,2,0
44,42151.65,685,13,0,1,0
57,17697.11,691,4,0,0,0
41,38983.61,746,8,0,0,0
35,33499.03,579,6,1,0,0
42,55472.19,630,10,0,1,1
26,66826.41,693,6,0,0,0
55,57659.85,539,9,0,2,0
42,92181.91,547,16,2,1,0
31,36895.43,614,6,0,0,1
37,36138.43,588,10,0,1,0
33,82366.91,652,19,1,2,0
55,53268.91,721,9,1,2,0
37,43325.67,739,0,1,2,1
41,123409.15,824,4,0,1,0
46,65438.45,678,1,0,0,0
31,44566.06,692,12,1,1,0
42,34787.99,678,7,1,1,0
43,95154.42,705,13,1,1,0
21,54366.23,711,11,1,2,1
43,49625.42,753,11,0,1,1
39,68743.55,753,1,3,0,0
41,76118.3,721,10,1,1,0
40,64533.19,800,14,0,2,0
43,76266.4,682,0,0,1,0
56,61432.06,631,6,0,0,1
25,64695.39,644,9,0,0,0
35,34002.22,671,8,1,1,0
47,121197.53,593,15,0,2,0
45,26453.97,630,11,1,0,1
45,57221.72,588,10,2,1,1
73,25124.95,707,12,0,0,1
47,46673.68,708,11,0,0,0
53,36840.5,538,8,1,0,0
36,52463.76,627,6,0,1,0
28,58155.68,826,12,1,2,0
36,30388.91,730,4,1,1,1
48,48305.12,716,7,1,1,0
44,98404.04,626,2,0,1,0
44,25434.64,702,11,1,2,0
37,31983.43,678,14,0,2,0
35,75386.03,616,3,0,1,0
37,50959.04,640,7,0,1,0
48,52869.27,642,5,0,1,0
50,81727.94,560,13,0,0,1
27,32957.22,574,15,0,0,0
49,37810.13,664,5,1,2,0
32,35549.42,612,0,1,1,0
45,41187.85,655,13,0,1,0
37,95775.39,551,8,0,0,0
58,20940.91,744,8,1,1,0
34,26981.06,846,12,0,0,0
42,24764.3,762,6,0,0,0
47,98799.42,770,4,0,2,0
29,36054.97,730,6,0,2,0
39,41633.62,701,10,0,2,0
36,21865.88,686,12,1,0,0
33,42993.62,606,16,1,1,0
34,75603.73,735,10,0,0,0
53,55630.03,730,7,1,0,0
32,46447.04,642,12,1,0,0
46,22416.6,722,3,0,1,0
43,41607.01,624,15,1,0,0
23,52757.3,629,9,0,0,0
46,29854.4,742,6,0,0,0
23,68012.42,714,3,0,0,0
47,76308.09,661,11,0,2,0
33,37634.47,652,6,1,0,0
40,70468.15,693,7,1,1,0
24,46403.5,533,0,3,0,0
41,86991.79,619,5,0,0,0
51,135547.22,578,5,1,0,1
30,28372.26,680,10,0,2,0
32,72023.1,767,6,1,2,0
45,94134.73,718,0,0,2,0
45,30171.7,639,5,0,0,0
18,36770.08,623,0,0,1,0
64,36563.71,619,2,0,2,0
46,45871.96,839,13,1,0,0
48,41020.09,685,0,0,0,1
38,44393.92,695,9,0,0,0
18,74532.77,511,5,0,2,0
48,18998.1,585,4,0,0,0
33,30123.27,676,3,0,0,1
46,68525.69,640,9,1,1,0
37,64627.03,690,10,0,0,0
42,28874.93,689,0,1,0,1
30,64851.22,728,13,0,0,0
50,95171.28,530,2,0,1,1
25,47833.75,591,9,0,0,0
66,29614.5,672,2,0,1,0
66,75923.17,628,5,0,0,0
59,116020.56,655,1,0,1,1
55,31474.4,688,5,0,1,0
38,49992.39,620,6,0,1,1
53,84548.26,695,2,1,1,1
38,51931.42,723,9,0,0,0
21,20462.55,685,10,2,2,1
58,61188.15,737,21,0,1,0
53,30049.33,506,12,2,0,0
39,25968.48,633,13,1,1,1
25,20663.54,751,0,0,0,0
32,88894.33,610,0,1,1,0
18,32294.25,599,6,0,0,0
51,57911.32,669,16,0,1,0
20,65478.51,678,20,1,2,0
43,53151.92,637,4,1,1,0
29,56856.48,827,5,0,0,0
22,59309.46,702,10,0,2,0
42,52525.23,607,7,0,1,0
35,33520.76,564,7,0,0,0
50,32058.94,712,11,0,0,0
24,46514.03,605,21,1,0,1
30,46023.99,850,14,0,0,0
18,60758.35,714,17,0,0,0
18,85035.58,724,0,0,1,1
61,58218.16,699,13,0,0,0
65,32681.29,769,3,1,1,0
41,16472.08,488,16,0,1,0
30,33373.97,583,14,0,2,0
36,25028.11,762,11,1,0,0
50,34023.74,800,4,0,0,0
33,55333.76,581,5,0,2,0
42,51133.51,534,5,1,2,0
39,124130.51,693,11,0,1,1
33,62413.74,718,10,2,0,0
33,127335.89,691,15,0,2,0
43,70092.4,675,16,0,1,0
28,84360.4,531,3,1,0,1
45,40968.09,649,10,1,1,0
34,28645.32,661,10,0,0,0
41,39164.27,636,7,1,0,0
56,48730.74,526,12,1,1,0
37,35807.78,726,10,0,1,0
51,29715.64,749,5,0,2,0
18,60380.34,616,7,0,0,0
34,29652.49,665,6,0,0,0
40,22771.25,640,4,0,1,1
63,27971.93,641,7,2,1,1
18,43600.43,719,1,1,2,0
38,29867.93,721,10,1,1,1
57,43737.23,765,15,0,0,0
30,66185.86,764,8,0,0,0
37,65330.97,666,12,0,0,0
43,35227.67,850,8,1,1,0
42,25540.72,803,2,2,0,0
58,36760.83,627,18,0,1,0
45,68038.05,690,0,1,1,0
55,76465.74,521,8,0,0,1
35,58480.28,682,4,0,2,0
31,89385.88,813,15,0,0,0
37,116378.26,850,9,0,0,0
26,38498.94,670,20,0,0,0
45,103082.16,706,8,0,0,0
35,43033.12,728,4,2,2,0
31,81627.73,838,0,0,1,0
45,69862.63,601,13,1,0,0
26,18241.8,850,3,0,0,0
49,30238.96,654,5,0,0,0
34,26618.35,586,14,0,0,0
53,20110.08,654,13,0,0,0
35,76088.89,615,4,1,0,1
47,137914.05,713,5,0,1,0
42,43095.06,547,0,2,1,1
48,75137.75,691,0,0,2,0
41,102982.33,733,11,1,0,0
20,54402.53,798,12,2,0,0
52,48404.28,734,9,0,1,0
38,43354.08,793,8,1,2,0
49,64137.18,631,4,0,0,0
48,75913.29,711,15,1,0,0
30,61753.29,501,0,0,1,0
29,60701.98,670,5,0,1,1
47,47781.73,710,8,0,1,0
36,22104.2,718,7,0,2,0
51,76792.19,554,7,1,2,0
37,25788.59,648,5,3,0,0
52,66815.66,659,10,0,1,0
45,71529.72,645,1,2,0,1
43,27716.52,738,7,2,1,0
35,36174.13,662,10,0,1,0
42,141596.58,687,6,0,0,0
54,47110.86,640,8,1,0,0
39,26632.65,765,9,0,1,0
46,73162.6,771,0,0,0,0
40,33311.65,655,0,0,0,1
41,18764.8,850,8,0,0,0
60,63569.23,618,4,2,2,0
54,30998.41,760,5,0,1,0
40,57560.63,603,10,0,1,0
42,32651.79,741,3,0,1,0
31,69814.86,735,0,1,0,1
37,53731.2,599,16,0,2,0
43,13432.01,669,14,1,0,0
50,59338.06,829,13,0,1,0
48,42409.78,614,2,1,1,0
26,99544.38,712,7,0,0,0
51,59730.85,706,1,0,0,1
38,71544.79,676,7,0,1,0
28,34362.79,541,6,0,1,1
56,33023.22,746,2,0,1,0
57,48396.14,680,10,0,0,0
43,40933.0,768,6,1,2,0
48,95702.96,698,16,0,1,0
49,45403.32,685,8,1,1,0
56,26571.36,709,0,1,0,1
48,32409.59,600,0,1,1,0
24,79421.59,804,18,1,1,1
64,45088.0,649,6,1,0,0
52,43898.88,650,9,2,0,1
33,83290.83,783,8,0,1,0
27,31027.17,699,15,0,1,0
46,16033.12,661,0,0,0,0
36,32002.42,713,14,0,2,0
43,55328.56,730,14,0,2,0
48,43271.27,670,8,0,1,0
33,22466.6,753,10,0,0,0
26,81473.23,578,6,0,1,0
44,53196.53,700,0,0,2,0
33,59546.18,744,10,0,0,0
41,60464.1,729,9,0,0,0
23,25609.99,500,9,0,1,1
36,57036.09,669,10,3,0,1
48,77166.98,582,4,0,1,0
47,86695.31,782,15,0,2,0
30,70307.35,648,8,0,0,1
25,63358.53,773,10,1,1,0
40,20563.84,582,6,2,1,1
46,48656.11,711,13,0,1,0
44,30385.26,680,8,0,0,0
33,93067.84,850,7,1,1,0
43,86265.91,774,14,0,1,0
58,30477.24,769,0,3,0,0
42,47906.71,842,6,1,2,0
20,55506.46,702,4,0,0,0
42,76910.34,672,9,0,1,0
64,21209.21,662,9,0,1,0
24,16239.29,706,7,0,1,1
40,49964.81,458,4,3,0,0
37,13825.8,680,7,1,1,0
41,53065.71,698,9,0,0,0
42,65913.85,667,7,3,0,1
53,90947.71,557,13,1,0,1
41,35908.02,668,11,1,1,0
55,53134.98,557,8,0,1,0
38,67897.53,821,0,1,0,0
35,27231.78,659,6,1,0,0
31,77472.16,514,11,2,2,0
18,56228.06,663,6,0,0,0
43,36216.74,751,9,1,0,1
64,52611.51,694,6,0,2,0
45,45721.9,606,9,0,0,0
48,72405.46,625,15,0,0,0
35,40936.2,657,11,0,0,0
37,54915.19,644,1,0,1,0
51,35937.41,579,0,0,1,1
64,30671.18,674,10,1,0,1
57,53410.7,573,13,0,1,0
49,31307.6,755,0,2,0,0
40,73151.66,765,6,0,0,0
42,65914.67,599,19,0,1,0
30,33437.82,622,6,2,2,1
22,54550.94,646,20,0,1,0
26,33361.24,677,3,2,1,0
40,21979.02,700,4,2,1,0
36,36365.92,717,4,0,0,0
22,47802.9,715,1,0,1,0
39,63621.35,804,0,1,1,0
36,52825.01,684,6,2,1,1
25,77175.5,575,8,0,1,1
35,30013.93,551,4,0,0,0
36,40605.18,810,5,0,1,0
32,111545.0,720,15,0,1,0
51,18666.02,696,12,1,0,0
18,39105.67,715,6,0,0,0
18,28688.54,692,10,1,0,0
40,44458.03,714,0,2,1,0
41,39449.48,650,9,1,1,0
44,66242.51,764,7,0,0,0
33,55701.39,638,6,0,1,0
28,25519.32,607,8,0,2,0
39,36531.09,544,7,3,0,1
34,49017.93,660,1,0,1,0
58,70947.14,781,16,0,0,1
36,165458.91,643,12,0,0,0
39,69661.14,569,6,1,1,0
69,29547.37,702,0,0,0,0
37,46773.75,627,0,1,1,1
46,53663.49,803,18,2,1,0
47,37809.08,765,7,4,0,0
48,62014.83,578,11,0,0,0
43,15745.52,666,3,1,2,0
42,64639.1,619,6,1,2,0
41,38630.84,587,6,0,0,0
33,46404.3,675,9,1,2,0
43,102013.61,745,8,0,2,0
64,26088.28,673,3,1,0,0
54,56182.45,638,3,2,0,0
43,72908.52,503,7,1,0,1
50,53378.76,626,0,1,0,0
29,21870.72,724,3,0,0,0
36,96297.57,572,7,1,0,1
51,44104.76,782,9,1,1,0
57,37655.32,633,15,2,0,0
30,41972.02,695,5,0,0,1
34,40494.72,648,8,1,2,0
66,27035.61,585,0,2,1,1
41,53235.21,715,9,0,1,1
61,36365.78,632,3,2,0,0
42,68558.6,613,6,1,1,1
42,63500.16,489,10,0,0,1
36,110507.06,784,10,0,0,0
51,44098.61,680,0,1,1,1
56,32806.28,768,12,1,0,0
27,23508.77,729,7,1,1,0
35,146777.29,768,14,0,1,0
50,68258.28,634,15,0,0,0
38,34675.55,570,16,1,0,0
34,114299.51,741,0,1,0,0
52,96575.58,690,10,1,2,0
53,24943.32,642,0,0,2,0
34,33632.99,739,14,2,0,0
42,45882.43,704,15,0,0,0
25,28708.76,731,12,2,0,0
29,46709.85,598,5,1,1,1
41,69981.13,758,10,0,0,0
40,24670.65,679,5,0,2,0
28,56755.07,766,8,1,0,0
31,87925.84,757,7,1,0,0
27,59880.74,734,0,0,0,0
45,47202.01,671,3,0,0,0
18,35099.74,736,19,0,0,0
27,74266.92,768,7,0,0,0
18,27215.45,728,8,1,2,1
45,55348.01,696,7,2,1,1
18,49650.21,736,5,1,1,0
40,86060.47,637,8,0,0,1
59,36630.1,801,5,2,0,0
60,38220.68,545,0,0,2,0
18,26345.89,682,11,1,0,1
43,61000.79,647,16,1,1,1
28,39659.75,628,2,1,2,0
25,31855.43,704,5,3,1,0
38,33409.38,589,15,0,0,1
54,64122.64,850,4,0,0,0
47,28240.71,571,9,1,0,0
31,29522.77,603,29,0,0,0
48,76740.18,596,11,0,1,0
18,45113.63,695,8,1,2,0
30,79041.04,761,12,0,1,0
30,40958.81,722,11,1,0,0
40,48993.21,797,4,2,0,0
37,53005.43,613,0,0,0,0
38,98090.24,732,10,1,2,0
37,94177.48,655,11,1,0,1
40,87257.48,698,6,0,1,0
46,35795.97,768,16,0,2,0
41,29929.06,544,15,0,2,0
36,71710.73,839,11,2,0,0
44,97575.32,668,6,0,2,0
49,87676.52,551,0,1,0,1
33,49341.69,624,7,1,1,1
39,70537.82,688,0,1,0,1
53,71160.55,624,0,1,0,0
26,52810.82,516,11,1,1,0
61,53970.17,687,13,1,0,0
23,51487.67,622,0,0,2,0
35,33055.78,732,6,0,0,0
28,34786.12,594,7,1,0,1
66,34518.64,850,6,0,1,0
33,22034.87,721,1,0,1,0
33,52650.44,695,14,1,0,0
35,48036.35,729,1,0,1,0
41,71752.79,534,0,0,0,0
36,92074.99,640,1,0,0,0
38,95048.94,822,10,3,0,0
18,99631.41,654,6,1,0,1
40,33572.4,674,4,1,0,0
40,23957.11,642,10,0,1,0
52,78070.83,797,9,0,0,0
55,97837.84,660,0,0,0,0
37,106723.45,579,10,2,0,1
49,62473.52,850,13,1,1,0
26,18063.49,569,7,0,1,0
49,58853.39,672,6,1,1,0
33,64713.2,612,17,0,1,0
25,91677.98,623,4,0,0,0
37,100189.07,595,7,1,0,0
56,77251.12,636,9,0,1,0
42,36547.23,758,8,3,0,0
57,29302.89,527,6,1,1,1
31,64021.91,780,8,0,1,0
52,32984.48,767,15,2,0,0
32,102494.92,720,12,0,2,0
42,20904.52,690,7,0,2,0
42,65084.6,702,3,1,0,0
47,57513.07,793,4,0,1,0
43,44206.04,540,12,0,2,0
31,30866.97,738,0,3,1,0
50,17485.23,620,20,1,2,1
60,37582.19,746,7,0,0,0
32,37913.34,630,1,0,2,0
18,85465.52,736,8,1,1,0
45,33142.52,556,3,3,0,0
36,61474.97,544,5,0,0,0
38,25690.59,670,0,0,1,0
46,62325.39,794,6,0,0,0
34,16012.9,722,0,0,0,0
36,139755.27,722,5,1,0,0
38,45682.3,748,3,1,0,1
57,12121.67,648,5,0,0,1
40,34239.16,728,4,0,1,0
25,31639.73,633,8,1,1,0
25,35315.98,654,12,0,0,0
41,40850.7,664,9,0,1,0
26,35196.13,636,14,1,0,0
21,32591.08,674,5,3,2,0
47,27464.75,659,9,1,2,0
48,73931.53,623,9,0,2,0
35,89372.46,668,13,0,0,1
43,43161.88,692,4,1,2,1
42,48590.42,592,11,0,1,0
47,27912.63,713,3,1,0,0
47,50792.82,640,5,0,2,0
18,54994.14,695,6,2,0,1
37,43927.71,626,10,0,1,1
46,59756.75,764,2,0,0,0
35,57202.59,756,3,0,0,0
40,28938.56,596,4,0,1,1
49,89011.76,721,8,0,1,0
40,44186.6,795,3,1,1,0
58,113299.02,604,9,0,0,0
53,60488.61,610,6,0,2,0
38,131329.74,738,11,0,0,0
37,88224.02,575,8,1,0,0
18,54917.91,617,16,1,0,0
36,34147.57,598,8,0,0,1
23,34517.31,739,1,1,1,0
42,63992.24,624,6,0,0,0
41,52657.45,657,8,1,0,1
48,36515.31,620,3,0,0,0
56,74349.33,771,15,0,0,0
39,49980.37,611,6,0,1,1
67,74570.85,567,4,0,2,0
42,30099.53,564,8,0,2,0
24,80800.29,735,3,1,2,0
33,62975.29,741,12,0,1,0
35,89213.25,779,11,0,2,0
47,79914.71,579,8,0,0,0
28,46982.16,661,10,0,0,0
36,45130.46,850,5,1,2,0
38,119553.05,655,0,2,1,1
34,42392.03,634,6,0,0,0
49,71269.01,678,5,0,0,0
47,40510.1,722,0,2,0,0
53,19323.14,721,2,2,0,0
36,26537.93,630,1,1,1,0
54,60051.66,633,2,0,0,0
23,69603.2,656,14,1,0,0
23,60150.6,621,10,0,0,0
25,86940.11,581,12,0,1,0
40,59613.07,824,10,0,1,0
54,33269.04,647,13,0,0,0
32,65982.91,651,8,0,0,0
34,53359.32,654,15,0,0,0
37,36762.04,673,1,0,1,0
46,62085.0,714,7,0,0,0
34,51005.31,642,2,0,1,0
33,36224.82,771,14,2,0,0
23,44849.47,727,10,1,2,1
33,99387.69,664,13,1,1,0
54,97776.93,626,0,0,1,0
41,53856.16,766,4,0,0,0
31,50444.73,667,0,1,0,0
54,23944.09,580,9,2,0,0
32,115807.26,761,5,3,0,0
57,82303.67,621,11,0,0,0
56,71394.48,749,8,0,1,0
40,15719.14,478,0,1,2,1
22,50034.16,650,0,0,0,0
67,46001.79,772,8,0,2,1
44,68968.68,680,10,0,0,0
36,39123.73,727,0,0,0,0
51,43658.13,607,7,0,0,1
48,66816.58,707,2,0,0,0
55,33296.61,680,2,1,1,0
32,36789.9,699,4,0,0,0
43,53995.9,843,8,0,0,0
25,95725.77,784,4,0,1,0
47,73440.8,743,0,0,0,0
39,83926.95,744,8,1,0,0
43,50597.55,607,6,0,1,0
38,103521.96,642,3,3,0,1
36,20525.2,557,6,0,1,0
29,134742.34,578,6,1,1,0
49,143756.98,609,8,1,1,0
57,61593.29,677,6,0,0,0
33,74319.7,581,8,1,2,0
46,48098.2,676,7,1,0,0
45,44144.16,667,12,0,1,0
40,36118.66,589,15,1,1,0
21,47834.1,802,7,0,2,0
24,64729.14,574,4,0,1,0
30,60472.37,769,0,0,1,0
18,132362.75,499,11,1,2,1
56,51541.23,668,3,0,0,0
44,23285.49,584,19,0,1,0
39,111541.87,627,21,1,1,0
18,26622.79,824,6,0,0,0
18,37060.41,652,0,0,0,0
39,56155.03,591,11,0,1,1
63,60390.53,719,18,0,0,0
31,23796.19,651,1,1,2,0
50,33750.95,692,17,1,1,0
34,23379.36,606,0,0,1,0
40,66893.46,610,0,0,0,0
54,88582.53,616,9,1,2,0
35,26611.03,743,13,0,2,0
31,80646.44,661,7,0,1,0
57,78072.2,596,10,0,0,0
40,35258.59,692,13,0,1,0
53,18191.51,686,14,1,0,0
31,28691.95,725,4,1,0,0
56,36401.72,641,3,1,0,0
43,105961.96,673,13,0,0,0
45,46205.25,713,10,0,2,0
41,29631.29,599,10,0,1,0
33,52781.94,750,4,0,1,0
39,25650.7,681,11,1,1,0
34,63396.89,591,2,1,0,0
51,30066.53,591,9,2,2,1
37,32329.59,672,8,1,1,0
22,59144.92,635,8,0,0,1
19,117608.53,740,11,1,1,0
19,147103.81,657,2,1,1,0
47,29145.83,704,11,1,1,0
26,36377.18,612,8,0,0,0
43,63434.69,678,4,0,1,0
41,87938.65,785,1,1,0,0
39,16613.29,668,17,1,1,0
45,51208.89,635,7,0,1,1
41,38423.65,610,6,1,1,0
18,18732.02,678,2,0,1,0
36,25119.91,792,13,0,2,0
45,36905.39,570,13,1,0,0
59,50483.79,676,12,0,0,1
60,81149.74,542,7,1,1,1
23,58522.94,647,11,0,1,0
35,78729.23,701,3,0,1,0
21,49680.22,553,9,2,2,1
58,34459.05,644,7,1,0,1
52,44717.72,703,9,2,1,0
44,69408.09,690,0,0,0,0
41,82148.27,707,17,0,1,0
56,45527.08,602,16,1,0,1
54,30805.31,703,2,0,0,0
53,57978.59,631,10,1,2,0
45,62254.77,737,0,0,1,0
35,90795.0,495,8,0,1,0
49,34913.14,656,0,2,1,0
49,35105.09,687,6,0,0,0
37,71544.87,787,5,0,0,0
35,39985.94,686,13,1,0,0
53,39150.09,695,16,0,1,0
59,91772.68,710,16,0,1,0
31,24698.49,780,13,0,0,0
36,137050.06,649,8,1,0,0
44,36086.8,567,9,0,2,1
45,75611.54,552,9,0,0,0
33,46425.31,733,2,1,0,0
62,56144.34,697,13,1,0,0
45,42985.01,659,11,2,0,0
46,75228.72,633,11,0,1,1
61,41205.95,694,0,1,0,0
34,36810.07,696,10,1,1,0
38,121378.73,718,13,1,0,0
24,49746.3,591,7,0,0,0
37,34966.73,538,5,0,1,0
22,23268.52,606,1,1,0,1
48,124590.67,571,0,0,1,0
45,37199.01,567,8,2,0,1
36,137436.75,805,6,1,0,0
38,59839.85,498,6,1,0,1
49,52651.11,717,15,1,1,0
26,53365.62,752,1,0,0,0
42,148445.84,758,6,0,2,0
48,16381.22,702,16,0,1,0
18,54566.25,785,6,0,1,0
48,42933.09,822,8,0,1,0
19,44066.42,655,7,1,2,1
38,52820.57,715,11,2,0,0
26,42910.55,782,0,0,0,0
57,53855.8,611,6,1,2,0
26,48446.3,660,8,0,0,0
20,25418.2,629,3,1,1,0
41,59318.89,716,9,2,2,0
35,70124.48,528,11,0,2,0
21,37382.85,794,10,0,1,0
46,124735.16,722,16,1,0,0
18,95586.4,727,5,1,1,0
27,74755.36,490,10,2,1,1
33,74303.28,596,10,0,0,0
49,49764.07,799,6,2,1,0
55,86741.36,665,13,0,2,0
53,107514.1,542,9,1,1,0
38,73424.43,697,1,0,0,0
18,36859.12,734,11,0,1,0
44,48057.78,722,5,1,0,0
57,65305.73,667,6,0,1,0
54,74523.7,770,6,0,1,0
45,47158.12,623,11,2,1,0
25,36923.21,723,13,0,0,0
33,108239.7,690,7,2,0,0
63,28676.7,669,6,1,0,0
22,30617.72,649,0,0,1,0
26,25246.33,652,4,1,2,0
51,30583.76,682,3,1,0,1
34,91461.41,656,9,2,1,0
25,93005.73,738,7,1,1,0
58,47239.1,637,3,0,1,0
45,62828.07,805,8,0,2,0
35,48764.0,633,7,2,2,0
26,27011.33,753,0,0,2,0
64,148605.96,757,13,1,0,0
39,97476.83,693,13,2,0,1
56,58525.02,686,6,2,0,0
50,31954.08,621,9,1,1,0
33,43806.3,638,6,1,0,1
33,34675.45,697,0,1,1,0
57,51471.89,676,18,1,2,1
57,57237.33,774,11,0,1,0
18,41333.86,643,12,0,1,0
46,23689.65,648,6,0,0,0
38,142347.92,546,13,1,2,0
27,55202.49,731,1,0,0,0
43,61592.54,724,6,1,0,0
23,39687.65,758,11,0,2,0
34,22448.84,762,4,0,1,0
30,47021.01,743,12,1,0,0
34,41705.53,746,9,0,1,0
39,69896.24,728,9,0,1,0
27,77113.9,741,4,1,2,0
58,71862.85,532,10,1,1,1
45,80349.1,592,17,1,0,1
61,120792.91,578,8,1,1,0
38,59571.1,781,10,0,2,0
33,84932.14,617,11,0,0,0
61,62751.03,630,2,0,1,1
33,18958.02,680,7,0,0,0
37,45376.06,580,7,0,0,0
48,31765.76,710,0,1,1,0
25,55034.56,509,11,0,1,1
48,33007.66,585,3,0,1,0
47,66359.38,695,11,0,1,0
55,80058.59,580,4,1,1,1
50,89481.31,783,18,1,1,1
55,110153.57,683,6,0,0,0
38,21204.91,770,17,2,0,0
29,26916.64,708,7,0,0,0
65,211908.02,679,7,2,1,1
21,81207.42,600,15,0,1,1
22,54842.68,754,3,1,0,0
46,49812.38,715,8,0,0,0
59,47646.76,846,10,0,1,0
42,18641.15,746,10,0,0,0
51,33317.41,648,8,0,0,0
18,46354.62,703,7,0,2,0
34,34271.52,713,12,0,1,0
18,36586.41,773,8,0,0,0
49,176198.36,785,12,0,0,0
21,43224.96,667,9,1,0,0
24,56334.36,582,11,0,2,1
46,55340.93,531,13,0,1,1
52,65823.34,588,6,1,1,1
38,38613.55,632,13,2,0,0
46,91444.78,800,7,0,0,0
46,61192.57,801,0,0,2,0
37,25755.87,756,6,0,0,0
26,46455.4,778,4,1,0,0
46,44977.87,623,9,3,0,1
47,43954.81,558,6,0,1,0
50,63237.22,599,8,0,0,1
43,67330.1,517,13,1,0,0
25,63470.25,590,15,1,0,0
48,58073.09,639,9,1,0,0
39,51165.4,693,13,1,2,1
34,16720.6,690,7,0,0,0
36,72326.53,624,0,2,1,1
31,62578.5,725,2,2,0,0
50,29960.03,626,7,0,1,0
22,56403.76,680,11,1,1,0
28,67776.39,591,7,0,0,0
36,88046.78,767,13,0,1,0
59,63269.0,681,17,0,0,0
52,57572.53,734,3,0,1,0
20,78699.03,582,18,0,1,0
56,42054.85,693,0,0,0,0
56,60234.56,725,17,0,0,0
25,35934.15,516,7,1,0,1
18,85404.01,773,6,1,0,0
39,21919.77,580,7,0,0,1
53,73745.01,696,4,1,1,0
59,49456.78,823,15,0,1,1
29,79434.95,756,4,1,2,0
61,33180.84,560,5,0,0,0
18,51276.7,665,1,1,0,0
35,50529.62,778,4,0,1,0
34,60897.16,614,4,1,0,1
53,29033.89,651,4,1,1,0
55,67380.27,648,7,1,0,0
51,19478.23,725,2,1,0,0
23,35104.3,557,15,2,0,1
50,22440.78,730,7,1,0,0
46,74169.6,630,9,0,0,1
19,59878.06,679,12,0,1,0
18,61575.5,662,18,1,0,0
52,102395.16,727,12,1,1,0
37,41857.62,678,6,0,1,0
24,66489.07,795,2,0,0,0
37,50666.04,759,9,1,0,1
44,46952.08,616,13,0,2,0
39,94212.95,789,8,0,0,0
21,138820.87,705,8,0,0,0
62,39508.32,693,9,1,1,1
52,74373.86,747,0,3,0,0
35,57501.05,596,8,0,0,0
36,57846.96,569,11,0,0,0
44,55469.51,681,7,0,0,0
26,41500.51,631,13,1,1,1
43,8164.16,845,13,0,0,0
24,105599.05,618,5,1,0,1
39,34635.47,683,10,1,2,0
25,43443.71,695,8,0,0,1
26,43908.08,778,0,0,1,0
59,33126.81,600,7,2,1,0
40,55277.44,551,2,0,0,1
42,47946.63,791,8,0,1,0
18,34259.94,686,11,0,1,0
32,52820.31,744,6,1,0,0
45,48217.47,748,3,0,2,0
42,77957.52,762,9,0,0,0
18,25079.56,649,20,1,0,0
42,32771.2,628,0,0,1,0
44,70449.32,520,9,0,1,0
55,35600.98,600,5,2,1,1
32,31203.92,684,5,0,1,0
18,36492.23,623,7,1,1,0
28,46607.22,588,6,0,1,0
26,46695.85,684,11,0,1,0
48,44135.55,787,6,0,0,0
18,29310.98,675,0,1,1,0
34,72155.55,589,14,0,2,0
57,95140.49,781,13,0,0,0
40,18859.76,618,4,0,0,0
50,22544.12,798,8,1,2,0
20,80937.17,658,14,2,0,0
20,107462.6,688,13,1,1,1
57,16905.77,804,14,0,0,0
41,73697.06,571,9,1,1,1
41,111183.8,595,11,1,0,0
26,31850.04,653,15,1,1,1
41,107994.32,668,6,1,1,1
26,44846.59,850,10,0,0,0
54,57372.4,608,0,0,1,0
72,34213.77,575,0,1,2,1
45,80863.21,605,10,1,1,0
32,74401.1,698,11,1,0,0
18,116117.13,719,6,0,0,0
19,100740.55,623,4,1,0,0
58,48797.04,681,6,1,2,0
27,231929.64,835,8,0,0,0
35,96316.63,682,0,1,1,0
47,64232.08,705,10,0,1,0
57,29774.95,831,8,0,1,0
37,22810.67,624,9,0,1,0
35,23801.08,618,7,1,0,0
40,30735.3,642,1,0,0,0
32,97601.81,637,2,0,0,0
33,62538.93,534,15,0,0,0
44,36073.49,691,4,1,0,0
42,45801.2,697,12,0,2,0
65,43093.47,665,2,0,0,0
45,73132.29,699,7,0,0,0
53,31590.17,700,5,2,0,0
27,58386.69,574,6,0,0,0
46,56956.49,703,6,1,0,0
31,32066.46,724,15,0,1,0
44,108445.5,552,17,2,1,1
48,42286.13,797,9,0,1,0
40,29840.59,581,5,1,2,1
68,75089.8,588,1,0,0,1
57,50374.87,696,1,0,1,0
54,60126.99,722,15,1,1,0
49,27110.06,742,0,2,1,0
61,73585.86,724,5,1,0,1
22,145250.36,638,8,1,0,0
56,26071.11,688,0,0,0,0
28,58518.86,654,1,1,0,0
33,33101.87,693,1,0,1,0
46,188113.92,685,4,0,0,0
54,91109.4,639,9,0,2,0
26,56446.79,652,13,2,2,0
33,26530.92,531,4,0,0,1
41,29940.64,746,5,2,2,0
37,71192.11,703,7,1,0,0
50,24803.84,495,3,0,0,1
80,25196.06,743,10,0,2,0
45,49237.74,675,10,0,0,0
31,52402.43,605,0,2,0,1
24,59279.31,597,11,0,0,1
36,39349.45,624,8,2,1,1
28,77658.27,605,9,0,0,0
45,31859.56,616,13,1,1,0
45,67058.6,816,0,1,1,0
34,54560.22,709,1,0,2,0
63,66192.64,842,7,1,2,0
31,88521.35,698,0,0,0,0
38,39039.68,726,6,0,1,0
47,35223.24,609,12,0,2,0
50,21074.16,666,9,0,0,0
55,17863.22,673,8,1,2,0
45,44891.91,729,6,0,1,0
52,46454.96,676,5,0,2,0
32,28480.03,708,5,1,0,0
51,31711.99,705,9,2,0,0
50,105001.19,655,0,0,2,0
58,75956.79,647,15,1,0,0
19,26087.11,626,4,2,2,1
29,39293.96,766,10,0,0,0
49,60054.11,655,8,0,0,0
18,35838.37,706,2,0,1,0
45,32717.07,667,14,0,2,0
52,41393.42,765,13,1,0,0
33,84569.63,520,0,1,1,1
34,88494.94,704,7,0,0,0
27,33937.52,579,9,2,0,0
33,61714.58,711,0,1,1,0
34,48863.9,668,0,2,1,0
31,29610.44,561,3,0,2,0
31,42254.36,707,1,0,0,0
36,26052.86,697,2,2,0,0
36,87686.88,661,1,1,1,0
62,106535.76,671,7,1,0,0
35,39923.22,692,3,0,1,0
44,35435.18,774,13,0,0,0
33,83058.23,654,8,0,1,0
32,90045.87,761,11,1,0,0
19,28079.48,677,0,1,1,0
21,45523.21,783,4,2,0,0
25,47597.28,661,8,1,0,1
42,33343.29,626,10,1,0,0
52,59455.94,592,4,1,0,0
18,34545.32,677,5,0,0,0
33,37416.6,616,6,0,0,0
23,46598.73,792,6,2,0,0
36,23282.77,610,18,1,1,0
52,17531.83,624,9,2,0,1
34,77585.53,726,8,0,0,0
39,33854.88,774,1,2,1,0
57,142547.71,738,1,1,0,0
45,131389.17,764,6,0,0,0
30,38053.97,673,13,1,0,0
41,157869.89,674,7,0,0,0
30,78337.94,840,7,2,1,0
45,35501.96,815,4,0,1,0
46,13481.59,737,0,0,0,0
23,69153.06,768,10,1,0,0
42,49793.91,748,6,0,0,0
38,60820.42,583,10,2,2,0
46,43720.92,676,8,1,0,1
49,27669.1,799,3,0,0,0
45,39596.13,737,9,0,1,0
36,69795.07,674,1,1,0,1
51,41060.93,800,9,1,0,0
29,40937.06,709,7,0,1,0
24,22932.41,740,15,2,1,0
18,51307.91,709,3,0,0,0
39,28114.31,723,1,0,0,0
30,77595.37,729,5,0,1,0
44,33960.37,783,11,1,0,0
18,42283.32,794,0,0,0,0
32,144638.35,643,12,2,0,0
45,42054.13,708,6,0,0,0
27,39328.81,781,2,3,0,1
44,65697.16,669,6,0,0,0
33,20077.78,575,4,2,1,0
39,91619.98,607,1,2,1,1
47,80577.12,612,0,0,0,1
51,63718.22,643,11,0,0,0
41,9058.43,620,5,1,1,1
30,43057.61,762,6,1,0,0
34,25940.66,657,12,0,1,0
47,85995.77,780,8,0,0,0
27,82973.83,589,0,1,1,0
37,59516.27,651,11,1,0,1
35,26861.37,688,15,0,0,0
38,103481.39,744,10,0,1,0
27,42996.3,771,3,0,0,0
18,120895.95,636,0,1,0,0
46,55976.85,759,3,0,0,0
51,63158.58,545,8,0,0,1
18,38942.75,749,15,1,1,0
44,99059.68,572,4,3,0,1
52,66450.79,715,4,1,0,0
47,100855.68,770,13,2,0,0
34,53571.4,750,5,2,1,0
28,47881.32,548,16,1,2,0
40,66010.23,644,7,0,2,1
42,100837.97,737,13,1,2,0
41,81500.72,735,9,0,2,0
37,52528.54,702,11,1,2,0
27,19368.26,503,7,0,0,0
45,73511.2,775,7,0,1,0
45,23876.44,790,10,1,0,0
42,49886.36,693,11,1,2,0
41,46263.88,698,10,0,0,0
60,24127.7,720,0,0,1,1
32,59056.6,796,9,0,0,0
55,143941.01,700,4,2,1,0
31,41927.5,664,5,0,1,0
53,71893.41,710,10,0,1,0
54,159188.6,679,16,1,2,0
36,75456.12,680,6,1,0,0
59,35510.31,538,17,1,1,1
45,55188.36,721,2,0,2,0
29,62341.97,773,14,1,1,0
35,100398.9,761,10,0,1,0
53,89951.43,756,9,1,0,0
51,12271.79,675,14,0,1,0
27,31949.05,691,4,1,0,0
38,47334.12,775,14,1,0,0
42,29506.22,749,6,2,0,0
33,7707.54,798,4,1,0,0
68,34104.71,626,1,1,0,1
42,48932.38,625,15,2,2,0
39,37697.82,653,13,1,1,0
54,29778.1,604,5,1,2,0
35,50047.72,574,10,0,1,1
52,58194.38,717,8,1,1,0
19,38781.61,712,6,3,0,1
34,97330.91,699,12,1,1,0
52,50456.01,708,4,1,0,0
58,31705.43,562,0,1,0,1
30,27937.67,641,9,1,0,0
29,44069.14,656,8,2,1,0
46,85537.51,683,5,0,1,0
32,32472.72,563,3,1,0,0
36,66034.97,605,0,0,2,1
50,51394.09,645,6,1,2,0
33,132802.25,764,3,0,1,0
18,59583.01,700,12,0,1,0
24,34575.03,761,10,1,1,0
40,70840.4,670,5,1,0,1
18,72042.46,680,10,0,0,1
36,40194.86,719,7,1,0,0
23,27391.89,665,6,0,2,0
59,64088.33,630,7,0,1,0
65,50602.57,560,16,1,0,1
27,22964.96,632,11,0,0,0
43,55673.55,746,6,0,0,0
28,35649.97,780,12,1,0,0
36,22975.85,618,12,0,1,1
61,41107.33,541,9,0,1,0
34,93102.78,754,6,1,1,0
36,89682.48,685,6,1,1,0
28,78698.24,572,2,2,2,0
53,56084.59,431,8,0,0,0
18,66032.25,602,4,2,1,1
34,51499.24,642,5,0,1,0
39,28211.21,587,11,0,2,0
32,31171.17,735,16,1,0,0
50,36185.35,614,9,0,0,0
54,98782.87,680,7,0,0,0
23,83980.96,850,7,0,2,0
65,28568.54,689,13,0,0,0
22,50347.06,670,9,1,0,0
55,40082.55,672,8,0,2,0
41,45362.89,733,9,1,2,0
33,37495.59,723,0,2,1,0
35,98997.1,599,9,0,0,0
39,48559.58,647,3,0,0,0
42,54615.79,626,9,0,0,0
28,54837.48,657,4,1,0,0
37,29322.63,826,10,0,0,0
30,51755.03,729,7,0,1,0
25,83379.55,673,2,0,0,0
30,102369.64,779,6,2,1,1
26,27614.4,695,19,0,0,0
34,22941.42,548,0,0,0,0
45,50567.65,813,8,1,0,0
41,85356.66,667,2,0,0,1
63,58676.71,499,14,1,0,1
18,68881.85,552,12,0,0,0
45,24831.68,770,8,2,0,0
40,36827.73,553,12,1,0,1
49,16349.36,787,9,1,0,0
48,45649.87,686,8,2,0,1
38,16612.16,737,5,0,1,1
42,95447.42,659,6,0,1,0
31,106660.99,721,5,0,0,0
47,52592.13,705,8,0,2,0
18,23010.67,676,0,0,0,0
49,59151.45,594,13,1,1,1
39,124189.79,708,17,0,0,0
34,62184.92,534,5,0,0,1
37,88653.61,754,13,0,0,0
38,38461.67,695,7,0,0,0
55,31710.24,717,4,0,1,0
78,47314.35,470,6,0,0,0
54,18706.89,589,8,0,2,1
33,152062.1,639,4,0,0,0
47,52566.01,733,11,0,0,0
48,75613.22,604,5,2,0,1
28,38919.31,850,2,1,2,0
24,22662.27,658,7,0,0,0
39,99998.2,598,4,1,0,1
49,27943.78,665,6,0,1,0
20,58361.95,603,7,1,0,1
31,61177.97,585,1,0,1,0
46,50867.3,760,15,1,0,0
40,33113.88,721,12,1,2,0
56,45487.09,721,4,1,1,0
23,30484.53,782,7,0,0,0
68,73466.8,718,11,0,1,0
21,65236.44,594,9,1,0,0
18,48499.02,736,17,0,2,0
39,36894.74,589,6,3,0,1
26,140597.85,641,13,0,0,0
39,25564.71,676,1,0,2,0
39,22644.98,668,2,0,0,0
37,47051.45,536,16,0,2,0
29,43086.99,602,5,0,1,0
45,84862.81,678,2,0,0,0
36,67714.68,631,7,1,0,0
53,49749.85,770,14,0,1,0
37,62954.59,783,4,1,1,0
28,62385.17,590,7,0,0,0
19,140333.69,684,0,1,0,0
37,55641.34,806,5,0,1,0
24,34872.77,669,12,2,0,0
23,54135.78,647,4,0,1,0
46,13235.53,748,1,1,0,0
18,48227.09,658,4,0,2,0
56,84667.85,781,4,1,1,0
41,66243.46,632,11,2,0,0
39,56912.94,642,9,0,2,0
27,67820.49,743,10,2,2,0
49,85103.91,688,8,1,2,0
39,99969.13,688,4,1,0,0
31,61311.82,527,4,1,0,1
42,41854.07,651,10,0,0,0
19,15417.2,749,15,2,2,0
20,79944.4,617,3,0,1,0
26,63424.23,736,2,1,0,0
44,52909.05,701,2,0,0,0
39,34751.37,664,12,0,2,0
52,79425.6,788,7,0,0,0
28,43104.46,652,10,1,1,1
46,48184.32,658,5,0,0,1
38,47667.53,663,11,1,0,0
28,61385.31,686,6,0,0,0
44,27603.12,741,0,0,0,0
39,64943.69,562,12,2,0,0
32,34185.46,749,7,1,0,1
40,34790.45,685,6,1,0,1
38,76314.64,724,9,0,2,0
38,29806.62,850,0,1,1,0
35,76246.07,639,10,0,0,0
24,51569.38,582,5,1,0,0
40,21501.15,695,7,1,0,0
30,96977.85,708,13,0,0,0
27,57246.79,749,11,1,1,0
37,59698.55,636,7,0,1,0
48,81114.84,613,7,0,1,0
42,103736.61,557,0,2,0,1
33,54204.19,570,3,2,0,0
33,66745.6,646,8,0,0,0
47,59017.72,670,4,0,0,0
18,41297.87,845,1,2,0,0
49,22209.64,544,10,0,0,1
18,54582.09,706,14,1,0,0
23,97681.64,621,4,0,0,0
33,65622.01,697,12,1,2,0
66,28746.99,635,11,1,0,1
60,84860.22,762,3,1,1,0
48,41993.29,762,4,1,2,0
44,17222.76,670,17,0,2,0
18,81548.39,795,2,0,1,0
41,30555.8,740,4,0,1,0
33,119415.49,791,17,0,0,0
30,87019.43,676,5,0,0,0
41,43743.59,756,14,1,0,0
34,61677.84,618,2,1,1,0
50,164712.91,610,8,1,0,0
18,80821.92,850,13,0,0,0
40,55221.08,593,5,0,0,0
29,207851.05,645,8,0,0,0
35,51989.16,528,11,0,2,1
43,65572.22,612,3,1,1,1
26,30696.18,600,19,2,0,1
41,21218.75,626,13,1,2,1
37,42450.71,703,6,1,1,0
32,49971.3,723,6,1,1,0
34,57793.51,599,17,1,1,0
38,24103.55,616,6,1,1,0
30,68209.37,766,5,1,2,0
40,32364.17,816,13,0,0,1
36,66460.77,780,0,0,1,0
32,78234.28,548,7,0,0,0
59,40225.06,775,8,0,2,0
44,30275.39,828,4,0,1,0
35,106066.83,544,0,1,0,0
41,75845.68,766,8,0,1,0
27,52890.98,698,11,2,0,0
34,102151.66,653,4,0,1,0
36,51104.65,688,2,1,1,0
25,35945.04,715,14,2,0,1
44,29707.33,772,10,0,1,0
33,46448.55,768,6,1,1,0
35,72103.67,559,12,0,2,0
33,98211.6,628,9,0,2,0
75,49600.45,687,16,1,0,0
32,89909.82,805,11,1,0,0
18,44040.51,461,1,0,0,0
20,33163.36,631,4,1,0,0
49,25510.45,557,4,1,0,1
56,38058.51,570,9,0,0,0
31,25995.31,758,6,0,2,0
55,133887.59,637,2,2,1,0
48,61062.19,493,10,2,1,1
37,46732.38,667,13,2,0,0
36,115960.03,842,7,0,0,0
42,25562.11,535,9,1,0,1
50,45772.03,722,3,1,0,0
44,133230.62,805,5,0,1,0
31,45614.45,676,5,0,2,0
37,166609.31,834,10,0,1,0
63,72605.97,627,9,1,2,0
43,94179.98,795,6,1,0,0
50,95554.06,776,6,0,0,0
46,49060.09,677,0,0,0,0
43,38403.13,561,16,0,0,0
41,46271.42,599,0,2,0,0
50,29927.52,492,10,1,1,1
48,47430.4,727,8,1,0,0
43,48912.93,717,6,3,2,0
31,114075.69,686,7,1,0,0
44,65949.06,670,4,0,1,0
39,159740.96,788,11,0,1,0
36,16651.04,703,1,2,1,0
72,26674.9,635,9,0,0,0
21,41041.02,691,4,0,0,0
51,103388.32,843,5,0,0,0
29,46407.27,729,6,0,0,0
41,23531.3,648,7,0,0,0
70,43366.29,676,10,0,0,0
28,26935.51,717,7,1,1,0
31,24420.72,646,12,0,2,1
39,133174.28,639,13,1,0,0
29,41117.77,679,9,0,0,0
50,53453.98,801,11,1,0,0
33,46794.54,743,18,2,0,0
47,43228.37,647,0,0,0,0
24,32198.32,749,13,0,1,0
18,41968.84,680,15,0,0,0
37,58024.33,707,10,0,0,0
21,99639.87,700,17,1,2,0
58,78725.14,511,16,0,1,0
21,26647.92,436,6,0,0,1
27,80359.55,698,6,1,0,0
44,62175.67,611,10,1,2,1
32,35869.39,548,4,0,2,1
21,53693.57,614,21,2,1,1
64,65260.59,753,11,3,0,0
27,50187.76,708,8,0,1,0
37,62325.23,741,0,2,0,1
37,31841.46,716,9,0,0,0
48,132775.63,606,2,1,0,1
45,18682.78,742,11,0,0,0
30,65442.4,726,0,0,0,0
36,58887.36,670,14,0,1,0
37,67607.33,684,5,1,1,0
48,34400.1,743,0,1,2,0
25,87956.58,620,7,2,2,1
64,46444.33,767,8,1,1,0
30,27089.26,725,7,0,0,0
39,28356.02,680,14,0,0,0
26,52174.68,802,9,2,0,0
24,22064.81,576,11,0,1,0
29,120602.22,643,6,1,0,0
28,82822.96,625,10,1,1,0
35,122200.96,708,1,0,0,0
28,115926.51,774,9,0,1,0
48,41111.65,601,4,0,1,0
30,31740.07,850,14,0,0,0
29,12850.19,626,8,1,2,0
35,40009.93,708,11,1,0,0
51,118518.75,680,9,0,0,0
42,32405.22,683,17,1,1,0
38,44136.37,616,0,1,0,0
22,37149.84,765,7,1,1,0
26,59130.23,611,3,0,1,0
24,93250.28,538,0,1,0,1
55,22706.23,590,2,1,1,0
46,24987.03,795,13,0,2,1
29,103085.09,780,7,0,0,0
33,70723.52,519,6,0,0,0
30,43058.28,745,11,1,2,0
29,115098.25,521,8,1,2,1
45,24772.4,677,11,1,2,1
36,78089.18,583,9,0,0,0
64,47376.47,751,10,0,1,1
55,66388.02,724,5,0,0,0
55,14859.93,758,13,0,1,0
48,43029.81,656,1,1,0,0
34,70855.53,664,7,0,0,0
47,47492.87,560,13,1,2,1
35,91825.83,597,7,0,0,1
59,90300.88,755,5,1,0,0
44,30355.05,709,19,1,1,0
43,74013.02,688,15,0,1,0
41,29841.9,780,8,1,0,0
60,50362.78,575,3,1,1,0
22,68054.5,737,0,0,2,0
62,32285.02,585,11,0,1,0
37,72653.95,798,14,0,0,0
23,38075.34,723,9,0,1,0
30,36667.69,757,0,0,0,0
20,69795.55,623,8,1,0,0
47,32273.88,850,5,0,0,0
27,31463.46,839,8,0,0,0
42,82502.02,714,17,1,0,0
53,51755.12,774,11,2,0,0
31,23693.13,655,10,0,0,0
36,75193.55,578,7,1,2,0
24,40002.59,743,10,2,0,1
35,24306.36,606,4,0,2,0
70,13993.42,784,10,0,0,0
49,77011.28,763,7,1,0,0
36,31889.78,698,3,0,2,0
32,26319.82,694,12,0,0,0
39,67487.75,759,0,1,1,0
41,73342.52,701,5,2,1,0
34,33072.21,647,11,0,1,0
46,77367.36,558,14,1,0,1
28,136960.31,756,10,2,1,1
28,96117.98,709,4,0,0,0
44,88923.22,850,7,1,0,0
25,57357.83,672,9,0,0,0
48,39267.05,704,15,0,1,0
39,47669.97,706,12,0,1,0
18,61106.33,732,12,0,0,0
41,26140.58,602,8,0,1,0
19,33366.55,673,2,0,1,0
48,24007.58,746,0,0,0,0
37,55137.94,653,6,1,2,0
62,51099.35,743,11,2,0,0
52,35370.93,687,5,0,0,0
27,73883.85,712,10,1,0,0
18,29076.91,772,4,0,2,0
30,34720.4,661,4,0,1,0
25,72421.84,563,15,0,0,0
61,77995.62,658,11,0,0,0
39,32929.92,613,6,1,0,0
51,55051.33,509,3,0,2,0
36,33209.67,671,12,0,0,0
37,44414.9,695,12,1,0,0
39,52676.18,761,11,1,0,0
53,64872.76,588,7,1,1,0
43,57456.28,687,2,0,0,0
27,56194.89,770,7,1,2,0
59,28588.24,634,15,0,2,0
36,59524.21,722,3,2,1,0
34,64571.78,807,8,1,1,0
18,69180.01,531,16,0,0,0
47,34208.86,701,6,0,0,0
41,77481.37,773,7,1,0,0
41,25371.52,651,1,1,1,0
35,39521.14,790,11,0,0,0
33,42712.23,730,4,0,1,0
35,26076.65,821,0,0,1,0
45,42389.01,726,3,1,2,0
47,54761.38,828,9,2,1,0
37,19675.19,704,0,0,1,0
51,40241.57,570,1,1,0,1
39,20451.26,629,10,0,2,0
33,136048.86,761,7,0,0,0
42,54515.79,759,3,3,0,0
23,52204.01,655,6,1,1,1
42,55052.18,824,16,2,2,0
21,66320.9,651,14,1,0,1
27,79943.66,716,7,1,2,0
18,22431.53,714,12,0,0,0
37,94380.41,573,8,1,1,0
59,91391.95,671,0,0,1,0
38,47421.3,850,0,0,1,0
47,46195.41,606,3,2,2,1
68,10390.21,730,0,0,0,0
44,26317.9,587,9,0,1,1
30,63539.98,605,5,0,1,0
32,89349.3,566,10,0,1,0
40,70574.1,755,10,1,2,0
32,47199.68,610,11,0,0,0
33,128403.94,781,3,0,0,0
51,81031.06,637,10,1,1,0
52,40258.92,690,3,1,0,0
20,145955.25,712,11,0,0,0
30,28336.79,550,14,1,1,1
34,23484.12,696,11,0,0,0
47,39713.53,707,7,0,2,0
53,33546.23,771,10,2,0,0
72,40844.78,603,0,0,0,1
34,73060.66,614,0,1,1,1
35,48194.98,732,10,0,0,0
47,48817.87,792,14,0,1,0
31,50483.78,632,1,0,0,0
38,15426.43,581,8,0,1,0
35,22979.77,654,10,3,0,1
18,40430.69,598,4,0,1,0
41,32161.83,711,6,0,0,0
37,43656.45,593,11,1,2,1
55,98919.75,757,8,0,0,0
40,47229.56,697,8,1,0,1
24,25309.01,760,3,1,0,0
36,32973.19,486,7,1,0,0
18,115299.45,539,6,0,0,1
25,105476.87,783,6,0,0,0
47,66034.9,622,5,0,1,0
37,22443.55,562,7,0,1,0
51,57148.16,663,3,0,0,0
18,59388.06,699,8,0,0,0
37,49650.82,667,6,0,0,0
34,36864.14,717,3,0,0,1
51,40891.79,706,0,1,0,1
48,35601.48,702,12,2,0,1
47,27652.27,787,11,0,0,0
58,97051.2,678,3,1,1,0
35,76203.06,676,11,0,0,0
56,42511.73,744,2,0,1,0
27,58459.48,724,6,0,1,0
27,59566.61,607,5,1,1,0
49,158172.55,672,6,0,0,0
21,75832.66,715,11,1,0,1
46,74412.92,633,5,0,2,0
41,49960.63,636,6,2,1,1
52,39449.95,568,11,1,0,0
39,97866.06,449,8,0,1,0
40,67923.41,650,5,1,1,0
46,32377.82,690,9,0,2,0
32,61508.66,592,12,2,1,1
31,74510.33,790,13,0,1,0
45,17190.02,596,1,0,0,0
39,30909.12,753,1,1,1,0
35,58769.74,713,12,0,0,0
39,18727.89,850,6,1,1,0
59,20270.75,723,0,2,1,1
34,42820.37,564,4,2,1,1
34,62678.4,764,5,1,1,0
19,64144.39,815,6,3,0,0
39,108141.93,538,11,1,0,0
47,51079.16,731,3,0,1,0
50,40687.39,748,12,0,1,1
41,25497.11,662,9,0,2,0
51,40444.51,486,1,1,1,0
48,69826.21,656,6,0,0,0
53,71421.99,633,10,0,1,0
51,55955.36,802,8,1,1,0
58,64444.36,672,9,1,1,0
37,92799.06,647,5,0,1,0
24,50900.9,633,10,0,1,1
47,97115.81,706,6,1,2,0
49,34087.18,684,20,0,0,0
58,47256.92,616,1,0,1,0
55,38545.07,701,21,0,0,1
63,72864.19,635,3,0,1,0
47,29518.07,472,14,0,0,1
42,41735.91,733,12,0,1,0
23,19344.47,725,3,1,1,0
43,65985.35,695,10,1,0,0
33,91436.05,644,5,2,0,0
42,77292.64,674,9,0,1,0
40,73593.63,745,8,0,0,0
45,74585.41,629,6,0,0,0
38,69553.18,748,5,0,1,0
51,66649.17,562,9,0,1,0
18,68834.25,693,3,0,0,0
42,35318.39,682,3,1,1,0
54,44351.57,760,12,0,1,0
62,50773.08,606,10,0,0,0
48,41446.03,615,1,0,0,1
60,22400.65,568,2,0,1,0
42,26436.36,634,0,1,0,1
40,54994.48,700,12,0,2,1
46,77102.27,536,11,0,0,0
39,49250.31,644,2,1,1,0
30,195323.21,728,11,0,1,1
33,30949.71,671,17,0,1,0
26,61234.81,686,0,1,1,0
46,93489.21,559,4,0,1,0
40,83519.76,671,0,1,2,1
35,68018.39,682,12,0,1,0
33,83711.11,666,7,2,2,0
46,50397.52,692,6,1,0,0
49,112582.42,655,9,1,1,0
26,93113.97,643,5,1,1,0
24,32012.64,596,5,0,2,0
51,57571.56,757,9,1,0,1
23,22614.62,581,4,1,1,1
46,104913.82,692,5,1,1,1
59,54836.74,825,7,0,1,0
59,96219.41,768,8,1,1,0
48,46412.37,720,11,0,2,0
48,19377.47,699,10,1,0,1
67,183264.14,669,0,2,1,0
18,52341.47,607,15,0,2,0
34,29729.52,659,8,0,1,0
50,86931.97,725,6,1,0,0
35,135662.93,711,3,0,0,1
54,44301.81,743,17,1,1,0
39,46647.7,777,19,0,2,0
41,55216.83,667,17,2,0,0
36,28127.83,695,8,0,0,0
33,34705.94,528,9,0,0,0
33,119487.01,850,15,0,0,0
43,45885.15,646,6,1,0,1
30,32248.33,732,10,1,1,0
51,39103.96,646,9,0,0,0
47,83818.74,644,17,0,0,0
53,18252.39,661,15,0,2,0
26,55677.14,580,7,0,2,0
19,167897.57,481,15,0,1,1
39,135338.09,772,7,0,0,0
74,65290.47,723,5,0,0,0
55,94676.52,606,6,1,2,0
33,94222.39,716,8,0,2,0
45,46031.17,745,4,0,0,0
48,77838.92,624,5,0,2,0
23,119885.39,712,0,1,0,1
56,26059.01,760,3,1,1,0
37,65403.13,564,9,0,2,0
38,58731.87,722,13,1,0,1
40,51615.76,709,12,0,0,0
53,49380.78,830,10,1,1,0
30,55041.07,724,0,0,0,0
19,57399.23,647,3,1,2,1
43,85759.97,656,7,1,0,0
18,62209.15,841,12,0,1,0
36,44849.23,651,5,0,0,1
54,32210.23,726,1,1,2,1
46,38707.12,660,15,1,1,0
52,55858.84,766,4,0,0,0
47,34439.68,770,2,1,0,0
68,78663.81,678,9,1,0,0
32,60780.7,647,7,0,1,0
44,86834.88,645,5,1,1,0
34,35617.43,541,8,1,1,1
51,32353.13,688,3,3,1,0
39,86511.15,686,5,0,1,0
60,52311.79,614,7,0,2,0
33,44300.07,533,0,2,0,1
56,69517.25,696,12,0,1,1
47,68235.8,706,1,1,0,0
39,26163.44,711,3,2,0,0
46,97960.79,600,13,0,0,0
43,39926.54,711,10,1,2,0
44,114692.4,665,8,1,1,0
37,25165.41,749,0,0,2,0
31,57451.68,602,4,0,0,0
35,44675.9,772,6,0,0,0
19,18258.44,800,7,2,0,0
50,68125.3,689,13,0,0,0
25,18732.8,712,17,1,2,0
37,42368.76,742,11,0,0,0
47,85147.28,597,5,1,2,0
50,37608.37,641,14,0,0,1
18,31198.74,694,5,0,0,0
38,73143.48,842,0,0,0,0
45,43271.13,584,1,0,0,0
40,40033.43,811,0,0,1,0
56,92734.54,664,6,0,2,1
30,27346.96,677,7,1,2,0
18,38956.32,777,0,1,0,0
49,75600.9,841,3,0,1,0
33,26476.86,713,0,0,0,0
18,119094.62,773,7,1,0,1
38,43983.78,606,3,0,1,0
54,75906.96,637,13,1,0,1
24,75827.6,571,8,1,0,1
68,45426.73,638,16,1,2,1
29,38580.18,725,5,0,1,0
41,47978.95,696,18,0,1,0
25,70006.41,818,8,1,1,0
40,29935.12,844,5,0,0,0
38,26859.39,669,20,0,0,0
22,102960.57,625,0,0,0,1
73,33947.57,772,5,0,2,0
34,58515.21,781,0,0,1,0
34,44307.0,715,0,1,1,0
51,45300.22,736,0,2,1,0
61,100227.2,723,11,1,2,0
53,46977.09,600,1,0,0,0
25,41010.64,582,6,0,2,1
42,42836.34,675,12,0,0,0
18,38111.48,663,10,0,0,0
50,35064.86,702,10,0,2,1
20,38188.0,669,14,0,0,0
30,112600.91,543,16,2,1,1
39,69964.58,511,1,0,0,0
45,41249.81,738,10,3,0,0
36,80083.72,626,6,0,2,1
58,22167.96,661,7,1,0,0
48,97522.58,635,0,1,0,0
47,93674.18,606,5,0,0,0
25,149966.47,604,5,2,2,0
60,81289.79,761,15,0,2,0
30,60999.28,660,2,0,0,0
60,93486.3,730,0,0,1,0
64,35849.87,741,7,1,1,0
46,40226.92,705,1,0,2,0
52,47471.16,744,7,0,1,0
18,97191.72,681,11,0,1,0
37,31954.26,789,7,0,0,0
53,30302.0,745,5,2,0,0
51,55175.21,756,7,0,1,0
25,70176.25,604,12,1,0,1
36,34491.21,701,2,1,0,0
18,68542.48,533,11,0,2,0
44,97168.29,792,2,0,1,0
18,89342.35,630,11,0,0,1
53,58492.07,641,0,0,0,0
54,46849.76,570,10,0,0,0
34,116752.53,677,7,0,0,0
46,49399.82,658,8,1,0,0
37,78446.91,825,12,0,0,0
42,130501.6,748,3,0,2,0
26,74431.46,638,7,0,1,0
47,29775.89,546,9,0,0,1
20,26383.36,497,6,0,0,0
18,42242.63,597,11,1,0,1
38,69895.01,573,9,0,1,0
37,61230.02,707,5,0,1,0
43,147789.03,668,14,0,1,0
32,60932.88,681,10,2,1,0
62,41617.64,604,3,0,0,0
41,27814.95,692,3,1,0,0
42,88452.3,566,6,1,0,1
42,48872.46,672,10,0,0,0
52,23084.81,746,0,1,0,0
46,49569.47,650,3,0,0,0
45,29796.04,715,5,1,1,0
48,39623.64,521,0,0,0,0
18,49172.8,515,2,0,0,1
18,31176.22,706,8,0,0,0
39,38414.41,763,5,1,0,0
37,33790.67,660,5,1,0,0
46,34247.04,850,1,1,0,0
40,29613.62,564,6,0,2,1
46,38507.86,625,0,0,0,0
25,31340.01,691,15,0,1,0
39,65728.77,717,16,0,1,0
23,54198.04,633,5,1,2,0
44,89086.01,595,2,0,0,0
18,125913.66,729,12,2,0,0
44,68779.6,690,10,0,0,0
22,61377.19,652,17,1,1,0
35,70981.08,719,18,0,0,0
50,61901.17,669,0,1,0,1
42,50266.78,668,13,0,2,0
20,48307.26,665,6,0,0,0
31,29412.21,614,10,2,0,1
21,74567.48,606,11,0,2,0
19,48259.72,637,11,0,1,0
41,101190.43,682,13,1,2,0
46,77463.95,530,5,2,0,1
45,35847.32,755,3,0,0,0
47,91431.52,681,13,0,0,0
39,13624.56,594,3,0,1,0
36,128683.72,809,17,1,2,0
27,25103.87,683,4,1,2,0
34,62790.31,573,6,0,1,0
24,60700.55,805,7,0,1,0
29,85979.01,788,0,2,0,1
41,41591.52,607,0,1,0,1
38,16768.22,654,12,0,0,0
76,41620.83,643,0,0,1,0
23,43932.9,528,20,0,2,0
38,17595.6,705,7,1,1,1
22,50145.59,747,2,2,0,1
35,28626.1,732,10,1,0,1
35,67815.26,682,0,0,0,0
50,43345.59,755,6,0,0,0
34,130685.3,589,6,0,2,0
37,43127.26,825,1,0,1,0
34,60790.92,618,4,1,0,0
23,44066.9,627,15,0,0,0
32,21771.69,633,8,0,0,1
35,44251.45,628,9,0,0,0
40,71446.68,664,4,2,0,0
46,66237.03,661,1,0,0,0
37,42334.86,690,6,5,0,1
36,23661.91,614,0,0,0,1
19,67658.57,693,2,0,0,0
46,60460.36,592,1,1,0,0
31,74735.12,738,0,1,0,0
48,42742.28,737,11,1,1,0
55,21116.55,679,7,1,1,0
37,64015.47,628,4,1,0,0
27,48797.22,704,11,3,2,0
39,98306.15,608,0,1,1,0
44,49730.14,682,1,0,1,0
36,47918.96,667,13,0,0,0
33,60392.92,850,19,2,2,0
46,36371.27,581,11,0,1,1
45,35505.12,466,10,0,1,0
35,46679.13,628,5,0,1,0
20,30939.74,542,5,0,2,0
45,43715.25,621,9,1,1,1
30,129285.79,576,14,1,1,0
42,82563.0,607,10,0,0,0
41,57183.4,594,12,0,1,0
18,106493.44,757,3,0,1,0
40,32453.12,676,11,1,0,0
46,170283.49,766,4,1,0,1
47,38938.89,683,8,0,1,1
41,133506.17,754,11,0,0,0
18,133212.59,655,5,1,1,1
55,20401.94,807,2,1,0,0
44,102083.47,717,9,1,1,0
25,42533.42,617,7,0,2,0
30,36901.81,729,8,0,2,0
42,63724.16,682,11,0,1,0
48,29615.18,663,14,0,0,0
34,63006.84,687,11,0,0,0
49,30625.94,740,10,1,0,0
18,53559.03,510,5,1,0,0
27,95576.41,651,6,0,0,1
18,59471.89,734,10,1,0,1
29,40949.88,699,6,0,0,0
58,64260.83,589,10,1,0,1
64,24264.26,490,3,0,1,1
42,32227.31,816,17,0,2,0
32,39531.97,665,8,0,0,0
37,72651.2,801,8,1,0,0
45,60047.99,743,5,0,0,0
21,64060.5,616,17,1,0,1
33,48354.22,479,1,0,1,1
57,33055.73,643,4,1,1,0
27,103162.27,677,12,0,1,0
31,34582.51,716,9,1,1,0
40,60446.83,591,5,0,0,0
43,46348.66,694,5,0,2,0
32,64958.03,694,6,0,2,0
40,36216.01,758,8,2,1,0
47,82978.65,655,15,1,2,0
63,97649.42,715,11,0,2,0
38,80471.76,703,13,0,0,0
39,53040.59,750,5,1,1,0
58,39436.12,614,10,2,1,0
33,200999.14,434,0,1,0,1
24,29857.39,661,8,1,0,0
43,76161.76,661,8,0,1,0
52,57895.36,587,17,1,0,0
44,47511.7,559,15,1,1,0
38,53775.94,634,6,1,0,1
22,37982.94,670,3,0,0,0
39,60689.61,687,4,1,0,0
54,57435.18,497,6,3,2,1
25,186993.03,539,14,2,2,1
37,83734.9,770,10,2,2,0
35,63445.81,664,10,0,1,0
31,65367.43,679,12,2,1,0
42,122978.99,573,3,0,0,0
45,30175.53,679,4,1,1,0
45,44740.46,649,10,0,0,0
28,18890.81,630,4,0,0,1
20,64821.13,563,0,0,1,1
43,74913.31,610,2,1,0,0
33,29798.1,837,13,1,2,0
62,100462.52,652,6,2,2,0
62,34219.81,743,9,0,0,0
63,41306.12,664,2,2,0,1
28,52040.78,655,9,1,1,0
46,108781.68,629,6,0,1,0
50,31917.22,787,10,0,1,0
49,56705.33,709,5,1,1,0
35,72216.14,616,10,1,1,0
55,65136.16,648,5,0,2,0
40,66350.1,766,7,0,0,0
41,71736.15,452,6,1,2,1
21,37147.01,704,8,1,1,1
47,113992.72,723,9,1,1,0
36,46370.8,620,5,0,0,0
45,43393.98,692,7,0,2,0
42,96164.23,720,8,0,0,0
42,35764.7,581,10,1,1,0
39,57534.45,747,7,1,0,0
49,34152.21,703,3,1,1,0
37,172752.97,667,8,3,0,0
22,155488.53,688,11,0,0,0
46,46391.87,736,1,2,0,0
30,63572.01,850,1,0,0,0
24,49148.42,728,4,0,0,0
27,41179.68,744,7,1,0,0
43,52042.49,695,0,0,0,0
38,48035.68,832,10,0,1,0
18,22917.73,562,7,0,1,1
35,55910.73,541,0,0,0,0
54,47995.07,692,2,0,1,1
34,57302.54,732,6,2,1,0
38,47157.16,474,0,2,1,1
52,40938.67,679,12,0,2,0
49,75921.49,665,8,1,2,1
52,63995.45,739,11,1,1,0
18,98520.87,714,2,0,1,0
60,62778.31,535,10,1,0,1
47,44408.97,593,4,1,0,0
69,66728.29,615,7,0,1,0
30,18209.4,739,9,0,1,1
18,140342.33,709,7,1,1,0
40,56229.12,630,12,2,1,0
36,146126.5,691,8,1,1,1
47,31739.82,595,5,3,0,1
52,28034.11,843,12,0,2,0
38,58859.98,725,13,1,2,0
37,58762.98,742,8,0,0,0
46,58053.62,790,14,1,1,0
36,53793.78,761,6,0,2,0
35,35808.53,682,7,1,1,0
52,23325.96,665,8,1,1,1
55,56476.24,783,7,0,2,0
53,25814.82,682,6,1,1,0
37,24624.49,620,4,0,1,0
18,40525.4,837,3,4,0,0
38,60799.05,605,8,1,1,1
30,132439.29,541,13,0,2,0
38,79987.82,759,12,0,0,0
31,100369.01,621,9,0,1,0
39,67970.62,714,14,0,1,0
27,58890.02,825,8,2,0,0
24,171595.49,570,3,0,1,0
54,25300.32,676,6,0,2,0
28,39870.22,798,7,1,0,0
40,41456.92,734,5,1,1,0
51,76632.65,665,11,1,0,0
50,30049.81,850,12,1,0,0
49,71805.39,672,0,1,0,0
43,65501.28,711,7,0,1,0
48,73620.13,811,0,1,2,0
56,72955.98,758,7,1,1,0
45,105784.56,785,7,0,0,0
18,47829.37,608,16,0,0,0
33,63900.28,778,15,1,0,0
48,33918.82,693,12,0,0,1
32,30260.62,620,3,0,1,0
59,118469.92,697,2,0,2,0
39,32661.12,695,2,0,2,0
41,67552.21,829,15,2,0,0
53,63928.55,710,3,0,0,0
37,88211.31,617,6,2,1,0
